tamanho,seed,destino,alcance,tanque,algoritmo,custo_rota,centros_na_rota,estrategia,chegou,paradas,energia_desperdicada,energia_gasta
8,0,7-0,longo,13,dijkstra,17,2,guloso,1,1,2,17
8,0,7-0,longo,13,dijkstra,17,2,todo_centro,1,2,10,17
8,0,7-0,longo,13,dijkstra,17,2,limiar_10,0,0,0,13
8,0,7-0,longo,13,dijkstra,17,2,limiar_25,1,1,2,17
8,0,7-0,longo,13,dijkstra,17,2,limiar_50,1,1,2,17
8,0,7-0,longo,13,dijkstra,17,2,otimo,1,1,2,17
8,0,7-5,longo,15,dijkstra,20,1,guloso,1,1,4,20
8,0,7-5,longo,15,dijkstra,20,1,todo_centro,1,1,4,20
8,0,7-5,longo,15,dijkstra,20,1,limiar_10,0,0,0,14
8,0,7-5,longo,15,dijkstra,20,1,limiar_25,0,0,0,14
8,0,7-5,longo,15,dijkstra,20,1,limiar_50,1,1,4,20
8,0,7-5,longo,15,dijkstra,20,1,otimo,1,1,4,20
8,0,7-6,medio,12,dijkstra,23,1,guloso,1,1,1,23
8,0,7-6,medio,12,dijkstra,23,1,todo_centro,1,1,1,23
8,0,7-6,medio,12,dijkstra,23,1,limiar_10,1,1,1,23
8,0,7-6,medio,12,dijkstra,23,1,limiar_25,1,1,1,23
8,0,7-6,medio,12,dijkstra,23,1,limiar_50,1,1,1,23
8,0,7-6,medio,12,dijkstra,23,1,otimo,1,1,1,23
8,0,7-6,longo,17,dijkstra,23,1,guloso,1,1,6,23
8,0,7-6,longo,17,dijkstra,23,1,todo_centro,1,1,6,23
8,0,7-6,longo,17,dijkstra,23,1,limiar_10,0,0,0,17
8,0,7-6,longo,17,dijkstra,23,1,limiar_25,0,0,0,17
8,0,7-6,longo,17,dijkstra,23,1,limiar_50,1,1,6,23
8,0,7-6,longo,17,dijkstra,23,1,otimo,1,1,6,23
8,1,2-7,longo,34,dfs,45,2,guloso,1,1,6,45
8,1,2-7,longo,34,dfs,45,2,todo_centro,1,2,40,45
8,1,2-7,longo,34,dfs,45,2,limiar_10,0,0,0,28
8,1,2-7,longo,34,dfs,45,2,limiar_25,1,1,6,45
8,1,2-7,longo,34,dfs,45,2,limiar_50,1,1,6,45
8,1,2-7,longo,34,dfs,45,2,otimo,1,1,6,45
8,1,2-7,longo,34,bfs,45,2,guloso,1,1,6,45
8,1,2-7,longo,34,bfs,45,2,todo_centro,1,2,40,45
8,1,2-7,longo,34,bfs,45,2,limiar_10,0,0,0,28
8,1,2-7,longo,34,bfs,45,2,limiar_25,1,1,6,45
8,1,2-7,longo,34,bfs,45,2,limiar_50,1,1,6,45
8,1,2-7,longo,34,bfs,45,2,otimo,1,1,6,45
8,1,2-7,longo,34,dijkstra,45,2,guloso,1,1,6,45
8,1,2-7,longo,34,dijkstra,45,2,todo_centro,1,2,40,45
8,1,2-7,longo,34,dijkstra,45,2,limiar_10,0,0,0,28
8,1,2-7,longo,34,dijkstra,45,2,limiar_25,1,1,6,45
8,1,2-7,longo,34,dijkstra,45,2,limiar_50,1,1,6,45
8,1,2-7,longo,34,dijkstra,45,2,otimo,1,1,6,45
8,1,1-7,longo,34,dfs,46,2,guloso,1,1,6,46
8,1,1-7,longo,34,dfs,46,2,todo_centro,1,2,40,46
8,1,1-7,longo,34,dfs,46,2,limiar_10,0,0,0,28
8,1,1-7,longo,34,dfs,46,2,limiar_25,1,1,6,46
8,1,1-7,longo,34,dfs,46,2,limiar_50,1,1,6,46
8,1,1-7,longo,34,dfs,46,2,otimo,1,1,6,46
8,1,1-7,longo,34,bfs,46,2,guloso,1,1,6,46
8,1,1-7,longo,34,bfs,46,2,todo_centro,1,2,40,46
8,1,1-7,longo,34,bfs,46,2,limiar_10,0,0,0,28
8,1,1-7,longo,34,bfs,46,2,limiar_25,1,1,6,46
8,1,1-7,longo,34,bfs,46,2,limiar_50,1,1,6,46
8,1,1-7,longo,34,bfs,46,2,otimo,1,1,6,46
8,1,1-7,longo,34,dijkstra,46,2,guloso,1,1,6,46
8,1,1-7,longo,34,dijkstra,46,2,todo_centro,1,2,40,46
8,1,1-7,longo,34,dijkstra,46,2,limiar_10,0,0,0,28
8,1,1-7,longo,34,dijkstra,46,2,limiar_25,1,1,6,46
8,1,1-7,longo,34,dijkstra,46,2,limiar_50,1,1,6,46
8,1,1-7,longo,34,dijkstra,46,2,otimo,1,1,6,46
8,1,7-7,medio,36,dfs,72,3,guloso,1,2,26,72
8,1,7-7,medio,36,dfs,72,3,todo_centro,1,3,62,72
8,1,7-7,medio,36,dfs,72,3,limiar_10,0,0,0,28
8,1,7-7,medio,36,dfs,72,3,limiar_25,0,1,8,57
8,1,7-7,medio,36,dfs,72,3,limiar_50,1,2,26,72
8,1,7-7,medio,36,dfs,72,3,otimo,1,2,26,72
8,1,7-7,medio,36,bfs,72,3,guloso,1,2,26,72
8,1,7-7,medio,36,bfs,72,3,todo_centro,1,3,62,72
8,1,7-7,medio,36,bfs,72,3,limiar_10,0,0,0,28
8,1,7-7,medio,36,bfs,72,3,limiar_25,0,1,8,57
8,1,7-7,medio,36,bfs,72,3,limiar_50,1,2,26,72
8,1,7-7,medio,36,bfs,72,3,otimo,1,2,26,72
8,1,7-7,medio,36,dijkstra,72,3,guloso,1,2,26,72
8,1,7-7,medio,36,dijkstra,72,3,todo_centro,1,3,62,72
8,1,7-7,medio,36,dijkstra,72,3,limiar_10,0,0,0,28
8,1,7-7,medio,36,dijkstra,72,3,limiar_25,0,1,8,57
8,1,7-7,medio,36,dijkstra,72,3,limiar_50,1,2,26,72
8,1,7-7,medio,36,dijkstra,72,3,otimo,1,2,26,72
8,1,7-7,longo,54,dfs,72,3,guloso,1,1,8,72
8,1,7-7,longo,54,dfs,72,3,todo_centro,1,3,116,72
8,1,7-7,longo,54,dfs,72,3,limiar_10,0,0,0,46
8,1,7-7,longo,54,dfs,72,3,limiar_25,1,1,8,72
8,1,7-7,longo,54,dfs,72,3,limiar_50,1,1,26,72
8,1,7-7,longo,54,dfs,72,3,otimo,1,1,26,72
8,1,7-7,longo,54,bfs,72,3,guloso,1,1,8,72
8,1,7-7,longo,54,bfs,72,3,todo_centro,1,3,116,72
8,1,7-7,longo,54,bfs,72,3,limiar_10,0,0,0,46
8,1,7-7,longo,54,bfs,72,3,limiar_25,1,1,8,72
8,1,7-7,longo,54,bfs,72,3,limiar_50,1,1,26,72
8,1,7-7,longo,54,bfs,72,3,otimo,1,1,26,72
8,1,7-7,longo,54,dijkstra,72,3,guloso,1,1,8,72
8,1,7-7,longo,54,dijkstra,72,3,todo_centro,1,3,116,72
8,1,7-7,longo,54,dijkstra,72,3,limiar_10,0,0,0,46
8,1,7-7,longo,54,dijkstra,72,3,limiar_25,1,1,8,72
8,1,7-7,longo,54,dijkstra,72,3,limiar_50,1,1,26,72
8,1,7-7,longo,54,dijkstra,72,3,otimo,1,1,26,72
8,2,2-5,longo,26,dijkstra,35,1,guloso,1,1,4,35
8,2,2-5,longo,26,dijkstra,35,1,todo_centro,1,1,4,35
8,2,2-5,longo,26,dijkstra,35,1,limiar_10,0,0,0,23
8,2,2-5,longo,26,dijkstra,35,1,limiar_25,1,1,4,35
8,2,2-5,longo,26,dijkstra,35,1,limiar_50,1,1,4,35
8,2,2-5,longo,26,dijkstra,35,1,otimo,1,1,4,35
8,2,0-2,longo,24,dijkstra,32,1,guloso,1,1,2,32
8,2,0-2,longo,24,dijkstra,32,1,todo_centro,1,1,2,32
8,2,0-2,longo,24,dijkstra,32,1,limiar_10,1,1,2,32
8,2,0-2,longo,24,dijkstra,32,1,limiar_25,1,1,2,32
8,2,0-2,longo,24,dijkstra,32,1,limiar_50,1,1,2,32
8,2,0-2,longo,24,dijkstra,32,1,otimo,1,1,2,32
8,2,2-4,longo,24,dijkstra,32,1,guloso,1,1,2,32
8,2,2-4,longo,24,dijkstra,32,1,todo_centro,1,1,2,32
8,2,2-4,longo,24,dijkstra,32,1,limiar_10,1,1,2,32
8,2,2-4,longo,24,dijkstra,32,1,limiar_25,1,1,2,32
8,2,2-4,longo,24,dijkstra,32,1,limiar_50,1,1,2,32
8,2,2-4,longo,24,dijkstra,32,1,otimo,1,1,2,32
8,2,1-3,longo,28,dijkstra,38,1,guloso,1,1,6,38
8,2,1-3,longo,28,dijkstra,38,1,todo_centro,1,1,6,38
8,2,1-3,longo,28,dijkstra,38,1,limiar_10,0,0,0,23
8,2,1-3,longo,28,dijkstra,38,1,limiar_25,1,1,6,38
8,2,1-3,longo,28,dijkstra,38,1,limiar_50,1,1,6,38
8,2,1-3,longo,28,dijkstra,38,1,otimo,1,1,6,38
8,2,3-5,longo,28,dijkstra,38,1,guloso,1,1,6,38
8,2,3-5,longo,28,dijkstra,38,1,todo_centro,1,1,6,38
8,2,3-5,longo,28,dijkstra,38,1,limiar_10,0,0,0,23
8,2,3-5,longo,28,dijkstra,38,1,limiar_25,1,1,6,38
8,2,3-5,longo,28,dijkstra,38,1,limiar_50,1,1,6,38
8,2,3-5,longo,28,dijkstra,38,1,otimo,1,1,6,38
8,3,4-4,longo,15,dijkstra,20,2,guloso,1,1,9,20
8,3,4-4,longo,15,dijkstra,20,2,todo_centro,1,2,11,20
8,3,4-4,longo,15,dijkstra,20,2,limiar_10,0,0,0,6
8,3,4-4,longo,15,dijkstra,20,2,limiar_25,0,0,0,6
8,3,4-4,longo,15,dijkstra,20,2,limiar_50,0,0,0,6
8,3,4-4,longo,15,dijkstra,20,2,otimo,1,1,9,20
8,3,3-4,longo,14,dijkstra,19,1,guloso,1,1,8,19
8,3,3-4,longo,14,dijkstra,19,1,todo_centro,1,1,8,19
8,3,3-4,longo,14,dijkstra,19,1,limiar_10,0,0,0,6
8,3,3-4,longo,14,dijkstra,19,1,limiar_25,0,0,0,6
8,3,3-4,longo,14,dijkstra,19,1,limiar_50,0,0,0,6
8,3,3-4,longo,14,dijkstra,19,1,otimo,1,1,8,19
8,3,0-7,longo,19,dijkstra,25,3,guloso,1,1,13,25
8,3,0-7,longo,19,dijkstra,25,3,todo_centro,1,3,36,25
8,3,0-7,longo,19,dijkstra,25,3,limiar_10,0,0,0,17
8,3,0-7,longo,19,dijkstra,25,3,limiar_25,0,0,0,17
8,3,0-7,longo,19,dijkstra,25,3,limiar_50,0,0,0,17
8,3,0-7,longo,19,dijkstra,25,3,otimo,1,1,13,25
8,3,5-6,medio,16,dijkstra,31,2,guloso,1,2,13,31
8,3,5-6,medio,16,dijkstra,31,2,todo_centro,1,2,13,31
8,3,5-6,medio,16,dijkstra,31,2,limiar_10,0,0,0,6
8,3,5-6,medio,16,dijkstra,31,2,limiar_25,0,0,0,6
8,3,5-6,medio,16,dijkstra,31,2,limiar_50,0,0,0,6
8,3,5-6,medio,16,dijkstra,31,2,otimo,1,2,13,31
8,3,5-6,longo,23,dijkstra,31,2,guloso,1,1,4,31
8,3,5-6,longo,23,dijkstra,31,2,todo_centro,1,2,27,31
8,3,5-6,longo,23,dijkstra,31,2,limiar_10,0,0,0,22
8,3,5-6,longo,23,dijkstra,31,2,limiar_25,1,1,4,31
8,3,5-6,longo,23,dijkstra,31,2,limiar_50,1,1,4,31
8,3,5-6,longo,23,dijkstra,31,2,otimo,1,1,4,31
8,3,6-5,medio,20,dijkstra,39,2,guloso,1,1,1,39
8,3,6-5,medio,20,dijkstra,39,2,todo_centro,1,2,21,39
8,3,6-5,medio,20,dijkstra,39,2,limiar_10,1,1,1,39
8,3,6-5,medio,20,dijkstra,39,2,limiar_25,1,1,1,39
8,3,6-5,medio,20,dijkstra,39,2,limiar_50,1,1,1,39
8,3,6-5,medio,20,dijkstra,39,2,otimo,1,1,1,39
8,3,6-5,longo,29,dijkstra,39,2,guloso,1,1,10,39
8,3,6-5,longo,29,dijkstra,39,2,todo_centro,1,2,39,39
8,3,6-5,longo,29,dijkstra,39,2,limiar_10,0,0,0,24
8,3,6-5,longo,29,dijkstra,39,2,limiar_25,0,0,0,24
8,3,6-5,longo,29,dijkstra,39,2,limiar_50,1,1,10,39
8,3,6-5,longo,29,dijkstra,39,2,otimo,1,1,10,39
8,4,7-1,longo,27,dfs,36,2,guloso,1,1,17,36
8,4,7-1,longo,27,dfs,36,2,todo_centro,1,2,44,36
8,4,7-1,longo,27,dfs,36,2,limiar_10,0,0,0,22
8,4,7-1,longo,27,dfs,36,2,limiar_25,0,0,0,22
8,4,7-1,longo,27,dfs,36,2,limiar_50,0,0,0,22
8,4,7-1,longo,27,dfs,36,2,otimo,1,1,17,36
8,4,7-1,longo,27,bfs,36,2,guloso,1,1,17,36
8,4,7-1,longo,27,bfs,36,2,todo_centro,1,2,44,36
8,4,7-1,longo,27,bfs,36,2,limiar_10,0,0,0,22
8,4,7-1,longo,27,bfs,36,2,limiar_25,0,0,0,22
8,4,7-1,longo,27,bfs,36,2,limiar_50,0,0,0,22
8,4,7-1,longo,27,bfs,36,2,otimo,1,1,17,36
8,4,7-1,longo,27,dijkstra,36,2,guloso,1,1,17,36
8,4,7-1,longo,27,dijkstra,36,2,todo_centro,1,2,44,36
8,4,7-1,longo,27,dijkstra,36,2,limiar_10,0,0,0,22
8,4,7-1,longo,27,dijkstra,36,2,limiar_25,0,0,0,22
8,4,7-1,longo,27,dijkstra,36,2,limiar_50,0,0,0,22
8,4,7-1,longo,27,dijkstra,36,2,otimo,1,1,17,36
8,4,4-2,medio,9,dfs,18,2,guloso,1,2,8,18
8,4,4-2,medio,9,dfs,18,2,todo_centro,1,2,8,18
8,4,4-2,medio,9,dfs,18,2,limiar_10,0,0,0,7
8,4,4-2,medio,9,dfs,18,2,limiar_25,0,0,0,7
8,4,4-2,medio,9,dfs,18,2,limiar_50,0,0,0,7
8,4,4-2,medio,9,dfs,18,2,otimo,1,2,8,18
8,4,4-2,medio,9,bfs,18,2,guloso,1,2,8,18
8,4,4-2,medio,9,bfs,18,2,todo_centro,1,2,8,18
8,4,4-2,medio,9,bfs,18,2,limiar_10,0,0,0,7
8,4,4-2,medio,9,bfs,18,2,limiar_25,0,0,0,7
8,4,4-2,medio,9,bfs,18,2,limiar_50,0,0,0,7
8,4,4-2,medio,9,bfs,18,2,otimo,1,2,8,18
8,4,4-2,medio,9,dijkstra,18,2,guloso,1,2,8,18
8,4,4-2,medio,9,dijkstra,18,2,todo_centro,1,2,8,18
8,4,4-2,medio,9,dijkstra,18,2,limiar_10,0,0,0,7
8,4,4-2,medio,9,dijkstra,18,2,limiar_25,0,0,0,7
8,4,4-2,medio,9,dijkstra,18,2,limiar_50,0,0,0,7
8,4,4-2,medio,9,dijkstra,18,2,otimo,1,2,8,18
8,4,4-2,longo,14,dfs,18,2,guloso,1,1,4,18
8,4,4-2,longo,14,dfs,18,2,todo_centro,1,2,18,18
8,4,4-2,longo,14,dfs,18,2,limiar_10,0,0,0,14
8,4,4-2,longo,14,dfs,18,2,limiar_25,0,0,0,14
8,4,4-2,longo,14,dfs,18,2,limiar_50,1,1,4,18
8,4,4-2,longo,14,dfs,18,2,otimo,1,1,10,18
8,4,4-2,longo,14,bfs,18,2,guloso,1,1,4,18
8,4,4-2,longo,14,bfs,18,2,todo_centro,1,2,18,18
8,4,4-2,longo,14,bfs,18,2,limiar_10,0,0,0,14
8,4,4-2,longo,14,bfs,18,2,limiar_25,0,0,0,14
8,4,4-2,longo,14,bfs,18,2,limiar_50,1,1,4,18
8,4,4-2,longo,14,bfs,18,2,otimo,1,1,10,18
8,4,4-2,longo,14,dijkstra,18,2,guloso,1,1,4,18
8,4,4-2,longo,14,dijkstra,18,2,todo_centro,1,2,18,18
8,4,4-2,longo,14,dijkstra,18,2,limiar_10,0,0,0,14
8,4,4-2,longo,14,dijkstra,18,2,limiar_25,0,0,0,14
8,4,4-2,longo,14,dijkstra,18,2,limiar_50,1,1,4,18
8,4,4-2,longo,14,dijkstra,18,2,otimo,1,1,10,18
8,4,4-0,longo,18,dfs,24,2,guloso,1,1,8,24
8,4,4-0,longo,18,dfs,24,2,todo_centro,1,2,26,24
8,4,4-0,longo,18,dfs,24,2,limiar_10,0,0,0,18
8,4,4-0,longo,18,dfs,24,2,limiar_25,0,0,0,18
8,4,4-0,longo,18,dfs,24,2,limiar_50,1,1,8,24
8,4,4-0,longo,18,dfs,24,2,otimo,1,1,8,24
8,4,4-0,longo,18,bfs,24,2,guloso,1,1,8,24
8,4,4-0,longo,18,bfs,24,2,todo_centro,1,2,26,24
8,4,4-0,longo,18,bfs,24,2,limiar_10,0,0,0,18
8,4,4-0,longo,18,bfs,24,2,limiar_25,0,0,0,18
8,4,4-0,longo,18,bfs,24,2,limiar_50,1,1,8,24
8,4,4-0,longo,18,bfs,24,2,otimo,1,1,8,24
8,4,4-0,longo,18,dijkstra,24,2,guloso,1,1,8,24
8,4,4-0,longo,18,dijkstra,24,2,todo_centro,1,2,26,24
8,4,4-0,longo,18,dijkstra,24,2,limiar_10,0,0,0,18
8,4,4-0,longo,18,dijkstra,24,2,limiar_25,0,0,0,18
8,4,4-0,longo,18,dijkstra,24,2,limiar_50,1,1,8,24
8,4,4-0,longo,18,dijkstra,24,2,otimo,1,1,8,24
8,4,5-3,longo,18,dfs,24,2,guloso,1,1,8,24
8,4,5-3,longo,18,dfs,24,2,todo_centro,1,2,26,24
8,4,5-3,longo,18,dfs,24,2,limiar_10,0,0,0,18
8,4,5-3,longo,18,dfs,24,2,limiar_25,0,0,0,18
8,4,5-3,longo,18,dfs,24,2,limiar_50,1,1,8,24
8,4,5-3,longo,18,dfs,24,2,otimo,1,1,8,24
8,4,5-3,longo,18,bfs,24,2,guloso,1,1,8,24
8,4,5-3,longo,18,bfs,24,2,todo_centro,1,2,26,24
8,4,5-3,longo,18,bfs,24,2,limiar_10,0,0,0,18
8,4,5-3,longo,18,bfs,24,2,limiar_25,0,0,0,18
8,4,5-3,longo,18,bfs,24,2,limiar_50,1,1,8,24
8,4,5-3,longo,18,bfs,24,2,otimo,1,1,8,24
8,4,5-3,longo,18,dijkstra,24,2,guloso,1,1,8,24
8,4,5-3,longo,18,dijkstra,24,2,todo_centro,1,2,26,24
8,4,5-3,longo,18,dijkstra,24,2,limiar_10,0,0,0,18
8,4,5-3,longo,18,dijkstra,24,2,limiar_25,0,0,0,18
8,4,5-3,longo,18,dijkstra,24,2,limiar_50,1,1,8,24
8,4,5-3,longo,18,dijkstra,24,2,otimo,1,1,8,24
8,4,2-5,longo,26,dfs,35,2,guloso,1,1,16,35
8,4,2-5,longo,26,dfs,35,2,todo_centro,1,2,42,35
8,4,2-5,longo,26,dfs,35,2,limiar_10,0,0,0,26
8,4,2-5,longo,26,dfs,35,2,limiar_25,0,0,0,26
8,4,2-5,longo,26,dfs,35,2,limiar_50,0,0,0,26
8,4,2-5,longo,26,dfs,35,2,otimo,1,1,16,35
8,4,2-5,longo,26,bfs,35,2,guloso,1,1,16,35
8,4,2-5,longo,26,bfs,35,2,todo_centro,1,2,42,35
8,4,2-5,longo,26,bfs,35,2,limiar_10,0,0,0,26
8,4,2-5,longo,26,bfs,35,2,limiar_25,0,0,0,26
8,4,2-5,longo,26,bfs,35,2,limiar_50,0,0,0,26
8,4,2-5,longo,26,bfs,35,2,otimo,1,1,16,35
8,4,2-5,longo,26,dijkstra,35,2,guloso,1,1,16,35
8,4,2-5,longo,26,dijkstra,35,2,todo_centro,1,2,42,35
8,4,2-5,longo,26,dijkstra,35,2,limiar_10,0,0,0,26
8,4,2-5,longo,26,dijkstra,35,2,limiar_25,0,0,0,26
8,4,2-5,longo,26,dijkstra,35,2,limiar_50,0,0,0,26
8,4,2-5,longo,26,dijkstra,35,2,otimo,1,1,16,35
8,4,7-6,longo,28,dfs,49,3,guloso,1,1,0,49
8,4,7-6,longo,28,dfs,49,3,todo_centro,1,3,56,49
8,4,7-6,longo,28,dfs,49,3,limiar_10,1,1,0,49
8,4,7-6,longo,28,dfs,49,3,limiar_25,1,1,0,49
8,4,7-6,longo,28,dfs,49,3,limiar_50,1,1,0,49
8,4,7-6,longo,28,dfs,49,3,otimo,1,1,0,49
8,4,7-6,longo,28,bfs,49,3,guloso,1,1,0,49
8,4,7-6,longo,28,bfs,49,3,todo_centro,1,3,56,49
8,4,7-6,longo,28,bfs,49,3,limiar_10,1,1,0,49
8,4,7-6,longo,28,bfs,49,3,limiar_25,1,1,0,49
8,4,7-6,longo,28,bfs,49,3,limiar_50,1,1,0,49
8,4,7-6,longo,28,bfs,49,3,otimo,1,1,0,49
8,4,7-6,longo,28,dijkstra,37,2,guloso,1,1,18,37
8,4,7-6,longo,28,dijkstra,37,2,todo_centro,1,2,46,37
8,4,7-6,longo,28,dijkstra,37,2,limiar_10,0,0,0,27
8,4,7-6,longo,28,dijkstra,37,2,limiar_25,0,0,0,27
8,4,7-6,longo,28,dijkstra,37,2,limiar_50,0,0,0,27
8,4,7-6,longo,28,dijkstra,37,2,otimo,1,1,18,37
8,4,6-5,medio,22,dfs,43,3,guloso,1,2,16,43
8,4,6-5,medio,22,dfs,43,3,todo_centro,1,3,38,43
8,4,6-5,medio,22,dfs,43,3,limiar_10,0,0,0,21
8,4,6-5,medio,22,dfs,43,3,limiar_25,0,0,0,21
8,4,6-5,medio,22,dfs,43,3,limiar_50,0,0,0,21
8,4,6-5,medio,22,dfs,43,3,otimo,1,2,16,43
8,4,6-5,medio,22,bfs,43,3,guloso,1,2,16,43
8,4,6-5,medio,22,bfs,43,3,todo_centro,1,3,38,43
8,4,6-5,medio,22,bfs,43,3,limiar_10,0,0,0,21
8,4,6-5,medio,22,bfs,43,3,limiar_25,0,0,0,21
8,4,6-5,medio,22,bfs,43,3,limiar_50,0,0,0,21
8,4,6-5,medio,22,bfs,43,3,otimo,1,2,16,43
8,4,6-5,medio,22,dijkstra,43,3,guloso,1,2,16,43
8,4,6-5,medio,22,dijkstra,43,3,todo_centro,1,3,38,43
8,4,6-5,medio,22,dijkstra,43,3,limiar_10,0,0,0,21
8,4,6-5,medio,22,dijkstra,43,3,limiar_25,0,0,0,21
8,4,6-5,medio,22,dijkstra,43,3,limiar_50,0,0,0,21
8,4,6-5,medio,22,dijkstra,43,3,otimo,1,2,16,43
8,4,6-5,longo,32,dfs,43,3,guloso,1,1,4,43
8,4,6-5,longo,32,dfs,43,3,todo_centro,1,3,68,43
8,4,6-5,longo,32,dfs,43,3,limiar_10,0,0,0,28
8,4,6-5,longo,32,dfs,43,3,limiar_25,1,1,4,43
8,4,6-5,longo,32,dfs,43,3,limiar_50,1,1,4,43
8,4,6-5,longo,32,dfs,43,3,otimo,1,1,4,43
8,4,6-5,longo,32,bfs,43,3,guloso,1,1,4,43
8,4,6-5,longo,32,bfs,43,3,todo_centro,1,3,68,43
8,4,6-5,longo,32,bfs,43,3,limiar_10,0,0,0,28
8,4,6-5,longo,32,bfs,43,3,limiar_25,1,1,4,43
8,4,6-5,longo,32,bfs,43,3,limiar_50,1,1,4,43
8,4,6-5,longo,32,bfs,43,3,otimo,1,1,4,43
8,4,6-5,longo,32,dijkstra,43,3,guloso,1,1,4,43
8,4,6-5,longo,32,dijkstra,43,3,todo_centro,1,3,68,43
8,4,6-5,longo,32,dijkstra,43,3,limiar_10,0,0,0,28
8,4,6-5,longo,32,dijkstra,43,3,limiar_25,1,1,4,43
8,4,6-5,longo,32,dijkstra,43,3,limiar_50,1,1,4,43
8,4,6-5,longo,32,dijkstra,43,3,otimo,1,1,4,43
8,4,3-3,medio,7,dfs,14,2,guloso,1,2,4,14
8,4,3-3,medio,7,dfs,14,2,todo_centro,1,2,4,14
8,4,3-3,medio,7,dfs,14,2,limiar_10,0,0,0,7
8,4,3-3,medio,7,dfs,14,2,limiar_25,0,0,0,7
8,4,3-3,medio,7,dfs,14,2,limiar_50,1,2,4,14
8,4,3-3,medio,7,dfs,14,2,otimo,1,2,4,14
8,4,3-3,medio,7,bfs,14,2,guloso,1,2,4,14
8,4,3-3,medio,7,bfs,14,2,todo_centro,1,2,4,14
8,4,3-3,medio,7,bfs,14,2,limiar_10,0,0,0,7
8,4,3-3,medio,7,bfs,14,2,limiar_25,0,0,0,7
8,4,3-3,medio,7,bfs,14,2,limiar_50,1,2,4,14
8,4,3-3,medio,7,bfs,14,2,otimo,1,2,4,14
8,4,3-3,medio,7,dijkstra,14,2,guloso,1,2,4,14
8,4,3-3,medio,7,dijkstra,14,2,todo_centro,1,2,4,14
8,4,3-3,medio,7,dijkstra,14,2,limiar_10,0,0,0,7
8,4,3-3,medio,7,dijkstra,14,2,limiar_25,0,0,0,7
8,4,3-3,medio,7,dijkstra,14,2,limiar_50,1,2,4,14
8,4,3-3,medio,7,dijkstra,14,2,otimo,1,2,4,14
8,4,3-3,longo,10,dfs,14,2,guloso,1,1,0,14
8,4,3-3,longo,10,dfs,14,2,todo_centro,1,2,10,14
8,4,3-3,longo,10,dfs,14,2,limiar_10,1,1,0,14
8,4,3-3,longo,10,dfs,14,2,limiar_25,1,1,0,14
8,4,3-3,longo,10,dfs,14,2,limiar_50,1,1,0,14
8,4,3-3,longo,10,dfs,14,2,otimo,1,1,6,14
8,4,3-3,longo,10,bfs,14,2,guloso,1,1,0,14
8,4,3-3,longo,10,bfs,14,2,todo_centro,1,2,10,14
8,4,3-3,longo,10,bfs,14,2,limiar_10,1,1,0,14
8,4,3-3,longo,10,bfs,14,2,limiar_25,1,1,0,14
8,4,3-3,longo,10,bfs,14,2,limiar_50,1,1,0,14
8,4,3-3,longo,10,bfs,14,2,otimo,1,1,6,14
8,4,3-3,longo,10,dijkstra,14,2,guloso,1,1,0,14
8,4,3-3,longo,10,dijkstra,14,2,todo_centro,1,2,10,14
8,4,3-3,longo,10,dijkstra,14,2,limiar_10,1,1,0,14
8,4,3-3,longo,10,dijkstra,14,2,limiar_25,1,1,0,14
8,4,3-3,longo,10,dijkstra,14,2,limiar_50,1,1,0,14
8,4,3-3,longo,10,dijkstra,14,2,otimo,1,1,6,14
8,6,3-6,longo,38,bfs,51,1,guloso,1,1,9,51
8,6,3-6,longo,38,bfs,51,1,todo_centro,1,1,9,51
8,6,3-6,longo,38,bfs,51,1,limiar_10,0,0,0,33
8,6,3-6,longo,38,bfs,51,1,limiar_25,1,1,9,51
8,6,3-6,longo,38,bfs,51,1,limiar_50,1,1,9,51
8,6,3-6,longo,38,bfs,51,1,otimo,1,1,9,51
8,6,3-6,longo,38,dijkstra,51,1,guloso,1,1,9,51
8,6,3-6,longo,38,dijkstra,51,1,todo_centro,1,1,9,51
8,6,3-6,longo,38,dijkstra,51,1,limiar_10,0,0,0,33
8,6,3-6,longo,38,dijkstra,51,1,limiar_25,1,1,9,51
8,6,3-6,longo,38,dijkstra,51,1,limiar_50,1,1,9,51
8,6,3-6,longo,38,dijkstra,51,1,otimo,1,1,9,51
8,6,4-5,longo,35,dfs,47,1,guloso,1,1,6,47
8,6,4-5,longo,35,dfs,47,1,todo_centro,1,1,6,47
8,6,4-5,longo,35,dfs,47,1,limiar_10,0,0,0,33
8,6,4-5,longo,35,dfs,47,1,limiar_25,1,1,6,47
8,6,4-5,longo,35,dfs,47,1,limiar_50,1,1,6,47
8,6,4-5,longo,35,dfs,47,1,otimo,1,1,6,47
8,6,4-5,longo,35,bfs,47,1,guloso,1,1,6,47
8,6,4-5,longo,35,bfs,47,1,todo_centro,1,1,6,47
8,6,4-5,longo,35,bfs,47,1,limiar_10,0,0,0,33
8,6,4-5,longo,35,bfs,47,1,limiar_25,1,1,6,47
8,6,4-5,longo,35,bfs,47,1,limiar_50,1,1,6,47
8,6,4-5,longo,35,bfs,47,1,otimo,1,1,6,47
8,6,4-5,longo,35,dijkstra,47,1,guloso,1,1,6,47
8,6,4-5,longo,35,dijkstra,47,1,todo_centro,1,1,6,47
8,6,4-5,longo,35,dijkstra,47,1,limiar_10,0,0,0,33
8,6,4-5,longo,35,dijkstra,47,1,limiar_25,1,1,6,47
8,6,4-5,longo,35,dijkstra,47,1,limiar_50,1,1,6,47
8,6,4-5,longo,35,dijkstra,47,1,otimo,1,1,6,47
8,6,2-6,longo,40,bfs,54,1,guloso,1,1,11,54
8,6,2-6,longo,40,bfs,54,1,todo_centro,1,1,11,54
8,6,2-6,longo,40,bfs,54,1,limiar_10,0,0,0,33
8,6,2-6,longo,40,bfs,54,1,limiar_25,0,0,0,33
8,6,2-6,longo,40,bfs,54,1,limiar_50,1,1,11,54
8,6,2-6,longo,40,bfs,54,1,otimo,1,1,11,54
8,6,2-6,longo,40,dijkstra,54,1,guloso,1,1,11,54
8,6,2-6,longo,40,dijkstra,54,1,todo_centro,1,1,11,54
8,6,2-6,longo,40,dijkstra,54,1,limiar_10,0,0,0,33
8,6,2-6,longo,40,dijkstra,54,1,limiar_25,0,0,0,33
8,6,2-6,longo,40,dijkstra,54,1,limiar_50,1,1,11,54
8,6,2-6,longo,40,dijkstra,54,1,otimo,1,1,11,54
8,6,0-5,longo,47,dfs,63,1,guloso,1,1,18,63
8,6,0-5,longo,47,dfs,63,1,todo_centro,1,1,18,63
8,6,0-5,longo,47,dfs,63,1,limiar_10,0,0,0,47
8,6,0-5,longo,47,dfs,63,1,limiar_25,0,0,0,47
8,6,0-5,longo,47,dfs,63,1,limiar_50,1,1,18,63
8,6,0-5,longo,47,dfs,63,1,otimo,1,1,18,63
8,6,0-5,longo,47,bfs,63,1,guloso,1,1,18,63
8,6,0-5,longo,47,bfs,63,1,todo_centro,1,1,18,63
8,6,0-5,longo,47,bfs,63,1,limiar_10,0,0,0,47
8,6,0-5,longo,47,bfs,63,1,limiar_25,0,0,0,47
8,6,0-5,longo,47,bfs,63,1,limiar_50,1,1,18,63
8,6,0-5,longo,47,bfs,63,1,otimo,1,1,18,63
8,6,0-5,longo,47,dijkstra,63,1,guloso,1,1,18,63
8,6,0-5,longo,47,dijkstra,63,1,todo_centro,1,1,18,63
8,6,0-5,longo,47,dijkstra,63,1,limiar_10,0,0,0,47
8,6,0-5,longo,47,dijkstra,63,1,limiar_25,0,0,0,47
8,6,0-5,longo,47,dijkstra,63,1,limiar_50,1,1,18,63
8,6,0-5,longo,47,dijkstra,63,1,otimo,1,1,18,63
8,6,0-6,longo,51,dfs,74,1,guloso,1,1,22,74
8,6,0-6,longo,51,dfs,74,1,todo_centro,1,1,22,74
8,6,0-6,longo,51,dfs,74,1,limiar_10,0,0,0,50
8,6,0-6,longo,51,dfs,74,1,limiar_25,0,0,0,50
8,6,0-6,longo,51,dfs,74,1,limiar_50,1,1,22,74
8,6,0-6,longo,51,dfs,74,1,otimo,1,1,22,74
8,6,0-6,longo,51,bfs,74,1,guloso,1,1,22,74
8,6,0-6,longo,51,bfs,74,1,todo_centro,1,1,22,74
8,6,0-6,longo,51,bfs,74,1,limiar_10,0,0,0,50
8,6,0-6,longo,51,bfs,74,1,limiar_25,0,0,0,50
8,6,0-6,longo,51,bfs,74,1,limiar_50,1,1,22,74
8,6,0-6,longo,51,bfs,74,1,otimo,1,1,22,74
8,6,0-6,longo,51,dijkstra,68,1,guloso,1,1,22,68
8,6,0-6,longo,51,dijkstra,68,1,todo_centro,1,1,22,68
8,6,0-6,longo,51,dijkstra,68,1,limiar_10,0,0,0,51
8,6,0-6,longo,51,dijkstra,68,1,limiar_25,0,0,0,51
8,6,0-6,longo,51,dijkstra,68,1,limiar_50,1,1,22,68
8,6,0-6,longo,51,dijkstra,68,1,otimo,1,1,22,68
8,10,4-1,longo,7,dijkstra,9,1,guloso,1,1,4,9
8,10,4-1,longo,7,dijkstra,9,1,todo_centro,1,1,4,9
8,10,4-1,longo,7,dijkstra,9,1,limiar_10,0,0,0,6
8,10,4-1,longo,7,dijkstra,9,1,limiar_25,0,0,0,6
8,10,4-1,longo,7,dijkstra,9,1,limiar_50,0,0,0,6
8,10,4-1,longo,7,dijkstra,9,1,otimo,1,1,4,9
8,10,4-0,medio,3,dfs,6,1,guloso,1,1,0,6
8,10,4-0,medio,3,dfs,6,1,todo_centro,1,1,0,6
8,10,4-0,medio,3,dfs,6,1,limiar_10,1,1,0,6
8,10,4-0,medio,3,dfs,6,1,limiar_25,1,1,0,6
8,10,4-0,medio,3,dfs,6,1,limiar_50,1,1,0,6
8,10,4-0,medio,3,dfs,6,1,otimo,1,1,0,6
8,10,4-0,medio,3,bfs,6,1,guloso,1,1,0,6
8,10,4-0,medio,3,bfs,6,1,todo_centro,1,1,0,6
8,10,4-0,medio,3,bfs,6,1,limiar_10,1,1,0,6
8,10,4-0,medio,3,bfs,6,1,limiar_25,1,1,0,6
8,10,4-0,medio,3,bfs,6,1,limiar_50,1,1,0,6
8,10,4-0,medio,3,bfs,6,1,otimo,1,1,0,6
8,10,4-0,medio,3,dijkstra,6,1,guloso,1,1,0,6
8,10,4-0,medio,3,dijkstra,6,1,todo_centro,1,1,0,6
8,10,4-0,medio,3,dijkstra,6,1,limiar_10,1,1,0,6
8,10,4-0,medio,3,dijkstra,6,1,limiar_25,1,1,0,6
8,10,4-0,medio,3,dijkstra,6,1,limiar_50,1,1,0,6
8,10,4-0,medio,3,dijkstra,6,1,otimo,1,1,0,6
8,10,4-0,longo,4,dfs,6,1,guloso,1,1,1,6
8,10,4-0,longo,4,dfs,6,1,todo_centro,1,1,1,6
8,10,4-0,longo,4,dfs,6,1,limiar_10,0,0,0,4
8,10,4-0,longo,4,dfs,6,1,limiar_25,1,1,1,6
8,10,4-0,longo,4,dfs,6,1,limiar_50,1,1,1,6
8,10,4-0,longo,4,dfs,6,1,otimo,1,1,1,6
8,10,4-0,longo,4,bfs,6,1,guloso,1,1,1,6
8,10,4-0,longo,4,bfs,6,1,todo_centro,1,1,1,6
8,10,4-0,longo,4,bfs,6,1,limiar_10,0,0,0,4
8,10,4-0,longo,4,bfs,6,1,limiar_25,1,1,1,6
8,10,4-0,longo,4,bfs,6,1,limiar_50,1,1,1,6
8,10,4-0,longo,4,bfs,6,1,otimo,1,1,1,6
8,10,4-0,longo,4,dijkstra,6,1,guloso,1,1,1,6
8,10,4-0,longo,4,dijkstra,6,1,todo_centro,1,1,1,6
8,10,4-0,longo,4,dijkstra,6,1,limiar_10,0,0,0,4
8,10,4-0,longo,4,dijkstra,6,1,limiar_25,1,1,1,6
8,10,4-0,longo,4,dijkstra,6,1,limiar_50,1,1,1,6
8,10,4-0,longo,4,dijkstra,6,1,otimo,1,1,1,6
8,10,1-1,medio,3,dfs,6,1,guloso,1,1,0,6
8,10,1-1,medio,3,dfs,6,1,todo_centro,1,1,0,6
8,10,1-1,medio,3,dfs,6,1,limiar_10,1,1,0,6
8,10,1-1,medio,3,dfs,6,1,limiar_25,1,1,0,6
8,10,1-1,medio,3,dfs,6,1,limiar_50,1,1,0,6
8,10,1-1,medio,3,dfs,6,1,otimo,1,1,0,6
8,10,1-1,medio,3,bfs,6,1,guloso,1,1,0,6
8,10,1-1,medio,3,bfs,6,1,todo_centro,1,1,0,6
8,10,1-1,medio,3,bfs,6,1,limiar_10,1,1,0,6
8,10,1-1,medio,3,bfs,6,1,limiar_25,1,1,0,6
8,10,1-1,medio,3,bfs,6,1,limiar_50,1,1,0,6
8,10,1-1,medio,3,bfs,6,1,otimo,1,1,0,6
8,10,1-1,medio,3,dijkstra,6,1,guloso,1,1,0,6
8,10,1-1,medio,3,dijkstra,6,1,todo_centro,1,1,0,6
8,10,1-1,medio,3,dijkstra,6,1,limiar_10,1,1,0,6
8,10,1-1,medio,3,dijkstra,6,1,limiar_25,1,1,0,6
8,10,1-1,medio,3,dijkstra,6,1,limiar_50,1,1,0,6
8,10,1-1,medio,3,dijkstra,6,1,otimo,1,1,0,6
8,10,1-1,longo,4,dfs,6,1,guloso,1,1,1,6
8,10,1-1,longo,4,dfs,6,1,todo_centro,1,1,1,6
8,10,1-1,longo,4,dfs,6,1,limiar_10,0,0,0,3
8,10,1-1,longo,4,dfs,6,1,limiar_25,1,1,1,6
8,10,1-1,longo,4,dfs,6,1,limiar_50,1,1,1,6
8,10,1-1,longo,4,dfs,6,1,otimo,1,1,1,6
8,10,1-1,longo,4,bfs,6,1,guloso,1,1,1,6
8,10,1-1,longo,4,bfs,6,1,todo_centro,1,1,1,6
8,10,1-1,longo,4,bfs,6,1,limiar_10,0,0,0,3
8,10,1-1,longo,4,bfs,6,1,limiar_25,1,1,1,6
8,10,1-1,longo,4,bfs,6,1,limiar_50,1,1,1,6
8,10,1-1,longo,4,bfs,6,1,otimo,1,1,1,6
8,10,1-1,longo,4,dijkstra,6,1,guloso,1,1,1,6
8,10,1-1,longo,4,dijkstra,6,1,todo_centro,1,1,1,6
8,10,1-1,longo,4,dijkstra,6,1,limiar_10,0,0,0,3
8,10,1-1,longo,4,dijkstra,6,1,limiar_25,1,1,1,6
8,10,1-1,longo,4,dijkstra,6,1,limiar_50,1,1,1,6
8,10,1-1,longo,4,dijkstra,6,1,otimo,1,1,1,6
8,11,2-0,longo,2,dfs,2,0,guloso,1,0,0,2
8,11,2-0,longo,2,dfs,2,0,todo_centro,1,0,0,2
8,11,2-0,longo,2,dfs,2,0,limiar_10,1,0,0,2
8,11,2-0,longo,2,dfs,2,0,limiar_25,1,0,0,2
8,11,2-0,longo,2,dfs,2,0,limiar_50,1,0,0,2
8,11,2-0,longo,2,dfs,2,0,otimo,1,0,0,2
8,11,2-0,longo,2,bfs,2,0,guloso,1,0,0,2
8,11,2-0,longo,2,bfs,2,0,todo_centro,1,0,0,2
8,11,2-0,longo,2,bfs,2,0,limiar_10,1,0,0,2
8,11,2-0,longo,2,bfs,2,0,limiar_25,1,0,0,2
8,11,2-0,longo,2,bfs,2,0,limiar_50,1,0,0,2
8,11,2-0,longo,2,bfs,2,0,otimo,1,0,0,2
8,11,2-0,longo,2,dijkstra,2,0,guloso,1,0,0,2
8,11,2-0,longo,2,dijkstra,2,0,todo_centro,1,0,0,2
8,11,2-0,longo,2,dijkstra,2,0,limiar_10,1,0,0,2
8,11,2-0,longo,2,dijkstra,2,0,limiar_25,1,0,0,2
8,11,2-0,longo,2,dijkstra,2,0,limiar_50,1,0,0,2
8,11,2-0,longo,2,dijkstra,2,0,otimo,1,0,0,2
8,11,4-0,medio,3,bfs,6,1,guloso,1,1,0,6
8,11,4-0,medio,3,bfs,6,1,todo_centro,1,1,0,6
8,11,4-0,medio,3,bfs,6,1,limiar_10,1,1,0,6
8,11,4-0,medio,3,bfs,6,1,limiar_25,1,1,0,6
8,11,4-0,medio,3,bfs,6,1,limiar_50,1,1,0,6
8,11,4-0,medio,3,bfs,6,1,otimo,1,1,0,6
8,11,4-0,medio,3,dijkstra,6,1,guloso,1,1,0,6
8,11,4-0,medio,3,dijkstra,6,1,todo_centro,1,1,0,6
8,11,4-0,medio,3,dijkstra,6,1,limiar_10,1,1,0,6
8,11,4-0,medio,3,dijkstra,6,1,limiar_25,1,1,0,6
8,11,4-0,medio,3,dijkstra,6,1,limiar_50,1,1,0,6
8,11,4-0,medio,3,dijkstra,6,1,otimo,1,1,0,6
8,11,4-0,longo,4,bfs,6,1,guloso,1,1,1,6
8,11,4-0,longo,4,bfs,6,1,todo_centro,1,1,1,6
8,11,4-0,longo,4,bfs,6,1,limiar_10,0,0,0,3
8,11,4-0,longo,4,bfs,6,1,limiar_25,1,1,1,6
8,11,4-0,longo,4,bfs,6,1,limiar_50,1,1,1,6
8,11,4-0,longo,4,bfs,6,1,otimo,1,1,1,6
8,11,4-0,longo,4,dijkstra,6,1,guloso,1,1,1,6
8,11,4-0,longo,4,dijkstra,6,1,todo_centro,1,1,1,6
8,11,4-0,longo,4,dijkstra,6,1,limiar_10,0,0,0,3
8,11,4-0,longo,4,dijkstra,6,1,limiar_25,1,1,1,6
8,11,4-0,longo,4,dijkstra,6,1,limiar_50,1,1,1,6
8,11,4-0,longo,4,dijkstra,6,1,otimo,1,1,1,6
8,12,6-6,longo,30,bfs,40,1,guloso,1,1,6,40
8,12,6-6,longo,30,bfs,40,1,todo_centro,1,1,6,40
8,12,6-6,longo,30,bfs,40,1,limiar_10,0,0,0,29
8,12,6-6,longo,30,bfs,40,1,limiar_25,1,1,6,40
8,12,6-6,longo,30,bfs,40,1,limiar_50,1,1,6,40
8,12,6-6,longo,30,bfs,40,1,otimo,1,1,6,40
8,12,6-6,longo,30,dijkstra,40,1,guloso,1,1,6,40
8,12,6-6,longo,30,dijkstra,40,1,todo_centro,1,1,6,40
8,12,6-6,longo,30,dijkstra,40,1,limiar_10,0,0,0,29
8,12,6-6,longo,30,dijkstra,40,1,limiar_25,1,1,6,40
8,12,6-6,longo,30,dijkstra,40,1,limiar_50,1,1,6,40
8,12,6-6,longo,30,dijkstra,40,1,otimo,1,1,6,40
8,14,5-1,medio,31,dfs,72,2,guloso,1,2,14,72
8,14,5-1,medio,31,dfs,72,2,todo_centro,1,2,14,72
8,14,5-1,medio,31,dfs,72,2,limiar_10,0,1,0,52
8,14,5-1,medio,31,dfs,72,2,limiar_25,0,1,0,52
8,14,5-1,medio,31,dfs,72,2,limiar_50,1,2,14,72
8,14,5-1,medio,31,dfs,72,2,otimo,1,2,14,72
8,14,5-1,medio,31,bfs,72,2,guloso,1,2,14,72
8,14,5-1,medio,31,bfs,72,2,todo_centro,1,2,14,72
8,14,5-1,medio,31,bfs,72,2,limiar_10,0,1,0,52
8,14,5-1,medio,31,bfs,72,2,limiar_25,0,1,0,52
8,14,5-1,medio,31,bfs,72,2,limiar_50,1,2,14,72
8,14,5-1,medio,31,bfs,72,2,otimo,1,2,14,72
8,14,5-1,medio,31,dijkstra,62,2,guloso,1,1,0,62
8,14,5-1,medio,31,dijkstra,62,2,todo_centro,1,2,24,62
8,14,5-1,medio,31,dijkstra,62,2,limiar_10,1,1,0,62
8,14,5-1,medio,31,dijkstra,62,2,limiar_25,1,1,0,62
8,14,5-1,medio,31,dijkstra,62,2,limiar_50,1,1,0,62
8,14,5-1,medio,31,dijkstra,62,2,otimo,1,1,0,62
8,14,5-1,longo,46,dfs,72,2,guloso,1,1,15,72
8,14,5-1,longo,46,dfs,72,2,todo_centro,1,2,44,72
8,14,5-1,longo,46,dfs,72,2,limiar_10,0,0,0,45
8,14,5-1,longo,46,dfs,72,2,limiar_25,0,0,0,45
8,14,5-1,longo,46,dfs,72,2,limiar_50,1,1,15,72
8,14,5-1,longo,46,dfs,72,2,otimo,1,1,15,72
8,14,5-1,longo,46,bfs,72,2,guloso,1,1,15,72
8,14,5-1,longo,46,bfs,72,2,todo_centro,1,2,44,72
8,14,5-1,longo,46,bfs,72,2,limiar_10,0,0,0,45
8,14,5-1,longo,46,bfs,72,2,limiar_25,0,0,0,45
8,14,5-1,longo,46,bfs,72,2,limiar_50,1,1,15,72
8,14,5-1,longo,46,bfs,72,2,otimo,1,1,15,72
8,14,5-1,longo,46,dijkstra,62,2,guloso,1,1,8,62
8,14,5-1,longo,46,dijkstra,62,2,todo_centro,1,2,54,62
8,14,5-1,longo,46,dijkstra,62,2,limiar_10,0,0,0,42
8,14,5-1,longo,46,dijkstra,62,2,limiar_25,1,1,8,62
8,14,5-1,longo,46,dijkstra,62,2,limiar_50,1,1,15,62
8,14,5-1,longo,46,dijkstra,62,2,otimo,1,1,15,62
8,14,6-3,longo,31,dfs,55,2,guloso,1,1,0,55
8,14,6-3,longo,31,dfs,55,2,todo_centro,1,2,14,55
8,14,6-3,longo,31,dfs,55,2,limiar_10,1,1,0,55
8,14,6-3,longo,31,dfs,55,2,limiar_25,1,1,0,55
8,14,6-3,longo,31,dfs,55,2,limiar_50,1,2,14,55
8,14,6-3,longo,31,dfs,55,2,otimo,1,1,0,55
8,14,6-3,longo,31,bfs,41,1,guloso,1,1,0,41
8,14,6-3,longo,31,bfs,41,1,todo_centro,1,1,0,41
8,14,6-3,longo,31,bfs,41,1,limiar_10,1,1,0,41
8,14,6-3,longo,31,bfs,41,1,limiar_25,1,1,0,41
8,14,6-3,longo,31,bfs,41,1,limiar_50,1,1,0,41
8,14,6-3,longo,31,bfs,41,1,otimo,1,1,0,41
8,14,6-3,longo,31,dijkstra,41,1,guloso,1,1,0,41
8,14,6-3,longo,31,dijkstra,41,1,todo_centro,1,1,0,41
8,14,6-3,longo,31,dijkstra,41,1,limiar_10,1,1,0,41
8,14,6-3,longo,31,dijkstra,41,1,limiar_25,1,1,0,41
8,14,6-3,longo,31,dijkstra,41,1,limiar_50,1,1,0,41
8,14,6-3,longo,31,dijkstra,41,1,otimo,1,1,0,41
8,14,3-2,medio,34,dfs,79,3,guloso,1,2,20,79
8,14,3-2,medio,34,dfs,79,3,todo_centro,1,3,24,79
8,14,3-2,medio,34,dfs,79,3,limiar_10,0,1,3,63
8,14,3-2,medio,34,dfs,79,3,limiar_25,0,1,3,63
8,14,3-2,medio,34,dfs,79,3,limiar_50,1,3,24,79
8,14,3-2,medio,34,dfs,79,3,otimo,1,2,20,79
8,14,3-2,medio,34,bfs,79,3,guloso,1,2,20,79
8,14,3-2,medio,34,bfs,79,3,todo_centro,1,3,24,79
8,14,3-2,medio,34,bfs,79,3,limiar_10,0,1,3,63
8,14,3-2,medio,34,bfs,79,3,limiar_25,0,1,3,63
8,14,3-2,medio,34,bfs,79,3,limiar_50,1,3,24,79
8,14,3-2,medio,34,bfs,79,3,otimo,1,2,20,79
8,14,3-2,medio,34,dijkstra,67,2,guloso,1,2,30,67
8,14,3-2,medio,34,dijkstra,67,2,todo_centro,1,2,30,67
8,14,3-2,medio,34,dijkstra,67,2,limiar_10,0,1,3,65
8,14,3-2,medio,34,dijkstra,67,2,limiar_25,0,1,3,65
8,14,3-2,medio,34,dijkstra,67,2,limiar_50,0,1,3,65
8,14,3-2,medio,34,dijkstra,67,2,otimo,1,2,30,67
8,14,3-2,longo,50,dfs,79,3,guloso,1,1,2,79
8,14,3-2,longo,50,dfs,79,3,todo_centro,1,3,72,79
8,14,3-2,longo,50,dfs,79,3,limiar_10,1,1,2,79
8,14,3-2,longo,50,dfs,79,3,limiar_25,1,1,2,79
8,14,3-2,longo,50,dfs,79,3,limiar_50,1,2,22,79
8,14,3-2,longo,50,dfs,79,3,otimo,1,1,19,79
8,14,3-2,longo,50,bfs,79,3,guloso,1,1,2,79
8,14,3-2,longo,50,bfs,79,3,todo_centro,1,3,72,79
8,14,3-2,longo,50,bfs,79,3,limiar_10,1,1,2,79
8,14,3-2,longo,50,bfs,79,3,limiar_25,1,1,2,79
8,14,3-2,longo,50,bfs,79,3,limiar_50,1,2,22,79
8,14,3-2,longo,50,bfs,79,3,otimo,1,1,19,79
8,14,3-2,longo,50,dijkstra,67,2,guloso,1,1,12,67
8,14,3-2,longo,50,dijkstra,67,2,todo_centro,1,2,62,67
8,14,3-2,longo,50,dijkstra,67,2,limiar_10,0,0,0,42
8,14,3-2,longo,50,dijkstra,67,2,limiar_25,1,1,12,67
8,14,3-2,longo,50,dijkstra,67,2,limiar_50,1,1,19,67
8,14,3-2,longo,50,dijkstra,67,2,otimo,1,1,19,67
8,14,7-6,longo,34,dfs,45,1,guloso,1,1,3,45
8,14,7-6,longo,34,dfs,45,1,todo_centro,1,1,3,45
8,14,7-6,longo,34,dfs,45,1,limiar_10,1,1,3,45
8,14,7-6,longo,34,dfs,45,1,limiar_25,1,1,3,45
8,14,7-6,longo,34,dfs,45,1,limiar_50,1,1,3,45
8,14,7-6,longo,34,dfs,45,1,otimo,1,1,3,45
8,14,7-6,longo,34,bfs,45,1,guloso,1,1,3,45
8,14,7-6,longo,34,bfs,45,1,todo_centro,1,1,3,45
8,14,7-6,longo,34,bfs,45,1,limiar_10,1,1,3,45
8,14,7-6,longo,34,bfs,45,1,limiar_25,1,1,3,45
8,14,7-6,longo,34,bfs,45,1,limiar_50,1,1,3,45
8,14,7-6,longo,34,bfs,45,1,otimo,1,1,3,45
8,14,7-6,longo,34,dijkstra,45,1,guloso,1,1,3,45
8,14,7-6,longo,34,dijkstra,45,1,todo_centro,1,1,3,45
8,14,7-6,longo,34,dijkstra,45,1,limiar_10,1,1,3,45
8,14,7-6,longo,34,dijkstra,45,1,limiar_25,1,1,3,45
8,14,7-6,longo,34,dijkstra,45,1,limiar_50,1,1,3,45
8,14,7-6,longo,34,dijkstra,45,1,otimo,1,1,3,45
8,14,6-7,longo,34,dfs,45,1,guloso,1,1,3,45
8,14,6-7,longo,34,dfs,45,1,todo_centro,1,1,3,45
8,14,6-7,longo,34,dfs,45,1,limiar_10,1,1,3,45
8,14,6-7,longo,34,dfs,45,1,limiar_25,1,1,3,45
8,14,6-7,longo,34,dfs,45,1,limiar_50,1,1,3,45
8,14,6-7,longo,34,dfs,45,1,otimo,1,1,3,45
8,14,6-7,longo,34,bfs,45,1,guloso,1,1,3,45
8,14,6-7,longo,34,bfs,45,1,todo_centro,1,1,3,45
8,14,6-7,longo,34,bfs,45,1,limiar_10,1,1,3,45
8,14,6-7,longo,34,bfs,45,1,limiar_25,1,1,3,45
8,14,6-7,longo,34,bfs,45,1,limiar_50,1,1,3,45
8,14,6-7,longo,34,bfs,45,1,otimo,1,1,3,45
8,14,6-7,longo,34,dijkstra,45,1,guloso,1,1,3,45
8,14,6-7,longo,34,dijkstra,45,1,todo_centro,1,1,3,45
8,14,6-7,longo,34,dijkstra,45,1,limiar_10,1,1,3,45
8,14,6-7,longo,34,dijkstra,45,1,limiar_25,1,1,3,45
8,14,6-7,longo,34,dijkstra,45,1,limiar_50,1,1,3,45
8,14,6-7,longo,34,dijkstra,45,1,otimo,1,1,3,45
8,15,4-4,longo,27,dfs,36,1,guloso,1,1,4,36
8,15,4-4,longo,27,dfs,36,1,todo_centro,1,1,4,36
8,15,4-4,longo,27,dfs,36,1,limiar_10,0,0,0,25
8,15,4-4,longo,27,dfs,36,1,limiar_25,1,1,4,36
8,15,4-4,longo,27,dfs,36,1,limiar_50,1,1,4,36
8,15,4-4,longo,27,dfs,36,1,otimo,1,1,4,36
8,15,4-4,longo,27,bfs,36,1,guloso,1,1,4,36
8,15,4-4,longo,27,bfs,36,1,todo_centro,1,1,4,36
8,15,4-4,longo,27,bfs,36,1,limiar_10,0,0,0,25
8,15,4-4,longo,27,bfs,36,1,limiar_25,1,1,4,36
8,15,4-4,longo,27,bfs,36,1,limiar_50,1,1,4,36
8,15,4-4,longo,27,bfs,36,1,otimo,1,1,4,36
8,15,4-4,longo,27,dijkstra,36,1,guloso,1,1,4,36
8,15,4-4,longo,27,dijkstra,36,1,todo_centro,1,1,4,36
8,15,4-4,longo,27,dijkstra,36,1,limiar_10,0,0,0,25
8,15,4-4,longo,27,dijkstra,36,1,limiar_25,1,1,4,36
8,15,4-4,longo,27,dijkstra,36,1,limiar_50,1,1,4,36
8,15,4-4,longo,27,dijkstra,36,1,otimo,1,1,4,36
8,15,3-5,longo,28,dfs,38,1,guloso,1,1,5,38
8,15,3-5,longo,28,dfs,38,1,todo_centro,1,1,5,38
8,15,3-5,longo,28,dfs,38,1,limiar_10,0,0,0,25
8,15,3-5,longo,28,dfs,38,1,limiar_25,1,1,5,38
8,15,3-5,longo,28,dfs,38,1,limiar_50,1,1,5,38
8,15,3-5,longo,28,dfs,38,1,otimo,1,1,5,38
8,15,3-5,longo,28,bfs,38,1,guloso,1,1,5,38
8,15,3-5,longo,28,bfs,38,1,todo_centro,1,1,5,38
8,15,3-5,longo,28,bfs,38,1,limiar_10,0,0,0,25
8,15,3-5,longo,28,bfs,38,1,limiar_25,1,1,5,38
8,15,3-5,longo,28,bfs,38,1,limiar_50,1,1,5,38
8,15,3-5,longo,28,bfs,38,1,otimo,1,1,5,38
8,15,3-5,longo,28,dijkstra,38,1,guloso,1,1,5,38
8,15,3-5,longo,28,dijkstra,38,1,todo_centro,1,1,5,38
8,15,3-5,longo,28,dijkstra,38,1,limiar_10,0,0,0,25
8,15,3-5,longo,28,dijkstra,38,1,limiar_25,1,1,5,38
8,15,3-5,longo,28,dijkstra,38,1,limiar_50,1,1,5,38
8,15,3-5,longo,28,dijkstra,38,1,otimo,1,1,5,38
8,16,3-7,longo,44,dfs,66,2,guloso,1,1,20,66
8,16,3-7,longo,44,dfs,66,2,todo_centro,1,2,26,66
8,16,3-7,longo,44,dfs,66,2,limiar_10,0,0,0,39
8,16,3-7,longo,44,dfs,66,2,limiar_25,0,0,0,39
8,16,3-7,longo,44,dfs,66,2,limiar_50,1,2,26,66
8,16,3-7,longo,44,dfs,66,2,otimo,1,1,20,66
8,16,3-7,longo,44,bfs,66,2,guloso,1,1,20,66
8,16,3-7,longo,44,bfs,66,2,todo_centro,1,2,26,66
8,16,3-7,longo,44,bfs,66,2,limiar_10,0,0,0,39
8,16,3-7,longo,44,bfs,66,2,limiar_25,0,0,0,39
8,16,3-7,longo,44,bfs,66,2,limiar_50,1,2,26,66
8,16,3-7,longo,44,bfs,66,2,otimo,1,1,20,66
8,16,3-7,longo,44,dijkstra,58,2,guloso,1,1,20,58
8,16,3-7,longo,44,dijkstra,58,2,todo_centro,1,2,34,58
8,16,3-7,longo,44,dijkstra,58,2,limiar_10,0,0,0,39
8,16,3-7,longo,44,dijkstra,58,2,limiar_25,0,0,0,39
8,16,3-7,longo,44,dijkstra,58,2,limiar_50,1,2,34,58
8,16,3-7,longo,44,dijkstra,58,2,otimo,1,1,20,58
8,16,5-3,medio,37,dijkstra,74,4,guloso,1,2,20,74
8,16,5-3,medio,37,dijkstra,74,4,todo_centro,1,4,80,74
8,16,5-3,medio,37,dijkstra,74,4,limiar_10,0,0,0,36
8,16,5-3,medio,37,dijkstra,74,4,limiar_25,0,0,0,36
8,16,5-3,medio,37,dijkstra,74,4,limiar_50,1,2,20,74
8,16,5-3,medio,37,dijkstra,74,4,otimo,1,2,20,74
8,16,5-3,longo,56,dijkstra,74,4,guloso,1,1,2,74
8,16,5-3,longo,56,dijkstra,74,4,todo_centro,1,4,156,74
8,16,5-3,longo,56,dijkstra,74,4,limiar_10,1,1,2,74
8,16,5-3,longo,56,dijkstra,74,4,limiar_25,1,1,2,74
8,16,5-3,longo,56,dijkstra,74,4,limiar_50,1,1,2,74
8,16,5-3,longo,56,dijkstra,74,4,otimo,1,1,32,74
8,16,7-7,medio,44,dfs,96,2,guloso,1,2,26,96
8,16,7-7,medio,44,dfs,96,2,todo_centro,1,2,26,96
8,16,7-7,medio,44,dfs,96,2,limiar_10,0,0,0,39
8,16,7-7,medio,44,dfs,96,2,limiar_25,0,0,0,39
8,16,7-7,medio,44,dfs,96,2,limiar_50,1,2,26,96
8,16,7-7,medio,44,dfs,96,2,otimo,1,2,26,96
8,16,7-7,medio,44,bfs,96,2,guloso,1,2,26,96
8,16,7-7,medio,44,bfs,96,2,todo_centro,1,2,26,96
8,16,7-7,medio,44,bfs,96,2,limiar_10,0,0,0,39
8,16,7-7,medio,44,bfs,96,2,limiar_25,0,0,0,39
8,16,7-7,medio,44,bfs,96,2,limiar_50,1,2,26,96
8,16,7-7,medio,44,bfs,96,2,otimo,1,2,26,96
8,16,7-7,medio,44,dijkstra,88,2,guloso,1,2,34,88
8,16,7-7,medio,44,dijkstra,88,2,todo_centro,1,2,34,88
8,16,7-7,medio,44,dijkstra,88,2,limiar_10,0,0,0,39
8,16,7-7,medio,44,dijkstra,88,2,limiar_25,0,0,0,39
8,16,7-7,medio,44,dijkstra,88,2,limiar_50,1,2,34,88
8,16,7-7,medio,44,dijkstra,88,2,otimo,1,2,34,88
8,16,7-7,longo,66,dfs,96,2,guloso,1,1,4,96
8,16,7-7,longo,66,dfs,96,2,todo_centro,1,2,70,96
8,16,7-7,longo,66,dfs,96,2,limiar_10,1,1,4,96
8,16,7-7,longo,66,dfs,96,2,limiar_25,1,1,4,96
8,16,7-7,longo,66,dfs,96,2,limiar_50,1,1,4,96
8,16,7-7,longo,66,dfs,96,2,otimo,1,1,4,96
8,16,7-7,longo,66,bfs,96,2,guloso,1,1,4,96
8,16,7-7,longo,66,bfs,96,2,todo_centro,1,2,70,96
8,16,7-7,longo,66,bfs,96,2,limiar_10,1,1,4,96
8,16,7-7,longo,66,bfs,96,2,limiar_25,1,1,4,96
8,16,7-7,longo,66,bfs,96,2,limiar_50,1,1,4,96
8,16,7-7,longo,66,bfs,96,2,otimo,1,1,4,96
8,16,7-7,longo,66,dijkstra,88,2,guloso,1,1,12,88
8,16,7-7,longo,66,dijkstra,88,2,todo_centro,1,2,78,88
8,16,7-7,longo,66,dijkstra,88,2,limiar_10,0,0,0,66
8,16,7-7,longo,66,dijkstra,88,2,limiar_25,1,1,12,88
8,16,7-7,longo,66,dijkstra,88,2,limiar_50,1,1,12,88
8,16,7-7,longo,66,dijkstra,88,2,otimo,1,1,42,88
8,16,1-6,longo,44,dfs,59,1,guloso,1,1,20,59
8,16,1-6,longo,44,dfs,59,1,todo_centro,1,1,20,59
8,16,1-6,longo,44,dfs,59,1,limiar_10,0,0,0,39
8,16,1-6,longo,44,dfs,59,1,limiar_25,0,0,0,39
8,16,1-6,longo,44,dfs,59,1,limiar_50,1,1,20,59
8,16,1-6,longo,44,dfs,59,1,otimo,1,1,20,59
8,16,1-6,longo,44,bfs,59,1,guloso,1,1,20,59
8,16,1-6,longo,44,bfs,59,1,todo_centro,1,1,20,59
8,16,1-6,longo,44,bfs,59,1,limiar_10,0,0,0,39
8,16,1-6,longo,44,bfs,59,1,limiar_25,0,0,0,39
8,16,1-6,longo,44,bfs,59,1,limiar_50,1,1,20,59
8,16,1-6,longo,44,bfs,59,1,otimo,1,1,20,59
8,16,1-6,longo,44,dijkstra,59,1,guloso,1,1,20,59
8,16,1-6,longo,44,dijkstra,59,1,todo_centro,1,1,20,59
8,16,1-6,longo,44,dijkstra,59,1,limiar_10,0,0,0,39
8,16,1-6,longo,44,dijkstra,59,1,limiar_25,0,0,0,39
8,16,1-6,longo,44,dijkstra,59,1,limiar_50,1,1,20,59
8,16,1-6,longo,44,dijkstra,59,1,otimo,1,1,20,59
8,16,6-4,medio,43,dfs,102,2,guloso,1,2,24,102
8,16,6-4,medio,43,dfs,102,2,todo_centro,1,2,24,102
8,16,6-4,medio,43,dfs,102,2,limiar_10,0,0,0,39
8,16,6-4,medio,43,dfs,102,2,limiar_25,0,0,0,39
8,16,6-4,medio,43,dfs,102,2,limiar_50,1,2,24,102
8,16,6-4,medio,43,dfs,102,2,otimo,1,2,24,102
8,16,6-4,medio,43,dijkstra,86,4,guloso,1,2,19,86
8,16,6-4,medio,43,dijkstra,86,4,todo_centro,1,4,104,86
8,16,6-4,medio,43,dijkstra,86,4,limiar_10,0,0,0,39
8,16,6-4,medio,43,dijkstra,86,4,limiar_25,0,0,0,39
8,16,6-4,medio,43,dijkstra,86,4,limiar_50,1,2,32,86
8,16,6-4,medio,43,dijkstra,86,4,otimo,1,2,32,86
8,16,6-4,longo,64,dfs,102,2,guloso,1,1,2,102
8,16,6-4,longo,64,dfs,102,2,todo_centro,1,2,66,102
8,16,6-4,longo,64,dfs,102,2,limiar_10,1,1,2,102
8,16,6-4,longo,64,dfs,102,2,limiar_25,1,1,2,102
8,16,6-4,longo,64,dfs,102,2,limiar_50,1,1,2,102
8,16,6-4,longo,64,dfs,102,2,otimo,1,1,2,102
8,16,6-4,longo,64,dijkstra,86,4,guloso,1,1,10,86
8,16,6-4,longo,64,dijkstra,86,4,todo_centro,1,4,188,86
8,16,6-4,longo,64,dijkstra,86,4,limiar_10,0,0,0,57
8,16,6-4,longo,64,dijkstra,86,4,limiar_25,1,1,10,86
8,16,6-4,longo,64,dijkstra,86,4,limiar_50,1,1,10,86
8,16,6-4,longo,64,dijkstra,86,4,otimo,1,1,40,86
8,16,6-7,medio,42,dfs,93,2,guloso,1,2,22,93
8,16,6-7,medio,42,dfs,93,2,todo_centro,1,2,22,93
8,16,6-7,medio,42,dfs,93,2,limiar_10,0,0,0,39
8,16,6-7,medio,42,dfs,93,2,limiar_25,0,0,0,39
8,16,6-7,medio,42,dfs,93,2,limiar_50,1,2,22,93
8,16,6-7,medio,42,dfs,93,2,otimo,1,2,22,93
8,16,6-7,medio,42,bfs,93,2,guloso,1,2,22,93
8,16,6-7,medio,42,bfs,93,2,todo_centro,1,2,22,93
8,16,6-7,medio,42,bfs,93,2,limiar_10,0,0,0,39
8,16,6-7,medio,42,bfs,93,2,limiar_25,0,0,0,39
8,16,6-7,medio,42,bfs,93,2,limiar_50,1,2,22,93
8,16,6-7,medio,42,bfs,93,2,otimo,1,2,22,93
8,16,6-7,medio,42,dijkstra,85,2,guloso,1,2,30,85
8,16,6-7,medio,42,dijkstra,85,2,todo_centro,1,2,30,85
8,16,6-7,medio,42,dijkstra,85,2,limiar_10,0,0,0,39
8,16,6-7,medio,42,dijkstra,85,2,limiar_25,0,0,0,39
8,16,6-7,medio,42,dijkstra,85,2,limiar_50,1,2,30,85
8,16,6-7,medio,42,dijkstra,85,2,otimo,1,2,30,85
8,16,6-7,longo,64,dfs,93,2,guloso,1,1,2,93
8,16,6-7,longo,64,dfs,93,2,todo_centro,1,2,66,93
8,16,6-7,longo,64,dfs,93,2,limiar_10,1,1,2,93
8,16,6-7,longo,64,dfs,93,2,limiar_25,1,1,2,93
8,16,6-7,longo,64,dfs,93,2,limiar_50,1,1,2,93
8,16,6-7,longo,64,dfs,93,2,otimo,1,1,2,93
8,16,6-7,longo,64,bfs,93,2,guloso,1,1,2,93
8,16,6-7,longo,64,bfs,93,2,todo_centro,1,2,66,93
8,16,6-7,longo,64,bfs,93,2,limiar_10,1,1,2,93
8,16,6-7,longo,64,bfs,93,2,limiar_25,1,1,2,93
8,16,6-7,longo,64,bfs,93,2,limiar_50,1,1,2,93
8,16,6-7,longo,64,bfs,93,2,otimo,1,1,2,93
8,16,6-7,longo,64,dijkstra,85,2,guloso,1,1,10,85
8,16,6-7,longo,64,dijkstra,85,2,todo_centro,1,2,74,85
8,16,6-7,longo,64,dijkstra,85,2,limiar_10,0,0,0,57
8,16,6-7,longo,64,dijkstra,85,2,limiar_25,1,1,10,85
8,16,6-7,longo,64,dijkstra,85,2,limiar_50,1,1,10,85
8,16,6-7,longo,64,dijkstra,85,2,otimo,1,1,40,85
8,16,4-5,medio,34,dijkstra,67,2,guloso,1,2,14,67
8,16,4-5,medio,34,dijkstra,67,2,todo_centro,1,2,14,67
8,16,4-5,medio,34,dijkstra,67,2,limiar_10,0,0,0,33
8,16,4-5,medio,34,dijkstra,67,2,limiar_25,0,0,0,33
8,16,4-5,medio,34,dijkstra,67,2,limiar_50,1,2,14,67
8,16,4-5,medio,34,dijkstra,67,2,otimo,1,2,14,67
8,16,4-5,longo,50,dfs,75,2,guloso,1,2,38,75
8,16,4-5,longo,50,dfs,75,2,todo_centro,1,2,38,75
8,16,4-5,longo,50,dfs,75,2,limiar_10,0,0,0,48
8,16,4-5,longo,50,dfs,75,2,limiar_25,0,0,0,48
8,16,4-5,longo,50,dfs,75,2,limiar_50,0,0,0,48
8,16,4-5,longo,50,dfs,75,2,otimo,1,2,38,75
8,16,4-5,longo,50,bfs,75,2,guloso,1,2,38,75
8,16,4-5,longo,50,bfs,75,2,todo_centro,1,2,38,75
8,16,4-5,longo,50,bfs,75,2,limiar_10,0,0,0,48
8,16,4-5,longo,50,bfs,75,2,limiar_25,0,0,0,48
8,16,4-5,longo,50,bfs,75,2,limiar_50,0,0,0,48
8,16,4-5,longo,50,bfs,75,2,otimo,1,2,38,75
8,16,4-5,longo,50,dijkstra,67,2,guloso,1,1,26,67
8,16,4-5,longo,50,dijkstra,67,2,todo_centro,1,2,46,67
8,16,4-5,longo,50,dijkstra,67,2,limiar_10,0,0,0,48
8,16,4-5,longo,50,dijkstra,67,2,limiar_25,0,0,0,48
8,16,4-5,longo,50,dijkstra,67,2,limiar_50,0,0,0,48
8,16,4-5,longo,50,dijkstra,67,2,otimo,1,1,26,67
8,17,1-7,longo,8,bfs,10,1,guloso,1,1,0,10
8,17,1-7,longo,8,bfs,10,1,todo_centro,1,1,0,10
8,17,1-7,longo,8,bfs,10,1,limiar_10,1,1,0,10
8,17,1-7,longo,8,bfs,10,1,limiar_25,1,1,0,10
8,17,1-7,longo,8,bfs,10,1,limiar_50,1,1,0,10
8,17,1-7,longo,8,bfs,10,1,otimo,1,1,0,10
8,17,1-7,longo,8,dijkstra,10,1,guloso,1,1,0,10
8,17,1-7,longo,8,dijkstra,10,1,todo_centro,1,1,0,10
8,17,1-7,longo,8,dijkstra,10,1,limiar_10,1,1,0,10
8,17,1-7,longo,8,dijkstra,10,1,limiar_25,1,1,0,10
8,17,1-7,longo,8,dijkstra,10,1,limiar_50,1,1,0,10
8,17,1-7,longo,8,dijkstra,10,1,otimo,1,1,0,10
8,17,6-4,longo,39,dijkstra,52,2,guloso,1,1,2,52
8,17,6-4,longo,39,dijkstra,52,2,todo_centro,1,2,41,52
8,17,6-4,longo,39,dijkstra,52,2,limiar_10,1,1,2,52
8,17,6-4,longo,39,dijkstra,52,2,limiar_25,1,1,6,52
8,17,6-4,longo,39,dijkstra,52,2,limiar_50,1,1,6,52
8,17,6-4,longo,39,dijkstra,52,2,otimo,1,1,6,52
8,17,1-1,longo,2,dfs,2,0,guloso,1,0,0,2
8,17,1-1,longo,2,dfs,2,0,todo_centro,1,0,0,2
8,17,1-1,longo,2,dfs,2,0,limiar_10,1,0,0,2
8,17,1-1,longo,2,dfs,2,0,limiar_25,1,0,0,2
8,17,1-1,longo,2,dfs,2,0,limiar_50,1,0,0,2
8,17,1-1,longo,2,dfs,2,0,otimo,1,0,0,2
8,17,1-1,longo,2,bfs,2,0,guloso,1,0,0,2
8,17,1-1,longo,2,bfs,2,0,todo_centro,1,0,0,2
8,17,1-1,longo,2,bfs,2,0,limiar_10,1,0,0,2
8,17,1-1,longo,2,bfs,2,0,limiar_25,1,0,0,2
8,17,1-1,longo,2,bfs,2,0,limiar_50,1,0,0,2
8,17,1-1,longo,2,bfs,2,0,otimo,1,0,0,2
8,17,1-1,longo,2,dijkstra,2,0,guloso,1,0,0,2
8,17,1-1,longo,2,dijkstra,2,0,todo_centro,1,0,0,2
8,17,1-1,longo,2,dijkstra,2,0,limiar_10,1,0,0,2
8,17,1-1,longo,2,dijkstra,2,0,limiar_25,1,0,0,2
8,17,1-1,longo,2,dijkstra,2,0,limiar_50,1,0,0,2
8,17,1-1,longo,2,dijkstra,2,0,otimo,1,0,0,2
8,17,0-6,longo,8,dijkstra,10,1,guloso,1,1,0,10
8,17,0-6,longo,8,dijkstra,10,1,todo_centro,1,1,0,10
8,17,0-6,longo,8,dijkstra,10,1,limiar_10,1,1,0,10
8,17,0-6,longo,8,dijkstra,10,1,limiar_25,1,1,0,10
8,17,0-6,longo,8,dijkstra,10,1,limiar_50,1,1,0,10
8,17,0-6,longo,8,dijkstra,10,1,otimo,1,1,0,10
8,18,3-7,longo,45,dfs,60,2,guloso,1,1,4,60
8,18,3-7,longo,45,dfs,60,2,todo_centro,1,2,31,60
8,18,3-7,longo,45,dfs,60,2,limiar_10,1,1,4,60
8,18,3-7,longo,45,dfs,60,2,limiar_25,1,1,4,60
8,18,3-7,longo,45,dfs,60,2,limiar_50,1,1,4,60
8,18,3-7,longo,45,dfs,60,2,otimo,1,1,4,60
8,18,3-7,longo,45,bfs,60,2,guloso,1,1,4,60
8,18,3-7,longo,45,bfs,60,2,todo_centro,1,2,31,60
8,18,3-7,longo,45,bfs,60,2,limiar_10,1,1,4,60
8,18,3-7,longo,45,bfs,60,2,limiar_25,1,1,4,60
8,18,3-7,longo,45,bfs,60,2,limiar_50,1,1,4,60
8,18,3-7,longo,45,bfs,60,2,otimo,1,1,4,60
8,18,3-7,longo,45,dijkstra,60,2,guloso,1,1,4,60
8,18,3-7,longo,45,dijkstra,60,2,todo_centro,1,2,31,60
8,18,3-7,longo,45,dijkstra,60,2,limiar_10,1,1,4,60
8,18,3-7,longo,45,dijkstra,60,2,limiar_25,1,1,4,60
8,18,3-7,longo,45,dijkstra,60,2,limiar_50,1,1,4,60
8,18,3-7,longo,45,dijkstra,60,2,otimo,1,1,4,60
8,18,6-6,medio,32,dijkstra,64,2,guloso,1,2,29,64
8,18,6-6,medio,32,dijkstra,64,2,todo_centro,1,2,29,64
8,18,6-6,medio,32,dijkstra,64,2,limiar_10,0,0,0,31
8,18,6-6,medio,32,dijkstra,64,2,limiar_25,0,1,5,59
8,18,6-6,medio,32,dijkstra,64,2,limiar_50,0,1,5,59
8,18,6-6,medio,32,dijkstra,64,2,otimo,1,2,29,64
8,18,6-6,longo,48,dfs,78,2,guloso,1,1,7,78
8,18,6-6,longo,48,dfs,78,2,todo_centro,1,2,37,78
8,18,6-6,longo,48,dfs,78,2,limiar_10,0,0,0,41
8,18,6-6,longo,48,dfs,78,2,limiar_25,1,1,7,78
8,18,6-6,longo,48,dfs,78,2,limiar_50,1,1,7,78
8,18,6-6,longo,48,dfs,78,2,otimo,1,1,7,78
8,18,6-6,longo,48,bfs,64,2,guloso,1,1,7,64
8,18,6-6,longo,48,bfs,64,2,todo_centro,1,2,37,64
8,18,6-6,longo,48,bfs,64,2,limiar_10,0,0,0,41
8,18,6-6,longo,48,bfs,64,2,limiar_25,1,1,7,64
8,18,6-6,longo,48,bfs,64,2,limiar_50,1,1,7,64
8,18,6-6,longo,48,bfs,64,2,otimo,1,1,7,64
8,18,6-6,longo,48,dijkstra,64,2,guloso,1,1,13,64
8,18,6-6,longo,48,dijkstra,64,2,todo_centro,1,2,61,64
8,18,6-6,longo,48,dijkstra,64,2,limiar_10,0,0,0,44
8,18,6-6,longo,48,dijkstra,64,2,limiar_25,0,0,0,44
8,18,6-6,longo,48,dijkstra,64,2,limiar_50,1,1,21,64
8,18,6-6,longo,48,dijkstra,64,2,otimo,1,1,21,64
8,18,7-7,longo,58,dfs,78,2,guloso,1,1,17,78
8,18,7-7,longo,58,dfs,78,2,todo_centro,1,2,57,78
8,18,7-7,longo,58,dfs,78,2,limiar_10,0,0,0,56
8,18,7-7,longo,58,dfs,78,2,limiar_25,0,0,0,56
8,18,7-7,longo,58,dfs,78,2,limiar_50,1,1,17,78
8,18,7-7,longo,58,dfs,78,2,otimo,1,1,17,78
8,18,7-7,longo,58,bfs,78,2,guloso,1,1,17,78
8,18,7-7,longo,58,bfs,78,2,todo_centro,1,2,57,78
8,18,7-7,longo,58,bfs,78,2,limiar_10,0,0,0,56
8,18,7-7,longo,58,bfs,78,2,limiar_25,0,0,0,56
8,18,7-7,longo,58,bfs,78,2,limiar_50,1,1,17,78
8,18,7-7,longo,58,bfs,78,2,otimo,1,1,17,78
8,18,7-7,longo,58,dijkstra,78,2,guloso,1,1,23,78
8,18,7-7,longo,58,dijkstra,78,2,todo_centro,1,2,81,78
8,18,7-7,longo,58,dijkstra,78,2,limiar_10,0,0,0,44
8,18,7-7,longo,58,dijkstra,78,2,limiar_25,0,0,0,44
8,18,7-7,longo,58,dijkstra,78,2,limiar_50,1,1,23,78
8,18,7-7,longo,58,dijkstra,78,2,otimo,1,1,31,78
8,19,1-7,longo,34,dfs,46,2,guloso,1,2,31,46
8,19,1-7,longo,34,dfs,46,2,todo_centro,1,2,31,46
8,19,1-7,longo,34,dfs,46,2,limiar_10,0,0,0,34
8,19,1-7,longo,34,dfs,46,2,limiar_25,0,0,0,34
8,19,1-7,longo,34,dfs,46,2,limiar_50,0,0,0,34
8,19,1-7,longo,34,dfs,46,2,otimo,1,2,31,46
8,19,1-7,longo,34,bfs,46,2,guloso,1,2,31,46
8,19,1-7,longo,34,bfs,46,2,todo_centro,1,2,31,46
8,19,1-7,longo,34,bfs,46,2,limiar_10,0,0,0,34
8,19,1-7,longo,34,bfs,46,2,limiar_25,0,0,0,34
8,19,1-7,longo,34,bfs,46,2,limiar_50,0,0,0,34
8,19,1-7,longo,34,bfs,46,2,otimo,1,2,31,46
8,19,1-7,longo,34,dijkstra,46,2,guloso,1,2,31,46
8,19,1-7,longo,34,dijkstra,46,2,todo_centro,1,2,31,46
8,19,1-7,longo,34,dijkstra,46,2,limiar_10,0,0,0,34
8,19,1-7,longo,34,dijkstra,46,2,limiar_25,0,0,0,34
8,19,1-7,longo,34,dijkstra,46,2,limiar_50,0,0,0,34
8,19,1-7,longo,34,dijkstra,46,2,otimo,1,2,31,46
8,19,6-3,longo,28,bfs,37,1,guloso,1,1,6,37
8,19,6-3,longo,28,bfs,37,1,todo_centro,1,1,6,37
8,19,6-3,longo,28,bfs,37,1,limiar_10,0,0,0,28
8,19,6-3,longo,28,bfs,37,1,limiar_25,1,1,6,37
8,19,6-3,longo,28,bfs,37,1,limiar_50,1,1,6,37
8,19,6-3,longo,28,bfs,37,1,otimo,1,1,6,37
8,19,6-3,longo,28,dijkstra,37,1,guloso,1,1,6,37
8,19,6-3,longo,28,dijkstra,37,1,todo_centro,1,1,6,37
8,19,6-3,longo,28,dijkstra,37,1,limiar_10,0,0,0,28
8,19,6-3,longo,28,dijkstra,37,1,limiar_25,1,1,6,37
8,19,6-3,longo,28,dijkstra,37,1,limiar_50,1,1,6,37
8,19,6-3,longo,28,dijkstra,37,1,otimo,1,1,6,37
8,19,5-7,longo,38,dfs,52,2,guloso,1,1,1,52
8,19,5-7,longo,38,dfs,52,2,todo_centro,1,2,39,52
8,19,5-7,longo,38,dfs,52,2,limiar_10,1,1,1,52
8,19,5-7,longo,38,dfs,52,2,limiar_25,1,1,1,52
8,19,5-7,longo,38,dfs,52,2,limiar_50,1,1,1,52
8,19,5-7,longo,38,dfs,52,2,otimo,1,1,1,52
8,19,5-7,longo,38,bfs,52,2,guloso,1,1,1,52
8,19,5-7,longo,38,bfs,52,2,todo_centro,1,2,39,52
8,19,5-7,longo,38,bfs,52,2,limiar_10,1,1,1,52
8,19,5-7,longo,38,bfs,52,2,limiar_25,1,1,1,52
8,19,5-7,longo,38,bfs,52,2,limiar_50,1,1,1,52
8,19,5-7,longo,38,bfs,52,2,otimo,1,1,1,52
8,19,2-7,longo,28,dfs,37,1,guloso,1,1,17,37
8,19,2-7,longo,28,dfs,37,1,todo_centro,1,1,17,37
8,19,2-7,longo,28,dfs,37,1,limiar_10,0,0,0,22
8,19,2-7,longo,28,dfs,37,1,limiar_25,0,0,0,22
8,19,2-7,longo,28,dfs,37,1,limiar_50,0,0,0,22
8,19,2-7,longo,28,dfs,37,1,otimo,1,1,17,37
8,19,2-7,longo,28,bfs,37,1,guloso,1,1,17,37
8,19,2-7,longo,28,bfs,37,1,todo_centro,1,1,17,37
8,19,2-7,longo,28,bfs,37,1,limiar_10,0,0,0,22
8,19,2-7,longo,28,bfs,37,1,limiar_25,0,0,0,22
8,19,2-7,longo,28,bfs,37,1,limiar_50,0,0,0,22
8,19,2-7,longo,28,bfs,37,1,otimo,1,1,17,37
8,19,2-7,longo,28,dijkstra,37,1,guloso,1,1,17,37
8,19,2-7,longo,28,dijkstra,37,1,todo_centro,1,1,17,37
8,19,2-7,longo,28,dijkstra,37,1,limiar_10,0,0,0,22
8,19,2-7,longo,28,dijkstra,37,1,limiar_25,0,0,0,22
8,19,2-7,longo,28,dijkstra,37,1,limiar_50,0,0,0,22
8,19,2-7,longo,28,dijkstra,37,1,otimo,1,1,17,37
8,19,2-5,longo,23,dfs,31,1,guloso,1,1,12,31
8,19,2-5,longo,23,dfs,31,1,todo_centro,1,1,12,31
8,19,2-5,longo,23,dfs,31,1,limiar_10,0,0,0,22
8,19,2-5,longo,23,dfs,31,1,limiar_25,0,0,0,22
8,19,2-5,longo,23,dfs,31,1,limiar_50,0,0,0,22
8,19,2-5,longo,23,dfs,31,1,otimo,1,1,12,31
8,19,2-5,longo,23,bfs,31,1,guloso,1,1,12,31
8,19,2-5,longo,23,bfs,31,1,todo_centro,1,1,12,31
8,19,2-5,longo,23,bfs,31,1,limiar_10,0,0,0,22
8,19,2-5,longo,23,bfs,31,1,limiar_25,0,0,0,22
8,19,2-5,longo,23,bfs,31,1,limiar_50,0,0,0,22
8,19,2-5,longo,23,bfs,31,1,otimo,1,1,12,31
8,19,2-5,longo,23,dijkstra,31,1,guloso,1,1,12,31
8,19,2-5,longo,23,dijkstra,31,1,todo_centro,1,1,12,31
8,19,2-5,longo,23,dijkstra,31,1,limiar_10,0,0,0,22
8,19,2-5,longo,23,dijkstra,31,1,limiar_25,0,0,0,22
8,19,2-5,longo,23,dijkstra,31,1,limiar_50,0,0,0,22
8,19,2-5,longo,23,dijkstra,31,1,otimo,1,1,12,31
8,19,4-5,medio,28,dfs,57,2,guloso,1,2,19,57
8,19,4-5,medio,28,dfs,57,2,todo_centro,1,2,19,57
8,19,4-5,medio,28,dfs,57,2,limiar_10,0,0,0,22
8,19,4-5,medio,28,dfs,57,2,limiar_25,0,0,0,22
8,19,4-5,medio,28,dfs,57,2,limiar_50,0,0,0,22
8,19,4-5,medio,28,dfs,57,2,otimo,1,2,19,57
8,19,4-5,medio,28,bfs,57,2,guloso,1,2,19,57
8,19,4-5,medio,28,bfs,57,2,todo_centro,1,2,19,57
8,19,4-5,medio,28,bfs,57,2,limiar_10,0,0,0,22
8,19,4-5,medio,28,bfs,57,2,limiar_25,0,0,0,22
8,19,4-5,medio,28,bfs,57,2,limiar_50,0,0,0,22
8,19,4-5,medio,28,bfs,57,2,otimo,1,2,19,57
8,19,4-5,longo,41,dfs,57,2,guloso,1,1,4,57
8,19,4-5,longo,41,dfs,57,2,todo_centro,1,2,45,57
8,19,4-5,longo,41,dfs,57,2,limiar_10,1,1,4,57
8,19,4-5,longo,41,dfs,57,2,limiar_25,1,1,4,57
8,19,4-5,longo,41,dfs,57,2,limiar_50,1,1,4,57
8,19,4-5,longo,41,dfs,57,2,otimo,1,1,4,57
8,19,4-5,longo,41,bfs,57,2,guloso,1,1,4,57
8,19,4-5,longo,41,bfs,57,2,todo_centro,1,2,45,57
8,19,4-5,longo,41,bfs,57,2,limiar_10,1,1,4,57
8,19,4-5,longo,41,bfs,57,2,limiar_25,1,1,4,57
8,19,4-5,longo,41,bfs,57,2,limiar_50,1,1,4,57
8,19,4-5,longo,41,bfs,57,2,otimo,1,1,4,57
8,19,5-6,medio,26,dfs,53,2,guloso,1,2,15,53
8,19,5-6,medio,26,dfs,53,2,todo_centro,1,2,15,53
8,19,5-6,medio,26,dfs,53,2,limiar_10,0,0,0,22
8,19,5-6,medio,26,dfs,53,2,limiar_25,0,0,0,22
8,19,5-6,medio,26,dfs,53,2,limiar_50,0,0,0,22
8,19,5-6,medio,26,dfs,53,2,otimo,1,2,15,53
8,19,5-6,medio,26,bfs,53,2,guloso,1,2,15,53
8,19,5-6,medio,26,bfs,53,2,todo_centro,1,2,15,53
8,19,5-6,medio,26,bfs,53,2,limiar_10,0,0,0,22
8,19,5-6,medio,26,bfs,53,2,limiar_25,0,0,0,22
8,19,5-6,medio,26,bfs,53,2,limiar_50,0,0,0,22
8,19,5-6,medio,26,bfs,53,2,otimo,1,2,15,53
8,19,5-6,longo,38,dfs,53,2,guloso,1,1,1,53
8,19,5-6,longo,38,dfs,53,2,todo_centro,1,2,39,53
8,19,5-6,longo,38,dfs,53,2,limiar_10,1,1,1,53
8,19,5-6,longo,38,dfs,53,2,limiar_25,1,1,1,53
8,19,5-6,longo,38,dfs,53,2,limiar_50,1,1,1,53
8,19,5-6,longo,38,dfs,53,2,otimo,1,1,1,53
8,19,5-6,longo,38,bfs,53,2,guloso,1,1,1,53
8,19,5-6,longo,38,bfs,53,2,todo_centro,1,2,39,53
8,19,5-6,longo,38,bfs,53,2,limiar_10,1,1,1,53
8,19,5-6,longo,38,bfs,53,2,limiar_25,1,1,1,53
8,19,5-6,longo,38,bfs,53,2,limiar_50,1,1,1,53
8,19,5-6,longo,38,bfs,53,2,otimo,1,1,1,53
8,20,1-0,curto,1,dfs,1,0,guloso,1,0,0,1
8,20,1-0,curto,1,dfs,1,0,todo_centro,1,0,0,1
8,20,1-0,curto,1,dfs,1,0,limiar_10,1,0,0,1
8,20,1-0,curto,1,dfs,1,0,limiar_25,1,0,0,1
8,20,1-0,curto,1,dfs,1,0,limiar_50,1,0,0,1
8,20,1-0,curto,1,dfs,1,0,otimo,1,0,0,1
8,20,1-0,curto,1,bfs,1,0,guloso,1,0,0,1
8,20,1-0,curto,1,bfs,1,0,todo_centro,1,0,0,1
8,20,1-0,curto,1,bfs,1,0,limiar_10,1,0,0,1
8,20,1-0,curto,1,bfs,1,0,limiar_25,1,0,0,1
8,20,1-0,curto,1,bfs,1,0,limiar_50,1,0,0,1
8,20,1-0,curto,1,bfs,1,0,otimo,1,0,0,1
8,20,1-0,curto,1,dijkstra,1,0,guloso,1,0,0,1
8,20,1-0,curto,1,dijkstra,1,0,todo_centro,1,0,0,1
8,20,1-0,curto,1,dijkstra,1,0,limiar_10,1,0,0,1
8,20,1-0,curto,1,dijkstra,1,0,limiar_25,1,0,0,1
8,20,1-0,curto,1,dijkstra,1,0,limiar_50,1,0,0,1
8,20,1-0,curto,1,dijkstra,1,0,otimo,1,0,0,1
8,20,1-0,medio,1,dfs,1,0,guloso,1,0,0,1
8,20,1-0,medio,1,dfs,1,0,todo_centro,1,0,0,1
8,20,1-0,medio,1,dfs,1,0,limiar_10,1,0,0,1
8,20,1-0,medio,1,dfs,1,0,limiar_25,1,0,0,1
8,20,1-0,medio,1,dfs,1,0,limiar_50,1,0,0,1
8,20,1-0,medio,1,dfs,1,0,otimo,1,0,0,1
8,20,1-0,medio,1,bfs,1,0,guloso,1,0,0,1
8,20,1-0,medio,1,bfs,1,0,todo_centro,1,0,0,1
8,20,1-0,medio,1,bfs,1,0,limiar_10,1,0,0,1
8,20,1-0,medio,1,bfs,1,0,limiar_25,1,0,0,1
8,20,1-0,medio,1,bfs,1,0,limiar_50,1,0,0,1
8,20,1-0,medio,1,bfs,1,0,otimo,1,0,0,1
8,20,1-0,medio,1,dijkstra,1,0,guloso,1,0,0,1
8,20,1-0,medio,1,dijkstra,1,0,todo_centro,1,0,0,1
8,20,1-0,medio,1,dijkstra,1,0,limiar_10,1,0,0,1
8,20,1-0,medio,1,dijkstra,1,0,limiar_25,1,0,0,1
8,20,1-0,medio,1,dijkstra,1,0,limiar_50,1,0,0,1
8,20,1-0,medio,1,dijkstra,1,0,otimo,1,0,0,1
8,20,1-0,longo,1,dfs,1,0,guloso,1,0,0,1
8,20,1-0,longo,1,dfs,1,0,todo_centro,1,0,0,1
8,20,1-0,longo,1,dfs,1,0,limiar_10,1,0,0,1
8,20,1-0,longo,1,dfs,1,0,limiar_25,1,0,0,1
8,20,1-0,longo,1,dfs,1,0,limiar_50,1,0,0,1
8,20,1-0,longo,1,dfs,1,0,otimo,1,0,0,1
8,20,1-0,longo,1,bfs,1,0,guloso,1,0,0,1
8,20,1-0,longo,1,bfs,1,0,todo_centro,1,0,0,1
8,20,1-0,longo,1,bfs,1,0,limiar_10,1,0,0,1
8,20,1-0,longo,1,bfs,1,0,limiar_25,1,0,0,1
8,20,1-0,longo,1,bfs,1,0,limiar_50,1,0,0,1
8,20,1-0,longo,1,bfs,1,0,otimo,1,0,0,1
8,20,1-0,longo,1,dijkstra,1,0,guloso,1,0,0,1
8,20,1-0,longo,1,dijkstra,1,0,todo_centro,1,0,0,1
8,20,1-0,longo,1,dijkstra,1,0,limiar_10,1,0,0,1
8,20,1-0,longo,1,dijkstra,1,0,limiar_25,1,0,0,1
8,20,1-0,longo,1,dijkstra,1,0,limiar_50,1,0,0,1
8,20,1-0,longo,1,dijkstra,1,0,otimo,1,0,0,1
8,20,2-5,longo,23,dijkstra,31,1,guloso,1,1,2,31
8,20,2-5,longo,23,dijkstra,31,1,todo_centro,1,1,2,31
8,20,2-5,longo,23,dijkstra,31,1,limiar_10,1,1,2,31
8,20,2-5,longo,23,dijkstra,31,1,limiar_25,1,1,2,31
8,20,2-5,longo,23,dijkstra,31,1,limiar_50,1,1,2,31
8,20,2-5,longo,23,dijkstra,31,1,otimo,1,1,2,31
8,20,2-6,longo,26,dijkstra,34,1,guloso,1,1,5,34
8,20,2-6,longo,26,dijkstra,34,1,todo_centro,1,1,5,34
8,20,2-6,longo,26,dijkstra,34,1,limiar_10,0,0,0,25
8,20,2-6,longo,26,dijkstra,34,1,limiar_25,1,1,5,34
8,20,2-6,longo,26,dijkstra,34,1,limiar_50,1,1,5,34
8,20,2-6,longo,26,dijkstra,34,1,otimo,1,1,5,34
8,20,7-1,longo,26,dijkstra,34,1,guloso,1,1,4,34
8,20,7-1,longo,26,dijkstra,34,1,todo_centro,1,1,4,34
8,20,7-1,longo,26,dijkstra,34,1,limiar_10,0,0,0,25
8,20,7-1,longo,26,dijkstra,34,1,limiar_25,1,1,4,34
8,20,7-1,longo,26,dijkstra,34,1,limiar_50,1,1,4,34
8,20,7-1,longo,26,dijkstra,34,1,otimo,1,1,4,34
8,20,6-7,medio,26,dijkstra,51,2,guloso,1,2,25,51
8,20,6-7,medio,26,dijkstra,51,2,todo_centro,1,2,25,51
8,20,6-7,medio,26,dijkstra,51,2,limiar_10,0,0,0,24
8,20,6-7,medio,26,dijkstra,51,2,limiar_25,0,1,4,36
8,20,6-7,medio,26,dijkstra,51,2,limiar_50,0,1,4,36
8,20,6-7,medio,26,dijkstra,51,2,otimo,1,2,25,51
8,20,6-7,longo,38,dijkstra,51,2,guloso,1,1,11,51
8,20,6-7,longo,38,dijkstra,51,2,todo_centro,1,2,49,51
8,20,6-7,longo,38,dijkstra,51,2,limiar_10,0,0,0,36
8,20,6-7,longo,38,dijkstra,51,2,limiar_25,0,0,0,36
8,20,6-7,longo,38,dijkstra,51,2,limiar_50,1,1,16,51
8,20,6-7,longo,38,dijkstra,51,2,otimo,1,1,16,51
8,22,5-4,medio,26,dfs,51,2,guloso,1,2,5,51
8,22,5-4,medio,26,dfs,51,2,todo_centro,1,2,5,51
8,22,5-4,medio,26,dfs,51,2,limiar_10,0,1,2,50
8,22,5-4,medio,26,dfs,51,2,limiar_25,1,2,5,51
8,22,5-4,medio,26,dfs,51,2,limiar_50,1,2,5,51
8,22,5-4,medio,26,dfs,51,2,otimo,1,2,5,51
8,22,5-4,medio,26,bfs,51,2,guloso,1,2,5,51
8,22,5-4,medio,26,bfs,51,2,todo_centro,1,2,5,51
8,22,5-4,medio,26,bfs,51,2,limiar_10,0,1,2,50
8,22,5-4,medio,26,bfs,51,2,limiar_25,1,2,5,51
8,22,5-4,medio,26,bfs,51,2,limiar_50,1,2,5,51
8,22,5-4,medio,26,bfs,51,2,otimo,1,2,5,51
8,22,5-4,medio,26,dijkstra,51,2,guloso,1,2,5,51
8,22,5-4,medio,26,dijkstra,51,2,todo_centro,1,2,5,51
8,22,5-4,medio,26,dijkstra,51,2,limiar_10,0,1,2,50
8,22,5-4,medio,26,dijkstra,51,2,limiar_25,1,2,5,51
8,22,5-4,medio,26,dijkstra,51,2,limiar_50,1,2,5,51
8,22,5-4,medio,26,dijkstra,51,2,otimo,1,2,5,51
8,22,5-4,longo,38,dfs,51,2,guloso,1,1,14,51
8,22,5-4,longo,38,dfs,51,2,todo_centro,1,2,29,51
8,22,5-4,longo,38,dfs,51,2,limiar_10,0,0,0,37
8,22,5-4,longo,38,dfs,51,2,limiar_25,0,0,0,37
8,22,5-4,longo,38,dfs,51,2,limiar_50,1,2,29,51
8,22,5-4,longo,38,dfs,51,2,otimo,1,1,14,51
8,22,5-4,longo,38,bfs,51,2,guloso,1,1,14,51
8,22,5-4,longo,38,bfs,51,2,todo_centro,1,2,29,51
8,22,5-4,longo,38,bfs,51,2,limiar_10,0,0,0,37
8,22,5-4,longo,38,bfs,51,2,limiar_25,0,0,0,37
8,22,5-4,longo,38,bfs,51,2,limiar_50,1,2,29,51
8,22,5-4,longo,38,bfs,51,2,otimo,1,1,14,51
8,22,5-4,longo,38,dijkstra,51,2,guloso,1,1,14,51
8,22,5-4,longo,38,dijkstra,51,2,todo_centro,1,2,29,51
8,22,5-4,longo,38,dijkstra,51,2,limiar_10,0,0,0,37
8,22,5-4,longo,38,dijkstra,51,2,limiar_25,0,0,0,37
8,22,5-4,longo,38,dijkstra,51,2,limiar_50,1,2,29,51
8,22,5-4,longo,38,dijkstra,51,2,otimo,1,1,14,51
8,22,6-3,medio,24,dfs,47,1,guloso,1,1,0,47
8,22,6-3,medio,24,dfs,47,1,todo_centro,1,1,0,47
8,22,6-3,medio,24,dfs,47,1,limiar_10,1,1,0,47
8,22,6-3,medio,24,dfs,47,1,limiar_25,1,1,0,47
8,22,6-3,medio,24,dfs,47,1,limiar_50,1,1,0,47
8,22,6-3,medio,24,dfs,47,1,otimo,1,1,0,47
8,22,6-3,medio,24,bfs,47,1,guloso,1,1,0,47
8,22,6-3,medio,24,bfs,47,1,todo_centro,1,1,0,47
8,22,6-3,medio,24,bfs,47,1,limiar_10,1,1,0,47
8,22,6-3,medio,24,bfs,47,1,limiar_25,1,1,0,47
8,22,6-3,medio,24,bfs,47,1,limiar_50,1,1,0,47
8,22,6-3,medio,24,bfs,47,1,otimo,1,1,0,47
8,22,6-3,medio,24,dijkstra,47,1,guloso,1,1,0,47
8,22,6-3,medio,24,dijkstra,47,1,todo_centro,1,1,0,47
8,22,6-3,medio,24,dijkstra,47,1,limiar_10,1,1,0,47
8,22,6-3,medio,24,dijkstra,47,1,limiar_25,1,1,0,47
8,22,6-3,medio,24,dijkstra,47,1,limiar_50,1,1,0,47
8,22,6-3,medio,24,dijkstra,47,1,otimo,1,1,0,47
8,22,6-3,longo,35,dfs,47,1,guloso,1,1,11,47
8,22,6-3,longo,35,dfs,47,1,todo_centro,1,1,11,47
8,22,6-3,longo,35,dfs,47,1,limiar_10,0,0,0,24
8,22,6-3,longo,35,dfs,47,1,limiar_25,0,0,0,24
8,22,6-3,longo,35,dfs,47,1,limiar_50,1,1,11,47
8,22,6-3,longo,35,dfs,47,1,otimo,1,1,11,47
8,22,6-3,longo,35,bfs,47,1,guloso,1,1,11,47
8,22,6-3,longo,35,bfs,47,1,todo_centro,1,1,11,47
8,22,6-3,longo,35,bfs,47,1,limiar_10,0,0,0,24
8,22,6-3,longo,35,bfs,47,1,limiar_25,0,0,0,24
8,22,6-3,longo,35,bfs,47,1,limiar_50,1,1,11,47
8,22,6-3,longo,35,bfs,47,1,otimo,1,1,11,47
8,22,6-3,longo,35,dijkstra,47,1,guloso,1,1,11,47
8,22,6-3,longo,35,dijkstra,47,1,todo_centro,1,1,11,47
8,22,6-3,longo,35,dijkstra,47,1,limiar_10,0,0,0,24
8,22,6-3,longo,35,dijkstra,47,1,limiar_25,0,0,0,24
8,22,6-3,longo,35,dijkstra,47,1,limiar_50,1,1,11,47
8,22,6-3,longo,35,dijkstra,47,1,otimo,1,1,11,47
8,22,6-0,longo,39,dfs,52,1,guloso,1,1,15,52
8,22,6-0,longo,39,dfs,52,1,todo_centro,1,1,15,52
8,22,6-0,longo,39,dfs,52,1,limiar_10,0,0,0,37
8,22,6-0,longo,39,dfs,52,1,limiar_25,0,0,0,37
8,22,6-0,longo,39,dfs,52,1,limiar_50,1,1,15,52
8,22,6-0,longo,39,dfs,52,1,otimo,1,1,15,52
8,22,6-0,longo,39,bfs,52,1,guloso,1,1,15,52
8,22,6-0,longo,39,bfs,52,1,todo_centro,1,1,15,52
8,22,6-0,longo,39,bfs,52,1,limiar_10,0,0,0,37
8,22,6-0,longo,39,bfs,52,1,limiar_25,0,0,0,37
8,22,6-0,longo,39,bfs,52,1,limiar_50,1,1,15,52
8,22,6-0,longo,39,bfs,52,1,otimo,1,1,15,52
8,22,6-0,longo,39,dijkstra,52,1,guloso,1,1,15,52
8,22,6-0,longo,39,dijkstra,52,1,todo_centro,1,1,15,52
8,22,6-0,longo,39,dijkstra,52,1,limiar_10,0,0,0,37
8,22,6-0,longo,39,dijkstra,52,1,limiar_25,0,0,0,37
8,22,6-0,longo,39,dijkstra,52,1,limiar_50,1,1,15,52
8,22,6-0,longo,39,dijkstra,52,1,otimo,1,1,15,52
8,22,7-5,medio,26,bfs,52,2,guloso,1,2,5,52
8,22,7-5,medio,26,bfs,52,2,todo_centro,1,2,5,52
8,22,7-5,medio,26,bfs,52,2,limiar_10,0,1,2,50
8,22,7-5,medio,26,bfs,52,2,limiar_25,1,2,5,52
8,22,7-5,medio,26,bfs,52,2,limiar_50,1,2,5,52
8,22,7-5,medio,26,bfs,52,2,otimo,1,2,5,52
8,22,7-5,medio,26,dijkstra,52,2,guloso,1,2,5,52
8,22,7-5,medio,26,dijkstra,52,2,todo_centro,1,2,5,52
8,22,7-5,medio,26,dijkstra,52,2,limiar_10,0,1,2,50
8,22,7-5,medio,26,dijkstra,52,2,limiar_25,1,2,5,52
8,22,7-5,medio,26,dijkstra,52,2,limiar_50,1,2,5,52
8,22,7-5,medio,26,dijkstra,52,2,otimo,1,2,5,52
8,22,7-5,longo,39,dfs,82,2,guloso,1,2,31,82
8,22,7-5,longo,39,dfs,82,2,todo_centro,1,2,31,82
8,22,7-5,longo,39,dfs,82,2,limiar_10,0,0,0,37
8,22,7-5,longo,39,dfs,82,2,limiar_25,0,0,0,37
8,22,7-5,longo,39,dfs,82,2,limiar_50,1,2,31,82
8,22,7-5,longo,39,dfs,82,2,otimo,1,2,31,82
8,22,7-5,longo,39,bfs,52,2,guloso,1,1,15,52
8,22,7-5,longo,39,bfs,52,2,todo_centro,1,2,31,52
8,22,7-5,longo,39,bfs,52,2,limiar_10,0,0,0,37
8,22,7-5,longo,39,bfs,52,2,limiar_25,0,0,0,37
8,22,7-5,longo,39,bfs,52,2,limiar_50,1,2,31,52
8,22,7-5,longo,39,bfs,52,2,otimo,1,1,15,52
8,22,7-5,longo,39,dijkstra,52,2,guloso,1,1,15,52
8,22,7-5,longo,39,dijkstra,52,2,todo_centro,1,2,31,52
8,22,7-5,longo,39,dijkstra,52,2,limiar_10,0,0,0,37
8,22,7-5,longo,39,dijkstra,52,2,limiar_25,0,0,0,37
8,22,7-5,longo,39,dijkstra,52,2,limiar_50,1,2,31,52
8,22,7-5,longo,39,dijkstra,52,2,otimo,1,1,15,52
8,22,6-7,medio,26,bfs,53,2,guloso,1,2,5,53
8,22,6-7,medio,26,bfs,53,2,todo_centro,1,2,5,53
8,22,6-7,medio,26,bfs,53,2,limiar_10,0,1,2,50
8,22,6-7,medio,26,bfs,53,2,limiar_25,1,2,5,53
8,22,6-7,medio,26,bfs,53,2,limiar_50,1,2,5,53
8,22,6-7,medio,26,bfs,53,2,otimo,1,2,5,53
8,22,6-7,medio,26,dijkstra,53,2,guloso,1,2,5,53
8,22,6-7,medio,26,dijkstra,53,2,todo_centro,1,2,5,53
8,22,6-7,medio,26,dijkstra,53,2,limiar_10,0,1,2,50
8,22,6-7,medio,26,dijkstra,53,2,limiar_25,1,2,5,53
8,22,6-7,medio,26,dijkstra,53,2,limiar_50,1,2,5,53
8,22,6-7,medio,26,dijkstra,53,2,otimo,1,2,5,53
8,22,6-7,longo,40,dfs,75,2,guloso,1,2,33,75
8,22,6-7,longo,40,dfs,75,2,todo_centro,1,2,33,75
8,22,6-7,longo,40,dfs,75,2,limiar_10,0,0,0,40
8,22,6-7,longo,40,dfs,75,2,limiar_25,0,0,0,40
8,22,6-7,longo,40,dfs,75,2,limiar_50,1,2,33,75
8,22,6-7,longo,40,dfs,75,2,otimo,1,2,33,75
8,22,6-7,longo,40,bfs,53,2,guloso,1,1,16,53
8,22,6-7,longo,40,bfs,53,2,todo_centro,1,2,33,53
8,22,6-7,longo,40,bfs,53,2,limiar_10,0,0,0,40
8,22,6-7,longo,40,bfs,53,2,limiar_25,0,0,0,40
8,22,6-7,longo,40,bfs,53,2,limiar_50,1,2,33,53
8,22,6-7,longo,40,bfs,53,2,otimo,1,1,16,53
8,22,6-7,longo,40,dijkstra,53,2,guloso,1,1,16,53
8,22,6-7,longo,40,dijkstra,53,2,todo_centro,1,2,33,53
8,22,6-7,longo,40,dijkstra,53,2,limiar_10,0,0,0,40
8,22,6-7,longo,40,dijkstra,53,2,limiar_25,0,0,0,40
8,22,6-7,longo,40,dijkstra,53,2,limiar_50,1,2,33,53
8,22,6-7,longo,40,dijkstra,53,2,otimo,1,1,16,53
8,22,5-1,longo,30,dfs,40,1,guloso,1,1,6,40
8,22,5-1,longo,30,dfs,40,1,todo_centro,1,1,6,40
8,22,5-1,longo,30,dfs,40,1,limiar_10,0,0,0,24
8,22,5-1,longo,30,dfs,40,1,limiar_25,1,1,6,40
8,22,5-1,longo,30,dfs,40,1,limiar_50,1,1,6,40
8,22,5-1,longo,30,dfs,40,1,otimo,1,1,6,40
8,22,5-1,longo,30,bfs,40,1,guloso,1,1,6,40
8,22,5-1,longo,30,bfs,40,1,todo_centro,1,1,6,40
8,22,5-1,longo,30,bfs,40,1,limiar_10,0,0,0,24
8,22,5-1,longo,30,bfs,40,1,limiar_25,1,1,6,40
8,22,5-1,longo,30,bfs,40,1,limiar_50,1,1,6,40
8,22,5-1,longo,30,bfs,40,1,otimo,1,1,6,40
8,22,5-1,longo,30,dijkstra,40,1,guloso,1,1,6,40
8,22,5-1,longo,30,dijkstra,40,1,todo_centro,1,1,6,40
8,22,5-1,longo,30,dijkstra,40,1,limiar_10,0,0,0,24
8,22,5-1,longo,30,dijkstra,40,1,limiar_25,1,1,6,40
8,22,5-1,longo,30,dijkstra,40,1,limiar_50,1,1,6,40
8,22,5-1,longo,30,dijkstra,40,1,otimo,1,1,6,40
8,22,0-6,medio,41,dfs,88,2,guloso,1,2,35,88
8,22,0-6,medio,41,dfs,88,2,todo_centro,1,2,35,88
8,22,0-6,medio,41,dfs,88,2,limiar_10,0,0,0,40
8,22,0-6,medio,41,dfs,88,2,limiar_25,0,0,0,40
8,22,0-6,medio,41,dfs,88,2,limiar_50,1,2,35,88
8,22,0-6,medio,41,dfs,88,2,otimo,1,2,35,88
8,22,0-6,medio,41,bfs,88,2,guloso,1,2,35,88
8,22,0-6,medio,41,bfs,88,2,todo_centro,1,2,35,88
8,22,0-6,medio,41,bfs,88,2,limiar_10,0,0,0,40
8,22,0-6,medio,41,bfs,88,2,limiar_25,0,0,0,40
8,22,0-6,medio,41,bfs,88,2,limiar_50,1,2,35,88
8,22,0-6,medio,41,bfs,88,2,otimo,1,2,35,88
8,22,0-6,medio,41,dijkstra,82,2,guloso,1,2,35,82
8,22,0-6,medio,41,dijkstra,82,2,todo_centro,1,2,35,82
8,22,0-6,medio,41,dijkstra,82,2,limiar_10,0,0,0,40
8,22,0-6,medio,41,dijkstra,82,2,limiar_25,0,0,0,40
8,22,0-6,medio,41,dijkstra,82,2,limiar_50,1,2,35,82
8,22,0-6,medio,41,dijkstra,82,2,otimo,1,2,35,82
8,22,0-6,longo,62,dfs,88,2,guloso,1,1,15,88
8,22,0-6,longo,62,dfs,88,2,todo_centro,1,2,77,88
8,22,0-6,longo,62,dfs,88,2,limiar_10,0,0,0,54
8,22,0-6,longo,62,dfs,88,2,limiar_25,1,1,15,88
8,22,0-6,longo,62,dfs,88,2,limiar_50,1,1,15,88
8,22,0-6,longo,62,dfs,88,2,otimo,1,1,15,88
8,22,0-6,longo,62,bfs,88,2,guloso,1,1,15,88
8,22,0-6,longo,62,bfs,88,2,todo_centro,1,2,77,88
8,22,0-6,longo,62,bfs,88,2,limiar_10,0,0,0,54
8,22,0-6,longo,62,bfs,88,2,limiar_25,1,1,15,88
8,22,0-6,longo,62,bfs,88,2,limiar_50,1,1,15,88
8,22,0-6,longo,62,bfs,88,2,otimo,1,1,15,88
8,22,0-6,longo,62,dijkstra,82,2,guloso,1,1,15,82
8,22,0-6,longo,62,dijkstra,82,2,todo_centro,1,2,77,82
8,22,0-6,longo,62,dijkstra,82,2,limiar_10,0,0,0,52
8,22,0-6,longo,62,dijkstra,82,2,limiar_25,1,1,15,82
8,22,0-6,longo,62,dijkstra,82,2,limiar_50,1,1,15,82
8,22,0-6,longo,62,dijkstra,82,2,otimo,1,1,38,82
8,23,1-0,curto,1,dfs,1,0,guloso,1,0,0,1
8,23,1-0,curto,1,dfs,1,0,todo_centro,1,0,0,1
8,23,1-0,curto,1,dfs,1,0,limiar_10,1,0,0,1
8,23,1-0,curto,1,dfs,1,0,limiar_25,1,0,0,1
8,23,1-0,curto,1,dfs,1,0,limiar_50,1,0,0,1
8,23,1-0,curto,1,dfs,1,0,otimo,1,0,0,1
8,23,1-0,curto,1,bfs,1,0,guloso,1,0,0,1
8,23,1-0,curto,1,bfs,1,0,todo_centro,1,0,0,1
8,23,1-0,curto,1,bfs,1,0,limiar_10,1,0,0,1
8,23,1-0,curto,1,bfs,1,0,limiar_25,1,0,0,1
8,23,1-0,curto,1,bfs,1,0,limiar_50,1,0,0,1
8,23,1-0,curto,1,bfs,1,0,otimo,1,0,0,1
8,23,1-0,curto,1,dijkstra,1,0,guloso,1,0,0,1
8,23,1-0,curto,1,dijkstra,1,0,todo_centro,1,0,0,1
8,23,1-0,curto,1,dijkstra,1,0,limiar_10,1,0,0,1
8,23,1-0,curto,1,dijkstra,1,0,limiar_25,1,0,0,1
8,23,1-0,curto,1,dijkstra,1,0,limiar_50,1,0,0,1
8,23,1-0,curto,1,dijkstra,1,0,otimo,1,0,0,1
8,23,1-0,medio,1,dfs,1,0,guloso,1,0,0,1
8,23,1-0,medio,1,dfs,1,0,todo_centro,1,0,0,1
8,23,1-0,medio,1,dfs,1,0,limiar_10,1,0,0,1
8,23,1-0,medio,1,dfs,1,0,limiar_25,1,0,0,1
8,23,1-0,medio,1,dfs,1,0,limiar_50,1,0,0,1
8,23,1-0,medio,1,dfs,1,0,otimo,1,0,0,1
8,23,1-0,medio,1,bfs,1,0,guloso,1,0,0,1
8,23,1-0,medio,1,bfs,1,0,todo_centro,1,0,0,1
8,23,1-0,medio,1,bfs,1,0,limiar_10,1,0,0,1
8,23,1-0,medio,1,bfs,1,0,limiar_25,1,0,0,1
8,23,1-0,medio,1,bfs,1,0,limiar_50,1,0,0,1
8,23,1-0,medio,1,bfs,1,0,otimo,1,0,0,1
8,23,1-0,medio,1,dijkstra,1,0,guloso,1,0,0,1
8,23,1-0,medio,1,dijkstra,1,0,todo_centro,1,0,0,1
8,23,1-0,medio,1,dijkstra,1,0,limiar_10,1,0,0,1
8,23,1-0,medio,1,dijkstra,1,0,limiar_25,1,0,0,1
8,23,1-0,medio,1,dijkstra,1,0,limiar_50,1,0,0,1
8,23,1-0,medio,1,dijkstra,1,0,otimo,1,0,0,1
8,23,1-0,longo,1,dfs,1,0,guloso,1,0,0,1
8,23,1-0,longo,1,dfs,1,0,todo_centro,1,0,0,1
8,23,1-0,longo,1,dfs,1,0,limiar_10,1,0,0,1
8,23,1-0,longo,1,dfs,1,0,limiar_25,1,0,0,1
8,23,1-0,longo,1,dfs,1,0,limiar_50,1,0,0,1
8,23,1-0,longo,1,dfs,1,0,otimo,1,0,0,1
8,23,1-0,longo,1,bfs,1,0,guloso,1,0,0,1
8,23,1-0,longo,1,bfs,1,0,todo_centro,1,0,0,1
8,23,1-0,longo,1,bfs,1,0,limiar_10,1,0,0,1
8,23,1-0,longo,1,bfs,1,0,limiar_25,1,0,0,1
8,23,1-0,longo,1,bfs,1,0,limiar_50,1,0,0,1
8,23,1-0,longo,1,bfs,1,0,otimo,1,0,0,1
8,23,1-0,longo,1,dijkstra,1,0,guloso,1,0,0,1
8,23,1-0,longo,1,dijkstra,1,0,todo_centro,1,0,0,1
8,23,1-0,longo,1,dijkstra,1,0,limiar_10,1,0,0,1
8,23,1-0,longo,1,dijkstra,1,0,limiar_25,1,0,0,1
8,23,1-0,longo,1,dijkstra,1,0,limiar_50,1,0,0,1
8,23,1-0,longo,1,dijkstra,1,0,otimo,1,0,0,1
8,23,0-7,longo,23,dfs,31,1,guloso,1,1,11,31
8,23,0-7,longo,23,dfs,31,1,todo_centro,1,1,11,31
8,23,0-7,longo,23,dfs,31,1,limiar_10,0,0,0,12
8,23,0-7,longo,23,dfs,31,1,limiar_25,0,0,0,12
8,23,0-7,longo,23,dfs,31,1,limiar_50,1,1,11,31
8,23,0-7,longo,23,dfs,31,1,otimo,1,1,11,31
8,23,0-7,longo,23,bfs,31,1,guloso,1,1,11,31
8,23,0-7,longo,23,bfs,31,1,todo_centro,1,1,11,31
8,23,0-7,longo,23,bfs,31,1,limiar_10,0,0,0,12
8,23,0-7,longo,23,bfs,31,1,limiar_25,0,0,0,12
8,23,0-7,longo,23,bfs,31,1,limiar_50,1,1,11,31
8,23,0-7,longo,23,bfs,31,1,otimo,1,1,11,31
8,23,0-7,longo,23,dijkstra,31,1,guloso,1,1,11,31
8,23,0-7,longo,23,dijkstra,31,1,todo_centro,1,1,11,31
8,23,0-7,longo,23,dijkstra,31,1,limiar_10,0,0,0,12
8,23,0-7,longo,23,dijkstra,31,1,limiar_25,0,0,0,12
8,23,0-7,longo,23,dijkstra,31,1,limiar_50,1,1,11,31
8,23,0-7,longo,23,dijkstra,31,1,otimo,1,1,11,31
8,23,0-6,longo,21,dfs,28,1,guloso,1,1,9,28
8,23,0-6,longo,21,dfs,28,1,todo_centro,1,1,9,28
8,23,0-6,longo,21,dfs,28,1,limiar_10,0,0,0,12
8,23,0-6,longo,21,dfs,28,1,limiar_25,0,0,0,12
8,23,0-6,longo,21,dfs,28,1,limiar_50,1,1,9,28
8,23,0-6,longo,21,dfs,28,1,otimo,1,1,9,28
8,23,0-6,longo,21,bfs,28,1,guloso,1,1,9,28
8,23,0-6,longo,21,bfs,28,1,todo_centro,1,1,9,28
8,23,0-6,longo,21,bfs,28,1,limiar_10,0,0,0,12
8,23,0-6,longo,21,bfs,28,1,limiar_25,0,0,0,12
8,23,0-6,longo,21,bfs,28,1,limiar_50,1,1,9,28
8,23,0-6,longo,21,bfs,28,1,otimo,1,1,9,28
8,23,0-6,longo,21,dijkstra,28,1,guloso,1,1,9,28
8,23,0-6,longo,21,dijkstra,28,1,todo_centro,1,1,9,28
8,23,0-6,longo,21,dijkstra,28,1,limiar_10,0,0,0,12
8,23,0-6,longo,21,dijkstra,28,1,limiar_25,0,0,0,12
8,23,0-6,longo,21,dijkstra,28,1,limiar_50,1,1,9,28
8,23,0-6,longo,21,dijkstra,28,1,otimo,1,1,9,28
8,23,2-7,longo,25,dfs,33,1,guloso,1,1,13,33
8,23,2-7,longo,25,dfs,33,1,todo_centro,1,1,13,33
8,23,2-7,longo,25,dfs,33,1,limiar_10,0,0,0,12
8,23,2-7,longo,25,dfs,33,1,limiar_25,0,0,0,12
8,23,2-7,longo,25,dfs,33,1,limiar_50,0,0,0,12
8,23,2-7,longo,25,dfs,33,1,otimo,1,1,13,33
8,23,2-7,longo,25,bfs,33,1,guloso,1,1,13,33
8,23,2-7,longo,25,bfs,33,1,todo_centro,1,1,13,33
8,23,2-7,longo,25,bfs,33,1,limiar_10,0,0,0,12
8,23,2-7,longo,25,bfs,33,1,limiar_25,0,0,0,12
8,23,2-7,longo,25,bfs,33,1,limiar_50,0,0,0,12
8,23,2-7,longo,25,bfs,33,1,otimo,1,1,13,33
8,23,2-7,longo,25,dijkstra,33,1,guloso,1,1,13,33
8,23,2-7,longo,25,dijkstra,33,1,todo_centro,1,1,13,33
8,23,2-7,longo,25,dijkstra,33,1,limiar_10,0,0,0,12
8,23,2-7,longo,25,dijkstra,33,1,limiar_25,0,0,0,12
8,23,2-7,longo,25,dijkstra,33,1,limiar_50,0,0,0,12
8,23,2-7,longo,25,dijkstra,33,1,otimo,1,1,13,33
8,24,1-5,longo,20,dijkstra,26,1,guloso,1,1,5,26
8,24,1-5,longo,20,dijkstra,26,1,todo_centro,1,1,5,26
8,24,1-5,longo,20,dijkstra,26,1,limiar_10,0,0,0,15
8,24,1-5,longo,20,dijkstra,26,1,limiar_25,1,1,5,26
8,24,1-5,longo,20,dijkstra,26,1,limiar_50,1,1,5,26
8,24,1-5,longo,20,dijkstra,26,1,otimo,1,1,5,26
8,24,2-2,longo,15,dijkstra,20,1,guloso,1,1,10,20
8,24,2-2,longo,15,dijkstra,20,1,todo_centro,1,1,10,20
8,24,2-2,longo,15,dijkstra,20,1,limiar_10,0,0,0,5
8,24,2-2,longo,15,dijkstra,20,1,limiar_25,0,0,0,5
8,24,2-2,longo,15,dijkstra,20,1,limiar_50,0,0,0,5
8,24,2-2,longo,15,dijkstra,20,1,otimo,1,1,10,20
8,24,3-5,longo,15,dijkstra,20,2,guloso,1,1,0,20
8,24,3-5,longo,15,dijkstra,20,2,todo_centro,1,2,11,20
8,24,3-5,longo,15,dijkstra,20,2,limiar_10,1,1,0,20
8,24,3-5,longo,15,dijkstra,20,2,limiar_25,1,1,0,20
8,24,3-5,longo,15,dijkstra,20,2,limiar_50,1,1,0,20
8,24,3-5,longo,15,dijkstra,20,2,otimo,1,1,0,20
8,25,7-7,longo,34,dijkstra,46,2,guloso,1,1,6,46
8,25,7-7,longo,34,dijkstra,46,2,todo_centro,1,2,40,46
8,25,7-7,longo,34,dijkstra,46,2,limiar_10,0,0,0,31
8,25,7-7,longo,34,dijkstra,46,2,limiar_25,1,1,6,46
8,25,7-7,longo,34,dijkstra,46,2,limiar_50,1,1,6,46
8,25,7-7,longo,34,dijkstra,46,2,otimo,1,1,6,46
8,25,2-4,longo,16,dijkstra,22,1,guloso,1,1,7,22
8,25,2-4,longo,16,dijkstra,22,1,todo_centro,1,1,7,22
8,25,2-4,longo,16,dijkstra,22,1,limiar_10,0,0,0,9
8,25,2-4,longo,16,dijkstra,22,1,limiar_25,0,0,0,9
8,25,2-4,longo,16,dijkstra,22,1,limiar_50,1,1,7,22
8,25,2-4,longo,16,dijkstra,22,1,otimo,1,1,7,22
8,25,1-6,longo,22,dijkstra,29,1,guloso,1,1,13,29
8,25,1-6,longo,22,dijkstra,29,1,todo_centro,1,1,13,29
8,25,1-6,longo,22,dijkstra,29,1,limiar_10,0,0,0,22
8,25,1-6,longo,22,dijkstra,29,1,limiar_25,0,0,0,22
8,25,1-6,longo,22,dijkstra,29,1,limiar_50,0,0,0,22
8,25,1-6,longo,22,dijkstra,29,1,otimo,1,1,13,29
8,25,7-6,longo,34,dijkstra,45,2,guloso,1,1,6,45
8,25,7-6,longo,34,dijkstra,45,2,todo_centro,1,2,40,45
8,25,7-6,longo,34,dijkstra,45,2,limiar_10,0,0,0,31
8,25,7-6,longo,34,dijkstra,45,2,limiar_25,1,1,6,45
8,25,7-6,longo,34,dijkstra,45,2,limiar_50,1,1,6,45
8,25,7-6,longo,34,dijkstra,45,2,otimo,1,1,6,45
8,27,2-2,longo,12,dfs,16,1,guloso,1,1,8,16
8,27,2-2,longo,12,dfs,16,1,todo_centro,1,1,8,16
8,27,2-2,longo,12,dfs,16,1,limiar_10,0,0,0,4
8,27,2-2,longo,12,dfs,16,1,limiar_25,0,0,0,4
8,27,2-2,longo,12,dfs,16,1,limiar_50,0,0,0,4
8,27,2-2,longo,12,dfs,16,1,otimo,1,1,8,16
8,27,2-2,longo,12,bfs,16,1,guloso,1,1,8,16
8,27,2-2,longo,12,bfs,16,1,todo_centro,1,1,8,16
8,27,2-2,longo,12,bfs,16,1,limiar_10,0,0,0,4
8,27,2-2,longo,12,bfs,16,1,limiar_25,0,0,0,4
8,27,2-2,longo,12,bfs,16,1,limiar_50,0,0,0,4
8,27,2-2,longo,12,bfs,16,1,otimo,1,1,8,16
8,27,2-2,longo,12,dijkstra,16,1,guloso,1,1,8,16
8,27,2-2,longo,12,dijkstra,16,1,todo_centro,1,1,8,16
8,27,2-2,longo,12,dijkstra,16,1,limiar_10,0,0,0,4
8,27,2-2,longo,12,dijkstra,16,1,limiar_25,0,0,0,4
8,27,2-2,longo,12,dijkstra,16,1,limiar_50,0,0,0,4
8,27,2-2,longo,12,dijkstra,16,1,otimo,1,1,8,16
8,27,1-0,curto,1,dfs,1,0,guloso,1,0,0,1
8,27,1-0,curto,1,dfs,1,0,todo_centro,1,0,0,1
8,27,1-0,curto,1,dfs,1,0,limiar_10,1,0,0,1
8,27,1-0,curto,1,dfs,1,0,limiar_25,1,0,0,1
8,27,1-0,curto,1,dfs,1,0,limiar_50,1,0,0,1
8,27,1-0,curto,1,dfs,1,0,otimo,1,0,0,1
8,27,1-0,curto,1,bfs,1,0,guloso,1,0,0,1
8,27,1-0,curto,1,bfs,1,0,todo_centro,1,0,0,1
8,27,1-0,curto,1,bfs,1,0,limiar_10,1,0,0,1
8,27,1-0,curto,1,bfs,1,0,limiar_25,1,0,0,1
8,27,1-0,curto,1,bfs,1,0,limiar_50,1,0,0,1
8,27,1-0,curto,1,bfs,1,0,otimo,1,0,0,1
8,27,1-0,curto,1,dijkstra,1,0,guloso,1,0,0,1
8,27,1-0,curto,1,dijkstra,1,0,todo_centro,1,0,0,1
8,27,1-0,curto,1,dijkstra,1,0,limiar_10,1,0,0,1
8,27,1-0,curto,1,dijkstra,1,0,limiar_25,1,0,0,1
8,27,1-0,curto,1,dijkstra,1,0,limiar_50,1,0,0,1
8,27,1-0,curto,1,dijkstra,1,0,otimo,1,0,0,1
8,27,1-0,medio,1,dfs,1,0,guloso,1,0,0,1
8,27,1-0,medio,1,dfs,1,0,todo_centro,1,0,0,1
8,27,1-0,medio,1,dfs,1,0,limiar_10,1,0,0,1
8,27,1-0,medio,1,dfs,1,0,limiar_25,1,0,0,1
8,27,1-0,medio,1,dfs,1,0,limiar_50,1,0,0,1
8,27,1-0,medio,1,dfs,1,0,otimo,1,0,0,1
8,27,1-0,medio,1,bfs,1,0,guloso,1,0,0,1
8,27,1-0,medio,1,bfs,1,0,todo_centro,1,0,0,1
8,27,1-0,medio,1,bfs,1,0,limiar_10,1,0,0,1
8,27,1-0,medio,1,bfs,1,0,limiar_25,1,0,0,1
8,27,1-0,medio,1,bfs,1,0,limiar_50,1,0,0,1
8,27,1-0,medio,1,bfs,1,0,otimo,1,0,0,1
8,27,1-0,medio,1,dijkstra,1,0,guloso,1,0,0,1
8,27,1-0,medio,1,dijkstra,1,0,todo_centro,1,0,0,1
8,27,1-0,medio,1,dijkstra,1,0,limiar_10,1,0,0,1
8,27,1-0,medio,1,dijkstra,1,0,limiar_25,1,0,0,1
8,27,1-0,medio,1,dijkstra,1,0,limiar_50,1,0,0,1
8,27,1-0,medio,1,dijkstra,1,0,otimo,1,0,0,1
8,27,1-0,longo,1,dfs,1,0,guloso,1,0,0,1
8,27,1-0,longo,1,dfs,1,0,todo_centro,1,0,0,1
8,27,1-0,longo,1,dfs,1,0,limiar_10,1,0,0,1
8,27,1-0,longo,1,dfs,1,0,limiar_25,1,0,0,1
8,27,1-0,longo,1,dfs,1,0,limiar_50,1,0,0,1
8,27,1-0,longo,1,dfs,1,0,otimo,1,0,0,1
8,27,1-0,longo,1,bfs,1,0,guloso,1,0,0,1
8,27,1-0,longo,1,bfs,1,0,todo_centro,1,0,0,1
8,27,1-0,longo,1,bfs,1,0,limiar_10,1,0,0,1
8,27,1-0,longo,1,bfs,1,0,limiar_25,1,0,0,1
8,27,1-0,longo,1,bfs,1,0,limiar_50,1,0,0,1
8,27,1-0,longo,1,bfs,1,0,otimo,1,0,0,1
8,27,1-0,longo,1,dijkstra,1,0,guloso,1,0,0,1
8,27,1-0,longo,1,dijkstra,1,0,todo_centro,1,0,0,1
8,27,1-0,longo,1,dijkstra,1,0,limiar_10,1,0,0,1
8,27,1-0,longo,1,dijkstra,1,0,limiar_25,1,0,0,1
8,27,1-0,longo,1,dijkstra,1,0,limiar_50,1,0,0,1
8,27,1-0,longo,1,dijkstra,1,0,otimo,1,0,0,1
8,27,3-1,longo,14,dfs,18,1,guloso,1,1,10,18
8,27,3-1,longo,14,dfs,18,1,todo_centro,1,1,10,18
8,27,3-1,longo,14,dfs,18,1,limiar_10,0,0,0,4
8,27,3-1,longo,14,dfs,18,1,limiar_25,0,0,0,4
8,27,3-1,longo,14,dfs,18,1,limiar_50,0,0,0,4
8,27,3-1,longo,14,dfs,18,1,otimo,1,1,10,18
8,27,3-1,longo,14,bfs,18,1,guloso,1,1,10,18
8,27,3-1,longo,14,bfs,18,1,todo_centro,1,1,10,18
8,27,3-1,longo,14,bfs,18,1,limiar_10,0,0,0,4
8,27,3-1,longo,14,bfs,18,1,limiar_25,0,0,0,4
8,27,3-1,longo,14,bfs,18,1,limiar_50,0,0,0,4
8,27,3-1,longo,14,bfs,18,1,otimo,1,1,10,18
8,27,3-1,longo,14,dijkstra,18,1,guloso,1,1,10,18
8,27,3-1,longo,14,dijkstra,18,1,todo_centro,1,1,10,18
8,27,3-1,longo,14,dijkstra,18,1,limiar_10,0,0,0,4
8,27,3-1,longo,14,dijkstra,18,1,limiar_25,0,0,0,4
8,27,3-1,longo,14,dijkstra,18,1,limiar_50,0,0,0,4
8,27,3-1,longo,14,dijkstra,18,1,otimo,1,1,10,18
8,27,2-1,longo,11,dfs,15,1,guloso,1,1,7,15
8,27,2-1,longo,11,dfs,15,1,todo_centro,1,1,7,15
8,27,2-1,longo,11,dfs,15,1,limiar_10,0,0,0,4
8,27,2-1,longo,11,dfs,15,1,limiar_25,0,0,0,4
8,27,2-1,longo,11,dfs,15,1,limiar_50,0,0,0,4
8,27,2-1,longo,11,dfs,15,1,otimo,1,1,7,15
8,27,2-1,longo,11,bfs,15,1,guloso,1,1,7,15
8,27,2-1,longo,11,bfs,15,1,todo_centro,1,1,7,15
8,27,2-1,longo,11,bfs,15,1,limiar_10,0,0,0,4
8,27,2-1,longo,11,bfs,15,1,limiar_25,0,0,0,4
8,27,2-1,longo,11,bfs,15,1,limiar_50,0,0,0,4
8,27,2-1,longo,11,bfs,15,1,otimo,1,1,7,15
8,27,2-1,longo,11,dijkstra,15,1,guloso,1,1,7,15
8,27,2-1,longo,11,dijkstra,15,1,todo_centro,1,1,7,15
8,27,2-1,longo,11,dijkstra,15,1,limiar_10,0,0,0,4
8,27,2-1,longo,11,dijkstra,15,1,limiar_25,0,0,0,4
8,27,2-1,longo,11,dijkstra,15,1,limiar_50,0,0,0,4
8,27,2-1,longo,11,dijkstra,15,1,otimo,1,1,7,15
8,28,0-1,curto,1,dfs,1,0,guloso,1,0,0,1
8,28,0-1,curto,1,dfs,1,0,todo_centro,1,0,0,1
8,28,0-1,curto,1,dfs,1,0,limiar_10,1,0,0,1
8,28,0-1,curto,1,dfs,1,0,limiar_25,1,0,0,1
8,28,0-1,curto,1,dfs,1,0,limiar_50,1,0,0,1
8,28,0-1,curto,1,dfs,1,0,otimo,1,0,0,1
8,28,0-1,curto,1,bfs,1,0,guloso,1,0,0,1
8,28,0-1,curto,1,bfs,1,0,todo_centro,1,0,0,1
8,28,0-1,curto,1,bfs,1,0,limiar_10,1,0,0,1
8,28,0-1,curto,1,bfs,1,0,limiar_25,1,0,0,1
8,28,0-1,curto,1,bfs,1,0,limiar_50,1,0,0,1
8,28,0-1,curto,1,bfs,1,0,otimo,1,0,0,1
8,28,0-1,curto,1,dijkstra,1,0,guloso,1,0,0,1
8,28,0-1,curto,1,dijkstra,1,0,todo_centro,1,0,0,1
8,28,0-1,curto,1,dijkstra,1,0,limiar_10,1,0,0,1
8,28,0-1,curto,1,dijkstra,1,0,limiar_25,1,0,0,1
8,28,0-1,curto,1,dijkstra,1,0,limiar_50,1,0,0,1
8,28,0-1,curto,1,dijkstra,1,0,otimo,1,0,0,1
8,28,0-1,medio,1,dfs,1,0,guloso,1,0,0,1
8,28,0-1,medio,1,dfs,1,0,todo_centro,1,0,0,1
8,28,0-1,medio,1,dfs,1,0,limiar_10,1,0,0,1
8,28,0-1,medio,1,dfs,1,0,limiar_25,1,0,0,1
8,28,0-1,medio,1,dfs,1,0,limiar_50,1,0,0,1
8,28,0-1,medio,1,dfs,1,0,otimo,1,0,0,1
8,28,0-1,medio,1,bfs,1,0,guloso,1,0,0,1
8,28,0-1,medio,1,bfs,1,0,todo_centro,1,0,0,1
8,28,0-1,medio,1,bfs,1,0,limiar_10,1,0,0,1
8,28,0-1,medio,1,bfs,1,0,limiar_25,1,0,0,1
8,28,0-1,medio,1,bfs,1,0,limiar_50,1,0,0,1
8,28,0-1,medio,1,bfs,1,0,otimo,1,0,0,1
8,28,0-1,medio,1,dijkstra,1,0,guloso,1,0,0,1
8,28,0-1,medio,1,dijkstra,1,0,todo_centro,1,0,0,1
8,28,0-1,medio,1,dijkstra,1,0,limiar_10,1,0,0,1
8,28,0-1,medio,1,dijkstra,1,0,limiar_25,1,0,0,1
8,28,0-1,medio,1,dijkstra,1,0,limiar_50,1,0,0,1
8,28,0-1,medio,1,dijkstra,1,0,otimo,1,0,0,1
8,28,0-1,longo,1,dfs,1,0,guloso,1,0,0,1
8,28,0-1,longo,1,dfs,1,0,todo_centro,1,0,0,1
8,28,0-1,longo,1,dfs,1,0,limiar_10,1,0,0,1
8,28,0-1,longo,1,dfs,1,0,limiar_25,1,0,0,1
8,28,0-1,longo,1,dfs,1,0,limiar_50,1,0,0,1
8,28,0-1,longo,1,dfs,1,0,otimo,1,0,0,1
8,28,0-1,longo,1,bfs,1,0,guloso,1,0,0,1
8,28,0-1,longo,1,bfs,1,0,todo_centro,1,0,0,1
8,28,0-1,longo,1,bfs,1,0,limiar_10,1,0,0,1
8,28,0-1,longo,1,bfs,1,0,limiar_25,1,0,0,1
8,28,0-1,longo,1,bfs,1,0,limiar_50,1,0,0,1
8,28,0-1,longo,1,bfs,1,0,otimo,1,0,0,1
8,28,0-1,longo,1,dijkstra,1,0,guloso,1,0,0,1
8,28,0-1,longo,1,dijkstra,1,0,todo_centro,1,0,0,1
8,28,0-1,longo,1,dijkstra,1,0,limiar_10,1,0,0,1
8,28,0-1,longo,1,dijkstra,1,0,limiar_25,1,0,0,1
8,28,0-1,longo,1,dijkstra,1,0,limiar_50,1,0,0,1
8,28,0-1,longo,1,dijkstra,1,0,otimo,1,0,0,1
8,28,4-7,medio,14,dijkstra,27,1,guloso,1,1,1,27
8,28,4-7,medio,14,dijkstra,27,1,todo_centro,1,1,1,27
8,28,4-7,medio,14,dijkstra,27,1,limiar_10,1,1,1,27
8,28,4-7,medio,14,dijkstra,27,1,limiar_25,1,1,1,27
8,28,4-7,medio,14,dijkstra,27,1,limiar_50,1,1,1,27
8,28,4-7,medio,14,dijkstra,27,1,otimo,1,1,1,27
8,28,4-7,longo,20,dfs,37,1,guloso,1,1,0,37
8,28,4-7,longo,20,dfs,37,1,todo_centro,1,1,0,37
8,28,4-7,longo,20,dfs,37,1,limiar_10,1,1,0,37
8,28,4-7,longo,20,dfs,37,1,limiar_25,1,1,0,37
8,28,4-7,longo,20,dfs,37,1,limiar_50,1,1,0,37
8,28,4-7,longo,20,dfs,37,1,otimo,1,1,0,37
8,28,4-7,longo,20,dijkstra,27,1,guloso,1,1,7,27
8,28,4-7,longo,20,dijkstra,27,1,todo_centro,1,1,7,27
8,28,4-7,longo,20,dijkstra,27,1,limiar_10,0,0,0,16
8,28,4-7,longo,20,dijkstra,27,1,limiar_25,0,0,0,16
8,28,4-7,longo,20,dijkstra,27,1,limiar_50,1,1,7,27
8,28,4-7,longo,20,dijkstra,27,1,otimo,1,1,7,27
8,28,7-4,longo,25,dfs,53,3,guloso,1,2,21,53
8,28,7-4,longo,25,dfs,53,3,todo_centro,1,3,46,53
8,28,7-4,longo,25,dfs,53,3,limiar_10,0,0,0,23
8,28,7-4,longo,25,dfs,53,3,limiar_25,0,1,5,41
8,28,7-4,longo,25,dfs,53,3,limiar_50,0,1,5,41
8,28,7-4,longo,25,dfs,53,3,otimo,1,2,21,53
8,28,7-4,longo,25,dijkstra,33,1,guloso,1,1,12,33
8,28,7-4,longo,25,dijkstra,33,1,todo_centro,1,1,12,33
8,28,7-4,longo,25,dijkstra,33,1,limiar_10,0,0,0,25
8,28,7-4,longo,25,dijkstra,33,1,limiar_25,0,0,0,25
8,28,7-4,longo,25,dijkstra,33,1,limiar_50,1,1,12,33
8,28,7-4,longo,25,dijkstra,33,1,otimo,1,1,12,33
8,28,6-7,longo,25,dfs,43,1,guloso,1,1,5,43
8,28,6-7,longo,25,dfs,43,1,todo_centro,1,1,5,43
8,28,6-7,longo,25,dfs,43,1,limiar_10,0,0,0,23
8,28,6-7,longo,25,dfs,43,1,limiar_25,1,1,5,43
8,28,6-7,longo,25,dfs,43,1,limiar_50,1,1,5,43
8,28,6-7,longo,25,dfs,43,1,otimo,1,1,5,43
8,28,6-7,longo,25,dijkstra,33,1,guloso,1,1,12,33
8,28,6-7,longo,25,dijkstra,33,1,todo_centro,1,1,12,33
8,28,6-7,longo,25,dijkstra,33,1,limiar_10,0,0,0,16
8,28,6-7,longo,25,dijkstra,33,1,limiar_25,0,0,0,16
8,28,6-7,longo,25,dijkstra,33,1,limiar_50,1,1,12,33
8,28,6-7,longo,25,dijkstra,33,1,otimo,1,1,12,33
8,28,5-4,longo,19,dijkstra,25,1,guloso,1,1,6,25
8,28,5-4,longo,19,dijkstra,25,1,todo_centro,1,1,6,25
8,28,5-4,longo,19,dijkstra,25,1,limiar_10,0,0,0,13
8,28,5-4,longo,19,dijkstra,25,1,limiar_25,0,0,0,13
8,28,5-4,longo,19,dijkstra,25,1,limiar_50,1,1,6,25
8,28,5-4,longo,19,dijkstra,25,1,otimo,1,1,6,25
8,29,1-2,medio,2,dfs,3,1,guloso,1,1,0,3
8,29,1-2,medio,2,dfs,3,1,todo_centro,1,1,0,3
8,29,1-2,medio,2,dfs,3,1,limiar_10,1,1,0,3
8,29,1-2,medio,2,dfs,3,1,limiar_25,1,1,0,3
8,29,1-2,medio,2,dfs,3,1,limiar_50,1,1,0,3
8,29,1-2,medio,2,dfs,3,1,otimo,1,1,0,3
8,29,1-2,medio,2,bfs,3,1,guloso,1,1,0,3
8,29,1-2,medio,2,bfs,3,1,todo_centro,1,1,0,3
8,29,1-2,medio,2,bfs,3,1,limiar_10,1,1,0,3
8,29,1-2,medio,2,bfs,3,1,limiar_25,1,1,0,3
8,29,1-2,medio,2,bfs,3,1,limiar_50,1,1,0,3
8,29,1-2,medio,2,bfs,3,1,otimo,1,1,0,3
8,29,1-2,medio,2,dijkstra,3,1,guloso,1,1,0,3
8,29,1-2,medio,2,dijkstra,3,1,todo_centro,1,1,0,3
8,29,1-2,medio,2,dijkstra,3,1,limiar_10,1,1,0,3
8,29,1-2,medio,2,dijkstra,3,1,limiar_25,1,1,0,3
8,29,1-2,medio,2,dijkstra,3,1,limiar_50,1,1,0,3
8,29,1-2,medio,2,dijkstra,3,1,otimo,1,1,0,3
8,29,1-2,longo,2,dfs,3,1,guloso,1,1,0,3
8,29,1-2,longo,2,dfs,3,1,todo_centro,1,1,0,3
8,29,1-2,longo,2,dfs,3,1,limiar_10,1,1,0,3
8,29,1-2,longo,2,dfs,3,1,limiar_25,1,1,0,3
8,29,1-2,longo,2,dfs,3,1,limiar_50,1,1,0,3
8,29,1-2,longo,2,dfs,3,1,otimo,1,1,0,3
8,29,1-2,longo,2,bfs,3,1,guloso,1,1,0,3
8,29,1-2,longo,2,bfs,3,1,todo_centro,1,1,0,3
8,29,1-2,longo,2,bfs,3,1,limiar_10,1,1,0,3
8,29,1-2,longo,2,bfs,3,1,limiar_25,1,1,0,3
8,29,1-2,longo,2,bfs,3,1,limiar_50,1,1,0,3
8,29,1-2,longo,2,bfs,3,1,otimo,1,1,0,3
8,29,1-2,longo,2,dijkstra,3,1,guloso,1,1,0,3
8,29,1-2,longo,2,dijkstra,3,1,todo_centro,1,1,0,3
8,29,1-2,longo,2,dijkstra,3,1,limiar_10,1,1,0,3
8,29,1-2,longo,2,dijkstra,3,1,limiar_25,1,1,0,3
8,29,1-2,longo,2,dijkstra,3,1,limiar_50,1,1,0,3
8,29,1-2,longo,2,dijkstra,3,1,otimo,1,1,0,3
8,29,1-1,longo,2,dfs,2,0,guloso,1,0,0,2
8,29,1-1,longo,2,dfs,2,0,todo_centro,1,0,0,2
8,29,1-1,longo,2,dfs,2,0,limiar_10,1,0,0,2
8,29,1-1,longo,2,dfs,2,0,limiar_25,1,0,0,2
8,29,1-1,longo,2,dfs,2,0,limiar_50,1,0,0,2
8,29,1-1,longo,2,dfs,2,0,otimo,1,0,0,2
8,29,1-1,longo,2,bfs,2,0,guloso,1,0,0,2
8,29,1-1,longo,2,bfs,2,0,todo_centro,1,0,0,2
8,29,1-1,longo,2,bfs,2,0,limiar_10,1,0,0,2
8,29,1-1,longo,2,bfs,2,0,limiar_25,1,0,0,2
8,29,1-1,longo,2,bfs,2,0,limiar_50,1,0,0,2
8,29,1-1,longo,2,bfs,2,0,otimo,1,0,0,2
8,29,1-1,longo,2,dijkstra,2,0,guloso,1,0,0,2
8,29,1-1,longo,2,dijkstra,2,0,todo_centro,1,0,0,2
8,29,1-1,longo,2,dijkstra,2,0,limiar_10,1,0,0,2
8,29,1-1,longo,2,dijkstra,2,0,limiar_25,1,0,0,2
8,29,1-1,longo,2,dijkstra,2,0,limiar_50,1,0,0,2
8,29,1-1,longo,2,dijkstra,2,0,otimo,1,0,0,2
8,29,0-1,curto,1,dfs,1,0,guloso,1,0,0,1
8,29,0-1,curto,1,dfs,1,0,todo_centro,1,0,0,1
8,29,0-1,curto,1,dfs,1,0,limiar_10,1,0,0,1
8,29,0-1,curto,1,dfs,1,0,limiar_25,1,0,0,1
8,29,0-1,curto,1,dfs,1,0,limiar_50,1,0,0,1
8,29,0-1,curto,1,dfs,1,0,otimo,1,0,0,1
8,29,0-1,curto,1,bfs,1,0,guloso,1,0,0,1
8,29,0-1,curto,1,bfs,1,0,todo_centro,1,0,0,1
8,29,0-1,curto,1,bfs,1,0,limiar_10,1,0,0,1
8,29,0-1,curto,1,bfs,1,0,limiar_25,1,0,0,1
8,29,0-1,curto,1,bfs,1,0,limiar_50,1,0,0,1
8,29,0-1,curto,1,bfs,1,0,otimo,1,0,0,1
8,29,0-1,curto,1,dijkstra,1,0,guloso,1,0,0,1
8,29,0-1,curto,1,dijkstra,1,0,todo_centro,1,0,0,1
8,29,0-1,curto,1,dijkstra,1,0,limiar_10,1,0,0,1
8,29,0-1,curto,1,dijkstra,1,0,limiar_25,1,0,0,1
8,29,0-1,curto,1,dijkstra,1,0,limiar_50,1,0,0,1
8,29,0-1,curto,1,dijkstra,1,0,otimo,1,0,0,1
8,29,0-1,medio,1,dfs,1,0,guloso,1,0,0,1
8,29,0-1,medio,1,dfs,1,0,todo_centro,1,0,0,1
8,29,0-1,medio,1,dfs,1,0,limiar_10,1,0,0,1
8,29,0-1,medio,1,dfs,1,0,limiar_25,1,0,0,1
8,29,0-1,medio,1,dfs,1,0,limiar_50,1,0,0,1
8,29,0-1,medio,1,dfs,1,0,otimo,1,0,0,1
8,29,0-1,medio,1,bfs,1,0,guloso,1,0,0,1
8,29,0-1,medio,1,bfs,1,0,todo_centro,1,0,0,1
8,29,0-1,medio,1,bfs,1,0,limiar_10,1,0,0,1
8,29,0-1,medio,1,bfs,1,0,limiar_25,1,0,0,1
8,29,0-1,medio,1,bfs,1,0,limiar_50,1,0,0,1
8,29,0-1,medio,1,bfs,1,0,otimo,1,0,0,1
8,29,0-1,medio,1,dijkstra,1,0,guloso,1,0,0,1
8,29,0-1,medio,1,dijkstra,1,0,todo_centro,1,0,0,1
8,29,0-1,medio,1,dijkstra,1,0,limiar_10,1,0,0,1
8,29,0-1,medio,1,dijkstra,1,0,limiar_25,1,0,0,1
8,29,0-1,medio,1,dijkstra,1,0,limiar_50,1,0,0,1
8,29,0-1,medio,1,dijkstra,1,0,otimo,1,0,0,1
8,29,0-1,longo,1,dfs,1,0,guloso,1,0,0,1
8,29,0-1,longo,1,dfs,1,0,todo_centro,1,0,0,1
8,29,0-1,longo,1,dfs,1,0,limiar_10,1,0,0,1
8,29,0-1,longo,1,dfs,1,0,limiar_25,1,0,0,1
8,29,0-1,longo,1,dfs,1,0,limiar_50,1,0,0,1
8,29,0-1,longo,1,dfs,1,0,otimo,1,0,0,1
8,29,0-1,longo,1,bfs,1,0,guloso,1,0,0,1
8,29,0-1,longo,1,bfs,1,0,todo_centro,1,0,0,1
8,29,0-1,longo,1,bfs,1,0,limiar_10,1,0,0,1
8,29,0-1,longo,1,bfs,1,0,limiar_25,1,0,0,1
8,29,0-1,longo,1,bfs,1,0,limiar_50,1,0,0,1
8,29,0-1,longo,1,bfs,1,0,otimo,1,0,0,1
8,29,0-1,longo,1,dijkstra,1,0,guloso,1,0,0,1
8,29,0-1,longo,1,dijkstra,1,0,todo_centro,1,0,0,1
8,29,0-1,longo,1,dijkstra,1,0,limiar_10,1,0,0,1
8,29,0-1,longo,1,dijkstra,1,0,limiar_25,1,0,0,1
8,29,0-1,longo,1,dijkstra,1,0,limiar_50,1,0,0,1
8,29,0-1,longo,1,dijkstra,1,0,otimo,1,0,0,1
8,29,1-3,longo,4,dfs,6,1,guloso,1,1,2,6
8,29,1-3,longo,4,dfs,6,1,todo_centro,1,1,2,6
8,29,1-3,longo,4,dfs,6,1,limiar_10,0,0,0,3
8,29,1-3,longo,4,dfs,6,1,limiar_25,0,0,0,3
8,29,1-3,longo,4,dfs,6,1,limiar_50,1,1,2,6
8,29,1-3,longo,4,dfs,6,1,otimo,1,1,2,6
8,29,1-3,longo,4,bfs,6,1,guloso,1,1,2,6
8,29,1-3,longo,4,bfs,6,1,todo_centro,1,1,2,6
8,29,1-3,longo,4,bfs,6,1,limiar_10,0,0,0,3
8,29,1-3,longo,4,bfs,6,1,limiar_25,0,0,0,3
8,29,1-3,longo,4,bfs,6,1,limiar_50,1,1,2,6
8,29,1-3,longo,4,bfs,6,1,otimo,1,1,2,6
8,29,1-3,longo,4,dijkstra,6,1,guloso,1,1,2,6
8,29,1-3,longo,4,dijkstra,6,1,todo_centro,1,1,2,6
8,29,1-3,longo,4,dijkstra,6,1,limiar_10,0,0,0,3
8,29,1-3,longo,4,dijkstra,6,1,limiar_25,0,0,0,3
8,29,1-3,longo,4,dijkstra,6,1,limiar_50,1,1,2,6
8,29,1-3,longo,4,dijkstra,6,1,otimo,1,1,2,6
15,1,1-0,curto,1,dfs,1,0,guloso,1,0,0,1
15,1,1-0,curto,1,dfs,1,0,todo_centro,1,0,0,1
15,1,1-0,curto,1,dfs,1,0,limiar_10,1,0,0,1
15,1,1-0,curto,1,dfs,1,0,limiar_25,1,0,0,1
15,1,1-0,curto,1,dfs,1,0,limiar_50,1,0,0,1
15,1,1-0,curto,1,dfs,1,0,otimo,1,0,0,1
15,1,1-0,curto,1,bfs,1,0,guloso,1,0,0,1
15,1,1-0,curto,1,bfs,1,0,todo_centro,1,0,0,1
15,1,1-0,curto,1,bfs,1,0,limiar_10,1,0,0,1
15,1,1-0,curto,1,bfs,1,0,limiar_25,1,0,0,1
15,1,1-0,curto,1,bfs,1,0,limiar_50,1,0,0,1
15,1,1-0,curto,1,bfs,1,0,otimo,1,0,0,1
15,1,1-0,curto,1,dijkstra,1,0,guloso,1,0,0,1
15,1,1-0,curto,1,dijkstra,1,0,todo_centro,1,0,0,1
15,1,1-0,curto,1,dijkstra,1,0,limiar_10,1,0,0,1
15,1,1-0,curto,1,dijkstra,1,0,limiar_25,1,0,0,1
15,1,1-0,curto,1,dijkstra,1,0,limiar_50,1,0,0,1
15,1,1-0,curto,1,dijkstra,1,0,otimo,1,0,0,1
15,1,1-0,medio,1,dfs,1,0,guloso,1,0,0,1
15,1,1-0,medio,1,dfs,1,0,todo_centro,1,0,0,1
15,1,1-0,medio,1,dfs,1,0,limiar_10,1,0,0,1
15,1,1-0,medio,1,dfs,1,0,limiar_25,1,0,0,1
15,1,1-0,medio,1,dfs,1,0,limiar_50,1,0,0,1
15,1,1-0,medio,1,dfs,1,0,otimo,1,0,0,1
15,1,1-0,medio,1,bfs,1,0,guloso,1,0,0,1
15,1,1-0,medio,1,bfs,1,0,todo_centro,1,0,0,1
15,1,1-0,medio,1,bfs,1,0,limiar_10,1,0,0,1
15,1,1-0,medio,1,bfs,1,0,limiar_25,1,0,0,1
15,1,1-0,medio,1,bfs,1,0,limiar_50,1,0,0,1
15,1,1-0,medio,1,bfs,1,0,otimo,1,0,0,1
15,1,1-0,medio,1,dijkstra,1,0,guloso,1,0,0,1
15,1,1-0,medio,1,dijkstra,1,0,todo_centro,1,0,0,1
15,1,1-0,medio,1,dijkstra,1,0,limiar_10,1,0,0,1
15,1,1-0,medio,1,dijkstra,1,0,limiar_25,1,0,0,1
15,1,1-0,medio,1,dijkstra,1,0,limiar_50,1,0,0,1
15,1,1-0,medio,1,dijkstra,1,0,otimo,1,0,0,1
15,1,1-0,longo,1,dfs,1,0,guloso,1,0,0,1
15,1,1-0,longo,1,dfs,1,0,todo_centro,1,0,0,1
15,1,1-0,longo,1,dfs,1,0,limiar_10,1,0,0,1
15,1,1-0,longo,1,dfs,1,0,limiar_25,1,0,0,1
15,1,1-0,longo,1,dfs,1,0,limiar_50,1,0,0,1
15,1,1-0,longo,1,dfs,1,0,otimo,1,0,0,1
15,1,1-0,longo,1,bfs,1,0,guloso,1,0,0,1
15,1,1-0,longo,1,bfs,1,0,todo_centro,1,0,0,1
15,1,1-0,longo,1,bfs,1,0,limiar_10,1,0,0,1
15,1,1-0,longo,1,bfs,1,0,limiar_25,1,0,0,1
15,1,1-0,longo,1,bfs,1,0,limiar_50,1,0,0,1
15,1,1-0,longo,1,bfs,1,0,otimo,1,0,0,1
15,1,1-0,longo,1,dijkstra,1,0,guloso,1,0,0,1
15,1,1-0,longo,1,dijkstra,1,0,todo_centro,1,0,0,1
15,1,1-0,longo,1,dijkstra,1,0,limiar_10,1,0,0,1
15,1,1-0,longo,1,dijkstra,1,0,limiar_25,1,0,0,1
15,1,1-0,longo,1,dijkstra,1,0,limiar_50,1,0,0,1
15,1,1-0,longo,1,dijkstra,1,0,otimo,1,0,0,1
15,2,11-3,longo,63,dijkstra,84,2,guloso,1,1,42,84
15,2,11-3,longo,63,dijkstra,84,2,todo_centro,1,2,61,84
15,2,11-3,longo,63,dijkstra,84,2,limiar_10,0,0,0,53
15,2,11-3,longo,63,dijkstra,84,2,limiar_25,0,0,0,53
15,2,11-3,longo,63,dijkstra,84,2,limiar_50,0,0,0,53
15,2,11-3,longo,63,dijkstra,84,2,otimo,1,1,42,84
15,2,10-14,longo,58,dijkstra,78,1,guloso,1,1,37,78
15,2,10-14,longo,58,dijkstra,78,1,todo_centro,1,1,37,78
15,2,10-14,longo,58,dijkstra,78,1,limiar_10,0,0,0,50
15,2,10-14,longo,58,dijkstra,78,1,limiar_25,0,0,0,50
15,2,10-14,longo,58,dijkstra,78,1,limiar_50,0,0,0,50
15,2,10-14,longo,58,dijkstra,78,1,otimo,1,1,37,78
15,2,8-9,longo,46,dijkstra,61,1,guloso,1,1,25,61
15,2,8-9,longo,46,dijkstra,61,1,todo_centro,1,1,25,61
15,2,8-9,longo,46,dijkstra,61,1,limiar_10,0,0,0,39
15,2,8-9,longo,46,dijkstra,61,1,limiar_25,0,0,0,39
15,2,8-9,longo,46,dijkstra,61,1,limiar_50,0,0,0,39
15,2,8-9,longo,46,dijkstra,61,1,otimo,1,1,25,61
15,2,13-1,medio,45,dijkstra,90,3,guloso,1,2,25,90
15,2,13-1,medio,45,dijkstra,90,3,todo_centro,1,3,51,90
15,2,13-1,medio,45,dijkstra,90,3,limiar_10,0,0,0,42
15,2,13-1,medio,45,dijkstra,90,3,limiar_25,0,0,0,42
15,2,13-1,medio,45,dijkstra,90,3,limiar_50,0,0,0,42
15,2,13-1,medio,45,dijkstra,90,3,otimo,1,2,25,90
15,2,13-1,longo,68,bfs,94,2,guloso,1,1,1,94
15,2,13-1,longo,68,bfs,94,2,todo_centro,1,2,47,94
15,2,13-1,longo,68,bfs,94,2,limiar_10,1,1,1,94
15,2,13-1,longo,68,bfs,94,2,limiar_25,1,1,1,94
15,2,13-1,longo,68,bfs,94,2,limiar_50,1,1,1,94
15,2,13-1,longo,68,bfs,94,2,otimo,1,1,1,94
15,2,13-1,longo,68,dijkstra,90,3,guloso,1,1,3,90
15,2,13-1,longo,68,dijkstra,90,3,todo_centro,1,3,120,90
15,2,13-1,longo,68,dijkstra,90,3,limiar_10,1,1,3,90
15,2,13-1,longo,68,dijkstra,90,3,limiar_25,1,1,3,90
15,2,13-1,longo,68,dijkstra,90,3,limiar_50,1,1,3,90
15,2,13-1,longo,68,dijkstra,90,3,otimo,1,1,3,90
15,2,8-11,longo,53,dijkstra,71,1,guloso,1,1,32,71
15,2,8-11,longo,53,dijkstra,71,1,todo_centro,1,1,32,71
15,2,8-11,longo,53,dijkstra,71,1,limiar_10,0,0,0,50
15,2,8-11,longo,53,dijkstra,71,1,limiar_25,0,0,0,50
15,2,8-11,longo,53,dijkstra,71,1,limiar_50,0,0,0,50
15,2,8-11,longo,53,dijkstra,71,1,otimo,1,1,32,71
15,3,11-11,medio,47,bfs,98,3,guloso,1,2,21,98
15,3,11-11,medio,47,bfs,98,3,todo_centro,1,3,68,98
15,3,11-11,medio,47,bfs,98,3,limiar_10,0,0,0,42
15,3,11-11,medio,47,bfs,98,3,limiar_25,0,1,5,87
15,3,11-11,medio,47,bfs,98,3,limiar_50,1,2,23,98
15,3,11-11,medio,47,bfs,98,3,otimo,1,2,23,98
15,3,11-11,medio,47,dijkstra,94,2,guloso,1,2,23,94
15,3,11-11,medio,47,dijkstra,94,2,todo_centro,1,2,23,94
15,3,11-11,medio,47,dijkstra,94,2,limiar_10,0,0,0,42
15,3,11-11,medio,47,dijkstra,94,2,limiar_25,0,1,5,88
15,3,11-11,medio,47,dijkstra,94,2,limiar_50,1,2,23,94
15,3,11-11,medio,47,dijkstra,94,2,otimo,1,2,23,94
15,3,11-11,longo,70,dfs,162,4,guloso,1,2,17,162
15,3,11-11,longo,70,dfs,162,4,todo_centro,1,4,128,162
15,3,11-11,longo,70,dfs,162,4,limiar_10,0,1,0,134
15,3,11-11,longo,70,dfs,162,4,limiar_25,1,2,17,162
15,3,11-11,longo,70,dfs,162,4,limiar_50,0,1,28,104
15,3,11-11,longo,70,dfs,162,4,otimo,1,2,17,162
15,3,11-11,longo,70,bfs,98,3,guloso,1,1,28,98
15,3,11-11,longo,70,bfs,98,3,todo_centro,1,3,137,98
15,3,11-11,longo,70,bfs,98,3,limiar_10,0,0,0,68
15,3,11-11,longo,70,bfs,98,3,limiar_25,0,0,0,68
15,3,11-11,longo,70,bfs,98,3,limiar_50,1,1,28,98
15,3,11-11,longo,70,bfs,98,3,otimo,1,1,28,98
15,3,11-11,longo,70,dijkstra,94,2,guloso,1,1,28,94
15,3,11-11,longo,70,dijkstra,94,2,todo_centro,1,2,69,94
15,3,11-11,longo,70,dijkstra,94,2,limiar_10,0,0,0,68
15,3,11-11,longo,70,dijkstra,94,2,limiar_25,0,0,0,68
15,3,11-11,longo,70,dijkstra,94,2,limiar_50,1,1,28,94
15,3,11-11,longo,70,dijkstra,94,2,otimo,1,1,28,94
15,3,9-10,medio,46,bfs,91,2,guloso,1,2,21,91
15,3,9-10,medio,46,bfs,91,2,todo_centro,1,2,21,91
15,3,9-10,medio,46,bfs,91,2,limiar_10,0,1,4,88
15,3,9-10,medio,46,bfs,91,2,limiar_25,0,1,4,88
15,3,9-10,medio,46,bfs,91,2,limiar_50,1,2,21,91
15,3,9-10,medio,46,bfs,91,2,otimo,1,2,21,91
15,3,9-10,medio,46,dijkstra,91,2,guloso,1,2,21,91
15,3,9-10,medio,46,dijkstra,91,2,todo_centro,1,2,21,91
15,3,9-10,medio,46,dijkstra,91,2,limiar_10,0,1,4,88
15,3,9-10,medio,46,dijkstra,91,2,limiar_25,0,1,4,88
15,3,9-10,medio,46,dijkstra,91,2,limiar_50,1,2,21,91
15,3,9-10,medio,46,dijkstra,91,2,otimo,1,2,21,91
15,3,9-10,longo,68,dfs,223,6,guloso,1,4,107,223
15,3,9-10,longo,68,dfs,223,6,todo_centro,1,6,192,223
15,3,9-10,longo,68,dfs,223,6,limiar_10,0,0,0,67
15,3,9-10,longo,68,dfs,223,6,limiar_25,0,0,0,67
15,3,9-10,longo,68,dfs,223,6,limiar_50,0,1,26,104
15,3,9-10,longo,68,dfs,223,6,otimo,1,4,107,223
15,3,9-10,longo,68,bfs,91,2,guloso,1,1,26,91
15,3,9-10,longo,68,bfs,91,2,todo_centro,1,2,65,91
15,3,9-10,longo,68,bfs,91,2,limiar_10,0,0,0,68
15,3,9-10,longo,68,bfs,91,2,limiar_25,0,0,0,68
15,3,9-10,longo,68,bfs,91,2,limiar_50,1,1,26,91
15,3,9-10,longo,68,bfs,91,2,otimo,1,1,26,91
15,3,9-10,longo,68,dijkstra,91,2,guloso,1,1,26,91
15,3,9-10,longo,68,dijkstra,91,2,todo_centro,1,2,65,91
15,3,9-10,longo,68,dijkstra,91,2,limiar_10,0,0,0,68
15,3,9-10,longo,68,dijkstra,91,2,limiar_25,0,0,0,68
15,3,9-10,longo,68,dijkstra,91,2,limiar_50,1,1,26,91
15,3,9-10,longo,68,dijkstra,91,2,otimo,1,1,26,91
15,3,7-8,medio,42,bfs,85,3,guloso,1,2,11,85
15,3,7-8,medio,42,bfs,85,3,todo_centro,1,3,53,85
15,3,7-8,medio,42,bfs,85,3,limiar_10,0,1,0,84
15,3,7-8,medio,42,bfs,85,3,limiar_25,0,1,0,84
15,3,7-8,medio,42,bfs,85,3,limiar_50,1,2,13,85
15,3,7-8,medio,42,bfs,85,3,otimo,1,2,13,85
15,3,7-8,medio,42,dijkstra,85,3,guloso,1,2,11,85
15,3,7-8,medio,42,dijkstra,85,3,todo_centro,1,3,53,85
15,3,7-8,medio,42,dijkstra,85,3,limiar_10,0,1,0,84
15,3,7-8,medio,42,dijkstra,85,3,limiar_25,0,1,0,84
15,3,7-8,medio,42,dijkstra,85,3,limiar_50,1,2,13,85
15,3,7-8,medio,42,dijkstra,85,3,otimo,1,2,13,85
15,3,7-8,longo,64,dfs,243,7,guloso,1,5,104,243
15,3,7-8,longo,64,dfs,243,7,todo_centro,1,7,217,243
15,3,7-8,longo,64,dfs,243,7,limiar_10,0,0,0,51
15,3,7-8,longo,64,dfs,243,7,limiar_25,0,0,0,51
15,3,7-8,longo,64,dfs,243,7,limiar_50,0,1,22,104
15,3,7-8,longo,64,dfs,243,7,otimo,1,5,104,243
15,3,7-8,longo,64,bfs,85,3,guloso,1,1,22,85
15,3,7-8,longo,64,bfs,85,3,todo_centro,1,3,119,85
15,3,7-8,longo,64,bfs,85,3,limiar_10,0,0,0,51
15,3,7-8,longo,64,bfs,85,3,limiar_25,0,0,0,51
15,3,7-8,longo,64,bfs,85,3,limiar_50,1,1,22,85
15,3,7-8,longo,64,bfs,85,3,otimo,1,1,22,85
15,3,7-8,longo,64,dijkstra,85,3,guloso,1,1,22,85
15,3,7-8,longo,64,dijkstra,85,3,todo_centro,1,3,119,85
15,3,7-8,longo,64,dijkstra,85,3,limiar_10,0,0,0,51
15,3,7-8,longo,64,dijkstra,85,3,limiar_25,0,0,0,51
15,3,7-8,longo,64,dijkstra,85,3,limiar_50,1,1,22,85
15,3,7-8,longo,64,dijkstra,85,3,otimo,1,1,22,85
15,3,12-5,longo,68,dfs,265,6,guloso,1,5,124,265
15,3,12-5,longo,68,dfs,265,6,todo_centro,1,6,192,265
15,3,12-5,longo,68,dfs,265,6,limiar_10,0,0,0,67
15,3,12-5,longo,68,dfs,265,6,limiar_25,0,0,0,67
15,3,12-5,longo,68,dfs,265,6,limiar_50,0,1,26,104
15,3,12-5,longo,68,dfs,265,6,otimo,1,5,124,265
15,3,5-10,medio,52,bfs,105,3,guloso,1,2,31,105
15,3,5-10,medio,52,bfs,105,3,todo_centro,1,3,83,105
15,3,5-10,medio,52,bfs,105,3,limiar_10,0,0,0,51
15,3,5-10,medio,52,bfs,105,3,limiar_25,0,1,10,90
15,3,5-10,medio,52,bfs,105,3,limiar_50,1,2,33,105
15,3,5-10,medio,52,bfs,105,3,otimo,1,2,33,105
15,3,5-10,medio,52,dijkstra,105,3,guloso,1,2,31,105
15,3,5-10,medio,52,dijkstra,105,3,todo_centro,1,3,83,105
15,3,5-10,medio,52,dijkstra,105,3,limiar_10,0,0,0,51
15,3,5-10,medio,52,dijkstra,105,3,limiar_25,0,1,10,90
15,3,5-10,medio,52,dijkstra,105,3,limiar_50,1,2,33,105
15,3,5-10,medio,52,dijkstra,105,3,otimo,1,2,33,105
15,3,5-10,longo,79,dfs,147,3,guloso,1,1,9,147
15,3,5-10,longo,79,dfs,147,3,todo_centro,1,3,114,147
15,3,5-10,longo,79,dfs,147,3,limiar_10,0,0,0,72
15,3,5-10,longo,79,dfs,147,3,limiar_25,1,1,9,147
15,3,5-10,longo,79,dfs,147,3,limiar_50,0,1,37,120
15,3,5-10,longo,79,dfs,147,3,otimo,1,1,9,147
15,3,5-10,longo,79,bfs,105,3,guloso,1,1,6,105
15,3,5-10,longo,79,bfs,105,3,todo_centro,1,3,164,105
15,3,5-10,longo,79,bfs,105,3,limiar_10,1,1,6,105
15,3,5-10,longo,79,bfs,105,3,limiar_25,1,1,8,105
15,3,5-10,longo,79,bfs,105,3,limiar_50,1,1,37,105
15,3,5-10,longo,79,bfs,105,3,otimo,1,1,37,105
15,3,5-10,longo,79,dijkstra,105,3,guloso,1,1,6,105
15,3,5-10,longo,79,dijkstra,105,3,todo_centro,1,3,164,105
15,3,5-10,longo,79,dijkstra,105,3,limiar_10,1,1,6,105
15,3,5-10,longo,79,dijkstra,105,3,limiar_25,1,1,8,105
15,3,5-10,longo,79,dijkstra,105,3,limiar_50,1,1,37,105
15,3,5-10,longo,79,dijkstra,105,3,otimo,1,1,37,105
15,3,2-12,medio,42,dfs,104,2,guloso,1,2,14,104
15,3,2-12,medio,42,dfs,104,2,todo_centro,1,2,14,104
15,3,2-12,medio,42,dfs,104,2,limiar_10,0,1,0,72
15,3,2-12,medio,42,dfs,104,2,limiar_25,0,1,0,72
15,3,2-12,medio,42,dfs,104,2,limiar_50,1,2,14,104
15,3,2-12,medio,42,dfs,104,2,otimo,1,2,14,104
15,3,2-12,medio,42,bfs,84,3,guloso,1,1,0,84
15,3,2-12,medio,42,bfs,84,3,todo_centro,1,3,49,84
15,3,2-12,medio,42,bfs,84,3,limiar_10,1,1,0,84
15,3,2-12,medio,42,bfs,84,3,limiar_25,1,2,7,84
15,3,2-12,medio,42,bfs,84,3,limiar_50,1,2,14,84
15,3,2-12,medio,42,bfs,84,3,otimo,1,1,0,84
15,3,2-12,medio,42,dijkstra,84,2,guloso,1,1,0,84
15,3,2-12,medio,42,dijkstra,84,2,todo_centro,1,2,7,84
15,3,2-12,medio,42,dijkstra,84,2,limiar_10,1,1,0,84
15,3,2-12,medio,42,dijkstra,84,2,limiar_25,1,2,7,84
15,3,2-12,medio,42,dijkstra,84,2,limiar_50,1,2,7,84
15,3,2-12,medio,42,dijkstra,84,2,otimo,1,1,0,84
15,3,2-12,longo,63,dfs,104,2,guloso,1,1,21,104
15,3,2-12,longo,63,dfs,104,2,todo_centro,1,2,56,104
15,3,2-12,longo,63,dfs,104,2,limiar_10,0,0,0,51
15,3,2-12,longo,63,dfs,104,2,limiar_25,0,0,0,51
15,3,2-12,longo,63,dfs,104,2,limiar_50,1,1,21,104
15,3,2-12,longo,63,dfs,104,2,otimo,1,1,21,104
15,3,2-12,longo,63,bfs,84,3,guloso,1,1,21,84
15,3,2-12,longo,63,bfs,84,3,todo_centro,1,3,112,84
15,3,2-12,longo,63,bfs,84,3,limiar_10,0,0,0,51
15,3,2-12,longo,63,bfs,84,3,limiar_25,0,0,0,51
15,3,2-12,longo,63,bfs,84,3,limiar_50,1,2,49,84
15,3,2-12,longo,63,bfs,84,3,otimo,1,1,21,84
15,3,2-12,longo,63,dijkstra,84,2,guloso,1,1,21,84
15,3,2-12,longo,63,dijkstra,84,2,todo_centro,1,2,49,84
15,3,2-12,longo,63,dijkstra,84,2,limiar_10,0,0,0,51
15,3,2-12,longo,63,dijkstra,84,2,limiar_25,0,0,0,51
15,3,2-12,longo,63,dijkstra,84,2,limiar_50,1,2,49,84
15,3,2-12,longo,63,dijkstra,84,2,otimo,1,1,21,84
15,3,10-8,medio,44,bfs,88,2,guloso,1,2,17,88
15,3,10-8,medio,44,bfs,88,2,todo_centro,1,2,17,88
15,3,10-8,medio,44,bfs,88,2,limiar_10,0,1,2,85
15,3,10-8,medio,44,bfs,88,2,limiar_25,0,1,2,85
15,3,10-8,medio,44,bfs,88,2,limiar_50,1,2,17,88
15,3,10-8,medio,44,bfs,88,2,otimo,1,2,17,88
15,3,10-8,medio,44,dijkstra,88,2,guloso,1,2,17,88
15,3,10-8,medio,44,dijkstra,88,2,todo_centro,1,2,17,88
15,3,10-8,medio,44,dijkstra,88,2,limiar_10,0,1,2,85
15,3,10-8,medio,44,dijkstra,88,2,limiar_25,0,1,2,85
15,3,10-8,medio,44,dijkstra,88,2,limiar_50,1,2,17,88
15,3,10-8,medio,44,dijkstra,88,2,otimo,1,2,17,88
15,3,10-8,longo,66,dfs,216,5,guloso,1,4,99,216
15,3,10-8,longo,66,dfs,216,5,todo_centro,1,5,165,216
15,3,10-8,longo,66,dfs,216,5,limiar_10,0,0,0,66
15,3,10-8,longo,66,dfs,216,5,limiar_25,0,0,0,66
15,3,10-8,longo,66,dfs,216,5,limiar_50,0,1,24,104
15,3,10-8,longo,66,dfs,216,5,otimo,1,4,112,216
15,3,10-8,longo,66,bfs,88,2,guloso,1,1,24,88
15,3,10-8,longo,66,bfs,88,2,todo_centro,1,2,61,88
15,3,10-8,longo,66,bfs,88,2,limiar_10,0,0,0,66
15,3,10-8,longo,66,bfs,88,2,limiar_25,0,0,0,66
15,3,10-8,longo,66,bfs,88,2,limiar_50,1,1,24,88
15,3,10-8,longo,66,bfs,88,2,otimo,1,1,24,88
15,3,10-8,longo,66,dijkstra,88,2,guloso,1,1,24,88
15,3,10-8,longo,66,dijkstra,88,2,todo_centro,1,2,61,88
15,3,10-8,longo,66,dijkstra,88,2,limiar_10,0,0,0,66
15,3,10-8,longo,66,dijkstra,88,2,limiar_25,0,0,0,66
15,3,10-8,longo,66,dijkstra,88,2,limiar_50,1,1,24,88
15,3,10-8,longo,66,dijkstra,88,2,otimo,1,1,24,88
15,3,12-4,longo,58,dfs,268,6,guloso,1,5,74,268
15,3,12-4,longo,58,dfs,268,6,todo_centro,1,6,132,268
15,3,12-4,longo,58,dfs,268,6,limiar_10,0,0,0,51
15,3,12-4,longo,58,dfs,268,6,limiar_25,0,0,0,51
15,3,12-4,longo,58,dfs,268,6,limiar_50,0,1,16,98
15,3,12-4,longo,58,dfs,268,6,otimo,1,5,74,268
15,4,11-11,longo,54,dfs,102,3,guloso,1,1,1,102
15,4,11-11,longo,54,dfs,102,3,todo_centro,1,3,109,102
15,4,11-11,longo,54,dfs,102,3,limiar_10,1,1,3,102
15,4,11-11,longo,54,dfs,102,3,limiar_25,1,1,3,102
15,4,11-11,longo,54,dfs,102,3,limiar_50,1,1,3,102
15,4,11-11,longo,54,dfs,102,3,otimo,1,1,3,102
15,7,13-3,medio,36,dijkstra,72,2,guloso,1,2,22,72
15,7,13-3,medio,36,dijkstra,72,2,todo_centro,1,2,22,72
15,7,13-3,medio,36,dijkstra,72,2,limiar_10,0,0,0,25
15,7,13-3,medio,36,dijkstra,72,2,limiar_25,0,0,0,25
15,7,13-3,medio,36,dijkstra,72,2,limiar_50,0,0,0,25
15,7,13-3,medio,36,dijkstra,72,2,otimo,1,2,22,72
15,7,13-3,longo,54,bfs,96,2,guloso,1,1,4,96
15,7,13-3,longo,54,bfs,96,2,todo_centro,1,2,58,96
15,7,13-3,longo,54,bfs,96,2,limiar_10,1,1,4,96
15,7,13-3,longo,54,bfs,96,2,limiar_25,1,1,4,96
15,7,13-3,longo,54,bfs,96,2,limiar_50,1,1,4,96
15,7,13-3,longo,54,bfs,96,2,otimo,1,1,4,96
15,7,13-3,longo,54,dijkstra,72,2,guloso,1,1,4,72
15,7,13-3,longo,54,dijkstra,72,2,todo_centro,1,2,58,72
15,7,13-3,longo,54,dijkstra,72,2,limiar_10,1,1,4,72
15,7,13-3,longo,54,dijkstra,72,2,limiar_25,1,1,4,72
15,7,13-3,longo,54,dijkstra,72,2,limiar_50,1,1,4,72
15,7,13-3,longo,54,dijkstra,72,2,otimo,1,1,4,72
15,7,12-9,medio,44,bfs,87,3,guloso,1,2,38,87
15,7,12-9,medio,44,bfs,87,3,todo_centro,1,3,61,87
15,7,12-9,medio,44,bfs,87,3,limiar_10,0,0,0,40
15,7,12-9,medio,44,bfs,87,3,limiar_25,0,0,0,40
15,7,12-9,medio,44,bfs,87,3,limiar_50,0,0,0,40
15,7,12-9,medio,44,bfs,87,3,otimo,1,2,38,87
15,7,12-9,medio,44,dijkstra,87,3,guloso,1,2,38,87
15,7,12-9,medio,44,dijkstra,87,3,todo_centro,1,3,61,87
15,7,12-9,medio,44,dijkstra,87,3,limiar_10,0,0,0,40
15,7,12-9,medio,44,dijkstra,87,3,limiar_25,0,0,0,40
15,7,12-9,medio,44,dijkstra,87,3,limiar_50,0,0,0,40
15,7,12-9,medio,44,dijkstra,87,3,otimo,1,2,38,87
15,7,12-9,longo,65,dfs,137,3,guloso,1,2,46,137
15,7,12-9,longo,65,dfs,137,3,todo_centro,1,3,111,137
15,7,12-9,longo,65,dfs,137,3,limiar_10,0,0,0,59
15,7,12-9,longo,65,dfs,137,3,limiar_25,0,0,0,59
15,7,12-9,longo,65,dfs,137,3,limiar_50,0,0,0,59
15,7,12-9,longo,65,dfs,137,3,otimo,1,2,46,137
15,7,12-9,longo,65,bfs,87,3,guloso,1,1,15,87
15,7,12-9,longo,65,bfs,87,3,todo_centro,1,3,124,87
15,7,12-9,longo,65,bfs,87,3,limiar_10,0,0,0,65
15,7,12-9,longo,65,bfs,87,3,limiar_25,1,1,15,87
15,7,12-9,longo,65,bfs,87,3,limiar_50,1,1,15,87
15,7,12-9,longo,65,bfs,87,3,otimo,1,1,15,87
15,7,12-9,longo,65,dijkstra,87,3,guloso,1,1,15,87
15,7,12-9,longo,65,dijkstra,87,3,todo_centro,1,3,124,87
15,7,12-9,longo,65,dijkstra,87,3,limiar_10,0,0,0,65
15,7,12-9,longo,65,dijkstra,87,3,limiar_25,1,1,15,87
15,7,12-9,longo,65,dijkstra,87,3,limiar_50,1,1,15,87
15,7,12-9,longo,65,dijkstra,87,3,otimo,1,1,15,87
15,7,11-11,medio,56,bfs,112,3,guloso,1,2,41,112
15,7,11-11,medio,56,bfs,112,3,todo_centro,1,3,97,112
15,7,11-11,medio,56,bfs,112,3,limiar_10,0,0,0,50
15,7,11-11,medio,56,bfs,112,3,limiar_25,0,1,6,101
15,7,11-11,medio,56,bfs,112,3,limiar_50,0,1,6,101
15,7,11-11,medio,56,bfs,112,3,otimo,1,2,41,112
15,7,11-11,medio,56,dijkstra,112,3,guloso,1,2,41,112
15,7,11-11,medio,56,dijkstra,112,3,todo_centro,1,3,97,112
15,7,11-11,medio,56,dijkstra,112,3,limiar_10,0,0,0,50
15,7,11-11,medio,56,dijkstra,112,3,limiar_25,0,1,6,101
15,7,11-11,medio,56,dijkstra,112,3,limiar_50,0,1,6,101
15,7,11-11,medio,56,dijkstra,112,3,otimo,1,2,41,112
15,7,11-11,longo,84,dfs,162,3,guloso,1,1,0,162
15,7,11-11,longo,84,dfs,162,3,todo_centro,1,3,168,162
15,7,11-11,longo,84,dfs,162,3,limiar_10,1,1,0,162
15,7,11-11,longo,84,dfs,162,3,limiar_25,1,1,0,162
15,7,11-11,longo,84,dfs,162,3,limiar_50,1,1,0,162
15,7,11-11,longo,84,dfs,162,3,otimo,1,1,0,162
15,7,11-11,longo,84,bfs,112,3,guloso,1,1,13,112
15,7,11-11,longo,84,bfs,112,3,todo_centro,1,3,181,112
15,7,11-11,longo,84,bfs,112,3,limiar_10,0,0,0,83
15,7,11-11,longo,84,bfs,112,3,limiar_25,1,1,13,112
15,7,11-11,longo,84,bfs,112,3,limiar_50,1,1,34,112
15,7,11-11,longo,84,bfs,112,3,otimo,1,1,34,112
15,7,11-11,longo,84,dijkstra,112,3,guloso,1,1,13,112
15,7,11-11,longo,84,dijkstra,112,3,todo_centro,1,3,181,112
15,7,11-11,longo,84,dijkstra,112,3,limiar_10,0,0,0,83
15,7,11-11,longo,84,dijkstra,112,3,limiar_25,1,1,13,112
15,7,11-11,longo,84,dijkstra,112,3,limiar_50,1,1,34,112
15,7,11-11,longo,84,dijkstra,112,3,otimo,1,1,34,112
15,7,13-7,medio,51,bfs,102,3,guloso,1,2,31,102
15,7,13-7,medio,51,bfs,102,3,todo_centro,1,3,82,102
15,7,13-7,medio,51,bfs,102,3,limiar_10,0,1,1,99
15,7,13-7,medio,51,bfs,102,3,limiar_25,0,1,1,99
15,7,13-7,medio,51,bfs,102,3,limiar_50,0,1,1,99
15,7,13-7,medio,51,bfs,102,3,otimo,1,2,31,102
15,7,13-7,medio,51,dijkstra,102,3,guloso,1,2,31,102
15,7,13-7,medio,51,dijkstra,102,3,todo_centro,1,3,82,102
15,7,13-7,medio,51,dijkstra,102,3,limiar_10,0,1,1,99
15,7,13-7,medio,51,dijkstra,102,3,limiar_25,0,1,1,99
15,7,13-7,medio,51,dijkstra,102,3,limiar_50,0,1,1,99
15,7,13-7,medio,51,dijkstra,102,3,otimo,1,2,31,102
15,7,13-7,longo,76,dfs,152,3,guloso,1,2,68,152
15,7,13-7,longo,76,dfs,152,3,todo_centro,1,3,144,152
15,7,13-7,longo,76,dfs,152,3,limiar_10,0,0,0,72
15,7,13-7,longo,76,dfs,152,3,limiar_25,0,0,0,72
15,7,13-7,longo,76,dfs,152,3,limiar_50,0,0,0,72
15,7,13-7,longo,76,dfs,152,3,otimo,1,2,68,152
15,7,13-7,longo,76,bfs,102,3,guloso,1,1,5,102
15,7,13-7,longo,76,bfs,102,3,todo_centro,1,3,157,102
15,7,13-7,longo,76,bfs,102,3,limiar_10,1,1,5,102
15,7,13-7,longo,76,bfs,102,3,limiar_25,1,1,5,102
15,7,13-7,longo,76,bfs,102,3,limiar_50,1,1,26,102
15,7,13-7,longo,76,bfs,102,3,otimo,1,1,26,102
15,7,13-7,longo,76,dijkstra,102,3,guloso,1,1,5,102
15,7,13-7,longo,76,dijkstra,102,3,todo_centro,1,3,157,102
15,7,13-7,longo,76,dijkstra,102,3,limiar_10,1,1,5,102
15,7,13-7,longo,76,dijkstra,102,3,limiar_25,1,1,5,102
15,7,13-7,longo,76,dijkstra,102,3,limiar_50,1,1,26,102
15,7,13-7,longo,76,dijkstra,102,3,otimo,1,1,26,102
15,7,11-13,medio,47,dijkstra,94,4,guloso,1,2,22,94
15,7,11-13,medio,47,dijkstra,94,4,todo_centro,1,4,95,94
15,7,11-13,medio,47,dijkstra,94,4,limiar_10,0,0,0,47
15,7,11-13,medio,47,dijkstra,94,4,limiar_25,0,0,0,47
15,7,11-13,medio,47,dijkstra,94,4,limiar_50,1,2,22,94
15,7,11-13,medio,47,dijkstra,94,4,otimo,1,2,22,94
15,7,11-13,longo,70,dfs,118,3,guloso,1,2,56,118
15,7,11-13,longo,70,dfs,118,3,todo_centro,1,3,126,118
15,7,11-13,longo,70,dfs,118,3,limiar_10,0,0,0,59
15,7,11-13,longo,70,dfs,118,3,limiar_25,0,0,0,59
15,7,11-13,longo,70,dfs,118,3,limiar_50,0,0,0,59
15,7,11-13,longo,70,dfs,118,3,otimo,1,2,56,118
15,7,11-13,longo,70,bfs,118,3,guloso,1,2,56,118
15,7,11-13,longo,70,bfs,118,3,todo_centro,1,3,126,118
15,7,11-13,longo,70,bfs,118,3,limiar_10,0,0,0,59
15,7,11-13,longo,70,bfs,118,3,limiar_25,0,0,0,59
15,7,11-13,longo,70,bfs,118,3,limiar_50,0,0,0,59
15,7,11-13,longo,70,bfs,118,3,otimo,1,2,56,118
15,7,11-13,longo,70,dijkstra,94,4,guloso,1,1,43,94
15,7,11-13,longo,70,dijkstra,94,4,todo_centro,1,4,187,94
15,7,11-13,longo,70,dijkstra,94,4,limiar_10,0,0,0,69
15,7,11-13,longo,70,dijkstra,94,4,limiar_25,0,0,0,69
15,7,11-13,longo,70,dijkstra,94,4,limiar_50,0,0,0,69
15,7,11-13,longo,70,dijkstra,94,4,otimo,1,1,43,94
15,7,8-1,longo,32,bfs,43,1,guloso,1,1,18,43
15,7,8-1,longo,32,bfs,43,1,todo_centro,1,1,18,43
15,7,8-1,longo,32,bfs,43,1,limiar_10,0,0,0,25
15,7,8-1,longo,32,bfs,43,1,limiar_25,0,0,0,25
15,7,8-1,longo,32,bfs,43,1,limiar_50,0,0,0,25
15,7,8-1,longo,32,bfs,43,1,otimo,1,1,18,43
15,7,8-1,longo,32,dijkstra,43,1,guloso,1,1,18,43
15,7,8-1,longo,32,dijkstra,43,1,todo_centro,1,1,18,43
15,7,8-1,longo,32,dijkstra,43,1,limiar_10,0,0,0,25
15,7,8-1,longo,32,dijkstra,43,1,limiar_25,0,0,0,25
15,7,8-1,longo,32,dijkstra,43,1,limiar_50,0,0,0,25
15,7,8-1,longo,32,dijkstra,43,1,otimo,1,1,18,43
15,7,9-3,longo,38,bfs,50,1,guloso,1,1,24,50
15,7,9-3,longo,38,bfs,50,1,todo_centro,1,1,24,50
15,7,9-3,longo,38,bfs,50,1,limiar_10,0,0,0,25
15,7,9-3,longo,38,bfs,50,1,limiar_25,0,0,0,25
15,7,9-3,longo,38,bfs,50,1,limiar_50,0,0,0,25
15,7,9-3,longo,38,bfs,50,1,otimo,1,1,24,50
15,7,9-3,longo,38,dijkstra,50,1,guloso,1,1,24,50
15,7,9-3,longo,38,dijkstra,50,1,todo_centro,1,1,24,50
15,7,9-3,longo,38,dijkstra,50,1,limiar_10,0,0,0,25
15,7,9-3,longo,38,dijkstra,50,1,limiar_25,0,0,0,25
15,7,9-3,longo,38,dijkstra,50,1,limiar_50,0,0,0,25
15,7,9-3,longo,38,dijkstra,50,1,otimo,1,1,24,50
15,10,2-4,longo,36,dfs,48,1,guloso,1,1,6,48
15,10,2-4,longo,36,dfs,48,1,todo_centro,1,1,6,48
15,10,2-4,longo,36,dfs,48,1,limiar_10,0,0,0,33
15,10,2-4,longo,36,dfs,48,1,limiar_25,1,1,6,48
15,10,2-4,longo,36,dfs,48,1,limiar_50,1,1,6,48
15,10,2-4,longo,36,dfs,48,1,otimo,1,1,6,48
15,10,2-4,longo,36,bfs,48,1,guloso,1,1,6,48
15,10,2-4,longo,36,bfs,48,1,todo_centro,1,1,6,48
15,10,2-4,longo,36,bfs,48,1,limiar_10,0,0,0,33
15,10,2-4,longo,36,bfs,48,1,limiar_25,1,1,6,48
15,10,2-4,longo,36,bfs,48,1,limiar_50,1,1,6,48
15,10,2-4,longo,36,bfs,48,1,otimo,1,1,6,48
15,10,2-4,longo,36,dijkstra,48,1,guloso,1,1,6,48
15,10,2-4,longo,36,dijkstra,48,1,todo_centro,1,1,6,48
15,10,2-4,longo,36,dijkstra,48,1,limiar_10,0,0,0,33
15,10,2-4,longo,36,dijkstra,48,1,limiar_25,1,1,6,48
15,10,2-4,longo,36,dijkstra,48,1,limiar_50,1,1,6,48
15,10,2-4,longo,36,dijkstra,48,1,otimo,1,1,6,48
15,10,11-4,longo,68,dfs,119,2,guloso,1,2,43,119
15,10,11-4,longo,68,dfs,119,2,todo_centro,1,2,43,119
15,10,11-4,longo,68,dfs,119,2,limiar_10,0,0,0,64
15,10,11-4,longo,68,dfs,119,2,limiar_25,0,0,0,64
15,10,11-4,longo,68,dfs,119,2,limiar_50,0,0,0,64
15,10,11-4,longo,68,dfs,119,2,otimo,1,2,43,119
15,10,11-4,longo,68,bfs,93,1,guloso,1,1,5,93
15,10,11-4,longo,68,bfs,93,1,todo_centro,1,1,5,93
15,10,11-4,longo,68,bfs,93,1,limiar_10,1,1,5,93
15,10,11-4,longo,68,bfs,93,1,limiar_25,1,1,5,93
15,10,11-4,longo,68,bfs,93,1,limiar_50,1,1,5,93
15,10,11-4,longo,68,bfs,93,1,otimo,1,1,5,93
15,10,11-4,longo,68,dijkstra,91,2,guloso,1,1,5,91
15,10,11-4,longo,68,dijkstra,91,2,todo_centro,1,2,48,91
15,10,11-4,longo,68,dijkstra,91,2,limiar_10,1,1,5,91
15,10,11-4,longo,68,dijkstra,91,2,limiar_25,1,1,5,91
15,10,11-4,longo,68,dijkstra,91,2,limiar_50,1,1,5,91
15,10,11-4,longo,68,dijkstra,91,2,otimo,1,1,5,91
15,10,7-3,longo,62,dfs,88,1,guloso,1,1,32,88
15,10,7-3,longo,62,dfs,88,1,todo_centro,1,1,32,88
15,10,7-3,longo,62,dfs,88,1,limiar_10,0,0,0,53
15,10,7-3,longo,62,dfs,88,1,limiar_25,0,0,0,53
15,10,7-3,longo,62,dfs,88,1,limiar_50,0,0,0,53
15,10,7-3,longo,62,dfs,88,1,otimo,1,1,32,88
15,10,7-3,longo,62,bfs,84,1,guloso,1,1,32,84
15,10,7-3,longo,62,bfs,84,1,todo_centro,1,1,32,84
15,10,7-3,longo,62,bfs,84,1,limiar_10,0,0,0,55
15,10,7-3,longo,62,bfs,84,1,limiar_25,0,0,0,55
15,10,7-3,longo,62,bfs,84,1,limiar_50,0,0,0,55
15,10,7-3,longo,62,bfs,84,1,otimo,1,1,32,84
15,10,5-5,longo,48,dfs,64,1,guloso,1,1,18,64
15,10,5-5,longo,48,dfs,64,1,todo_centro,1,1,18,64
15,10,5-5,longo,48,dfs,64,1,limiar_10,0,0,0,48
15,10,5-5,longo,48,dfs,64,1,limiar_25,0,0,0,48
15,10,5-5,longo,48,dfs,64,1,limiar_50,1,1,18,64
15,10,5-5,longo,48,dfs,64,1,otimo,1,1,18,64
15,10,5-5,longo,48,bfs,64,1,guloso,1,1,18,64
15,10,5-5,longo,48,bfs,64,1,todo_centro,1,1,18,64
15,10,5-5,longo,48,bfs,64,1,limiar_10,0,0,0,48
15,10,5-5,longo,48,bfs,64,1,limiar_25,0,0,0,48
15,10,5-5,longo,48,bfs,64,1,limiar_50,1,1,18,64
15,10,5-5,longo,48,bfs,64,1,otimo,1,1,18,64
15,10,5-5,longo,48,dijkstra,64,1,guloso,1,1,18,64
15,10,5-5,longo,48,dijkstra,64,1,todo_centro,1,1,18,64
15,10,5-5,longo,48,dijkstra,64,1,limiar_10,0,0,0,48
15,10,5-5,longo,48,dijkstra,64,1,limiar_25,0,0,0,48
15,10,5-5,longo,48,dijkstra,64,1,limiar_50,1,1,18,64
15,10,5-5,longo,48,dijkstra,64,1,otimo,1,1,18,64
15,10,4-3,longo,41,dfs,55,1,guloso,1,1,11,55
15,10,4-3,longo,41,dfs,55,1,todo_centro,1,1,11,55
15,10,4-3,longo,41,dfs,55,1,limiar_10,0,0,0,33
15,10,4-3,longo,41,dfs,55,1,limiar_25,0,0,0,33
15,10,4-3,longo,41,dfs,55,1,limiar_50,1,1,11,55
15,10,4-3,longo,41,dfs,55,1,otimo,1,1,11,55
15,10,4-3,longo,41,bfs,55,1,guloso,1,1,11,55
15,10,4-3,longo,41,bfs,55,1,todo_centro,1,1,11,55
15,10,4-3,longo,41,bfs,55,1,limiar_10,0,0,0,33
15,10,4-3,longo,41,bfs,55,1,limiar_25,0,0,0,33
15,10,4-3,longo,41,bfs,55,1,limiar_50,1,1,11,55
15,10,4-3,longo,41,bfs,55,1,otimo,1,1,11,55
15,10,4-3,longo,41,dijkstra,55,1,guloso,1,1,11,55
15,10,4-3,longo,41,dijkstra,55,1,todo_centro,1,1,11,55
15,10,4-3,longo,41,dijkstra,55,1,limiar_10,0,0,0,33
15,10,4-3,longo,41,dijkstra,55,1,limiar_25,0,0,0,33
15,10,4-3,longo,41,dijkstra,55,1,limiar_50,1,1,11,55
15,10,4-3,longo,41,dijkstra,55,1,otimo,1,1,11,55
15,10,4-2,longo,44,dfs,58,1,guloso,1,1,14,58
15,10,4-2,longo,44,dfs,58,1,todo_centro,1,1,14,58
15,10,4-2,longo,44,dfs,58,1,limiar_10,0,0,0,33
15,10,4-2,longo,44,dfs,58,1,limiar_25,0,0,0,33
15,10,4-2,longo,44,dfs,58,1,limiar_50,1,1,14,58
15,10,4-2,longo,44,dfs,58,1,otimo,1,1,14,58
15,10,4-2,longo,44,bfs,58,1,guloso,1,1,14,58
15,10,4-2,longo,44,bfs,58,1,todo_centro,1,1,14,58
15,10,4-2,longo,44,bfs,58,1,limiar_10,0,0,0,33
15,10,4-2,longo,44,bfs,58,1,limiar_25,0,0,0,33
15,10,4-2,longo,44,bfs,58,1,limiar_50,1,1,14,58
15,10,4-2,longo,44,bfs,58,1,otimo,1,1,14,58
15,10,4-2,longo,44,dijkstra,58,1,guloso,1,1,14,58
15,10,4-2,longo,44,dijkstra,58,1,todo_centro,1,1,14,58
15,10,4-2,longo,44,dijkstra,58,1,limiar_10,0,0,0,33
15,10,4-2,longo,44,dijkstra,58,1,limiar_25,0,0,0,33
15,10,4-2,longo,44,dijkstra,58,1,limiar_50,1,1,14,58
15,10,4-2,longo,44,dijkstra,58,1,otimo,1,1,14,58
15,10,9-7,longo,75,dfs,128,3,guloso,1,2,57,128
15,10,9-7,longo,75,dfs,128,3,todo_centro,1,3,106,128
15,10,9-7,longo,75,dfs,128,3,limiar_10,0,0,0,75
15,10,9-7,longo,75,dfs,128,3,limiar_25,0,0,0,75
15,10,9-7,longo,75,dfs,128,3,limiar_50,0,0,0,75
15,10,9-7,longo,75,dfs,128,3,otimo,1,2,57,128
15,10,9-7,longo,75,bfs,102,2,guloso,1,1,12,102
15,10,9-7,longo,75,bfs,102,2,todo_centro,1,2,57,102
15,10,9-7,longo,75,bfs,102,2,limiar_10,0,0,0,67
15,10,9-7,longo,75,bfs,102,2,limiar_25,1,1,12,102
15,10,9-7,longo,75,bfs,102,2,limiar_50,1,1,12,102
15,10,9-7,longo,75,bfs,102,2,otimo,1,1,12,102
15,10,9-7,longo,75,dijkstra,100,3,guloso,1,1,12,100
15,10,9-7,longo,75,dijkstra,100,3,todo_centro,1,3,134,100
15,10,9-7,longo,75,dijkstra,100,3,limiar_10,0,0,0,67
15,10,9-7,longo,75,dijkstra,100,3,limiar_25,1,1,12,100
15,10,9-7,longo,75,dijkstra,100,3,limiar_50,1,1,12,100
15,10,9-7,longo,75,dijkstra,100,3,otimo,1,1,12,100
15,12,1-1,longo,2,dfs,2,0,guloso,1,0,0,2
15,12,1-1,longo,2,dfs,2,0,todo_centro,1,0,0,2
15,12,1-1,longo,2,dfs,2,0,limiar_10,1,0,0,2
15,12,1-1,longo,2,dfs,2,0,limiar_25,1,0,0,2
15,12,1-1,longo,2,dfs,2,0,limiar_50,1,0,0,2
15,12,1-1,longo,2,dfs,2,0,otimo,1,0,0,2
15,12,1-1,longo,2,bfs,2,0,guloso,1,0,0,2
15,12,1-1,longo,2,bfs,2,0,todo_centro,1,0,0,2
15,12,1-1,longo,2,bfs,2,0,limiar_10,1,0,0,2
15,12,1-1,longo,2,bfs,2,0,limiar_25,1,0,0,2
15,12,1-1,longo,2,bfs,2,0,limiar_50,1,0,0,2
15,12,1-1,longo,2,bfs,2,0,otimo,1,0,0,2
15,12,1-1,longo,2,dijkstra,2,0,guloso,1,0,0,2
15,12,1-1,longo,2,dijkstra,2,0,todo_centro,1,0,0,2
15,12,1-1,longo,2,dijkstra,2,0,limiar_10,1,0,0,2
15,12,1-1,longo,2,dijkstra,2,0,limiar_25,1,0,0,2
15,12,1-1,longo,2,dijkstra,2,0,limiar_50,1,0,0,2
15,12,1-1,longo,2,dijkstra,2,0,otimo,1,0,0,2
15,12,0-1,curto,1,dfs,1,0,guloso,1,0,0,1
15,12,0-1,curto,1,dfs,1,0,todo_centro,1,0,0,1
15,12,0-1,curto,1,dfs,1,0,limiar_10,1,0,0,1
15,12,0-1,curto,1,dfs,1,0,limiar_25,1,0,0,1
15,12,0-1,curto,1,dfs,1,0,limiar_50,1,0,0,1
15,12,0-1,curto,1,dfs,1,0,otimo,1,0,0,1
15,12,0-1,curto,1,bfs,1,0,guloso,1,0,0,1
15,12,0-1,curto,1,bfs,1,0,todo_centro,1,0,0,1
15,12,0-1,curto,1,bfs,1,0,limiar_10,1,0,0,1
15,12,0-1,curto,1,bfs,1,0,limiar_25,1,0,0,1
15,12,0-1,curto,1,bfs,1,0,limiar_50,1,0,0,1
15,12,0-1,curto,1,bfs,1,0,otimo,1,0,0,1
15,12,0-1,curto,1,dijkstra,1,0,guloso,1,0,0,1
15,12,0-1,curto,1,dijkstra,1,0,todo_centro,1,0,0,1
15,12,0-1,curto,1,dijkstra,1,0,limiar_10,1,0,0,1
15,12,0-1,curto,1,dijkstra,1,0,limiar_25,1,0,0,1
15,12,0-1,curto,1,dijkstra,1,0,limiar_50,1,0,0,1
15,12,0-1,curto,1,dijkstra,1,0,otimo,1,0,0,1
15,12,0-1,medio,1,dfs,1,0,guloso,1,0,0,1
15,12,0-1,medio,1,dfs,1,0,todo_centro,1,0,0,1
15,12,0-1,medio,1,dfs,1,0,limiar_10,1,0,0,1
15,12,0-1,medio,1,dfs,1,0,limiar_25,1,0,0,1
15,12,0-1,medio,1,dfs,1,0,limiar_50,1,0,0,1
15,12,0-1,medio,1,dfs,1,0,otimo,1,0,0,1
15,12,0-1,medio,1,bfs,1,0,guloso,1,0,0,1
15,12,0-1,medio,1,bfs,1,0,todo_centro,1,0,0,1
15,12,0-1,medio,1,bfs,1,0,limiar_10,1,0,0,1
15,12,0-1,medio,1,bfs,1,0,limiar_25,1,0,0,1
15,12,0-1,medio,1,bfs,1,0,limiar_50,1,0,0,1
15,12,0-1,medio,1,bfs,1,0,otimo,1,0,0,1
15,12,0-1,medio,1,dijkstra,1,0,guloso,1,0,0,1
15,12,0-1,medio,1,dijkstra,1,0,todo_centro,1,0,0,1
15,12,0-1,medio,1,dijkstra,1,0,limiar_10,1,0,0,1
15,12,0-1,medio,1,dijkstra,1,0,limiar_25,1,0,0,1
15,12,0-1,medio,1,dijkstra,1,0,limiar_50,1,0,0,1
15,12,0-1,medio,1,dijkstra,1,0,otimo,1,0,0,1
15,12,0-1,longo,1,dfs,1,0,guloso,1,0,0,1
15,12,0-1,longo,1,dfs,1,0,todo_centro,1,0,0,1
15,12,0-1,longo,1,dfs,1,0,limiar_10,1,0,0,1
15,12,0-1,longo,1,dfs,1,0,limiar_25,1,0,0,1
15,12,0-1,longo,1,dfs,1,0,limiar_50,1,0,0,1
15,12,0-1,longo,1,dfs,1,0,otimo,1,0,0,1
15,12,0-1,longo,1,bfs,1,0,guloso,1,0,0,1
15,12,0-1,longo,1,bfs,1,0,todo_centro,1,0,0,1
15,12,0-1,longo,1,bfs,1,0,limiar_10,1,0,0,1
15,12,0-1,longo,1,bfs,1,0,limiar_25,1,0,0,1
15,12,0-1,longo,1,bfs,1,0,limiar_50,1,0,0,1
15,12,0-1,longo,1,bfs,1,0,otimo,1,0,0,1
15,12,0-1,longo,1,dijkstra,1,0,guloso,1,0,0,1
15,12,0-1,longo,1,dijkstra,1,0,todo_centro,1,0,0,1
15,12,0-1,longo,1,dijkstra,1,0,limiar_10,1,0,0,1
15,12,0-1,longo,1,dijkstra,1,0,limiar_25,1,0,0,1
15,12,0-1,longo,1,dijkstra,1,0,limiar_50,1,0,0,1
15,12,0-1,longo,1,dijkstra,1,0,otimo,1,0,0,1
15,13,6-9,longo,95,dfs,181,4,guloso,1,1,0,181
15,13,6-9,longo,95,dfs,181,4,todo_centro,1,4,258,181
15,13,6-9,longo,95,dfs,181,4,limiar_10,1,1,0,181
15,13,6-9,longo,95,dfs,181,4,limiar_25,1,1,0,181
15,13,6-9,longo,95,dfs,181,4,limiar_50,1,1,0,181
15,13,6-9,longo,95,dfs,181,4,otimo,1,1,0,181
15,13,6-9,longo,95,bfs,129,3,guloso,1,1,14,129
15,13,6-9,longo,95,bfs,129,3,todo_centro,1,3,177,129
15,13,6-9,longo,95,bfs,129,3,limiar_10,0,0,0,88
15,13,6-9,longo,95,bfs,129,3,limiar_25,1,1,14,129
15,13,6-9,longo,95,bfs,129,3,limiar_50,1,1,14,129
15,13,6-9,longo,95,bfs,129,3,otimo,1,1,14,129
15,13,6-9,longo,95,dijkstra,127,3,guloso,1,1,16,127
15,13,6-9,longo,95,dijkstra,127,3,todo_centro,1,3,179,127
15,13,6-9,longo,95,dijkstra,127,3,limiar_10,0,0,0,86
15,13,6-9,longo,95,dijkstra,127,3,limiar_25,1,1,16,127
15,13,6-9,longo,95,dijkstra,127,3,limiar_50,1,1,16,127
15,13,6-9,longo,95,dijkstra,127,3,otimo,1,1,16,127
15,13,4-3,longo,13,bfs,29,2,guloso,1,2,10,29
15,13,4-3,longo,13,bfs,29,2,todo_centro,1,2,10,29
15,13,4-3,longo,13,bfs,29,2,limiar_10,0,1,1,16
15,13,4-3,longo,13,bfs,29,2,limiar_25,0,1,1,16
15,13,4-3,longo,13,bfs,29,2,limiar_50,0,1,1,16
15,13,4-3,longo,13,bfs,29,2,otimo,1,2,10,29
15,13,0-10,longo,105,dfs,156,7,guloso,1,1,10,156
15,13,0-10,longo,105,dfs,156,7,todo_centro,1,7,583,156
15,13,0-10,longo,105,dfs,156,7,limiar_10,1,1,10,156
15,13,0-10,longo,105,dfs,156,7,limiar_25,1,1,10,156
15,13,0-10,longo,105,dfs,156,7,limiar_50,1,2,61,156
15,13,0-10,longo,105,dfs,156,7,otimo,1,1,10,156
15,13,0-10,longo,105,bfs,142,6,guloso,1,1,1,142
15,13,0-10,longo,105,bfs,142,6,todo_centro,1,6,492,142
15,13,0-10,longo,105,bfs,142,6,limiar_10,1,1,1,142
15,13,0-10,longo,105,bfs,142,6,limiar_25,1,1,24,142
15,13,0-10,longo,105,bfs,142,6,limiar_50,1,2,75,142
15,13,0-10,longo,105,bfs,142,6,otimo,1,1,24,142
15,13,0-10,longo,105,dijkstra,140,6,guloso,1,1,3,140
15,13,0-10,longo,105,dijkstra,140,6,todo_centro,1,6,494,140
15,13,0-10,longo,105,dijkstra,140,6,limiar_10,1,1,3,140
15,13,0-10,longo,105,dijkstra,140,6,limiar_25,1,1,26,140
15,13,0-10,longo,105,dijkstra,140,6,limiar_50,1,2,77,140
15,13,0-10,longo,105,dijkstra,140,6,otimo,1,1,26,140
15,13,7-14,longo,103,dfs,183,4,guloso,1,1,8,183
15,13,7-14,longo,103,dfs,183,4,todo_centro,1,4,290,183
15,13,7-14,longo,103,dfs,183,4,limiar_10,1,1,8,183
15,13,7-14,longo,103,dfs,183,4,limiar_25,1,1,8,183
15,13,7-14,longo,103,dfs,183,4,limiar_50,1,1,8,183
15,13,7-14,longo,103,dfs,183,4,otimo,1,1,8,183
15,13,7-14,longo,103,bfs,145,2,guloso,1,1,0,145
15,13,7-14,longo,103,bfs,145,2,todo_centro,1,2,102,145
15,13,7-14,longo,103,bfs,145,2,limiar_10,1,1,0,145
15,13,7-14,longo,103,bfs,145,2,limiar_25,1,1,0,145
15,13,7-14,longo,103,bfs,145,2,limiar_50,1,1,0,145
15,13,7-14,longo,103,bfs,145,2,otimo,1,1,0,145
15,13,7-14,longo,103,dijkstra,137,3,guloso,1,1,1,137
15,13,7-14,longo,103,dijkstra,137,3,todo_centro,1,3,186,137
15,13,7-14,longo,103,dijkstra,137,3,limiar_10,1,1,2,137
15,13,7-14,longo,103,dijkstra,137,3,limiar_25,1,1,2,137
15,13,7-14,longo,103,dijkstra,137,3,limiar_50,1,1,2,137
15,13,7-14,longo,103,dijkstra,137,3,otimo,1,1,2,137
15,14,0-2,longo,3,dfs,4,1,guloso,1,1,2,4
15,14,0-2,longo,3,dfs,4,1,todo_centro,1,1,2,4
15,14,0-2,longo,3,dfs,4,1,limiar_10,0,0,0,1
15,14,0-2,longo,3,dfs,4,1,limiar_25,0,0,0,1
15,14,0-2,longo,3,dfs,4,1,limiar_50,0,0,0,1
15,14,0-2,longo,3,dfs,4,1,otimo,1,1,2,4
15,14,0-2,longo,3,bfs,4,1,guloso,1,1,2,4
15,14,0-2,longo,3,bfs,4,1,todo_centro,1,1,2,4
15,14,0-2,longo,3,bfs,4,1,limiar_10,0,0,0,1
15,14,0-2,longo,3,bfs,4,1,limiar_25,0,0,0,1
15,14,0-2,longo,3,bfs,4,1,limiar_50,0,0,0,1
15,14,0-2,longo,3,bfs,4,1,otimo,1,1,2,4
15,14,0-2,longo,3,dijkstra,4,1,guloso,1,1,2,4
15,14,0-2,longo,3,dijkstra,4,1,todo_centro,1,1,2,4
15,14,0-2,longo,3,dijkstra,4,1,limiar_10,0,0,0,1
15,14,0-2,longo,3,dijkstra,4,1,limiar_25,0,0,0,1
15,14,0-2,longo,3,dijkstra,4,1,limiar_50,0,0,0,1
15,14,0-2,longo,3,dijkstra,4,1,otimo,1,1,2,4
15,14,0-1,curto,1,dfs,1,0,guloso,1,0,0,1
15,14,0-1,curto,1,dfs,1,0,todo_centro,1,0,0,1
15,14,0-1,curto,1,dfs,1,0,limiar_10,1,0,0,1
15,14,0-1,curto,1,dfs,1,0,limiar_25,1,0,0,1
15,14,0-1,curto,1,dfs,1,0,limiar_50,1,0,0,1
15,14,0-1,curto,1,dfs,1,0,otimo,1,0,0,1
15,14,0-1,curto,1,bfs,1,0,guloso,1,0,0,1
15,14,0-1,curto,1,bfs,1,0,todo_centro,1,0,0,1
15,14,0-1,curto,1,bfs,1,0,limiar_10,1,0,0,1
15,14,0-1,curto,1,bfs,1,0,limiar_25,1,0,0,1
15,14,0-1,curto,1,bfs,1,0,limiar_50,1,0,0,1
15,14,0-1,curto,1,bfs,1,0,otimo,1,0,0,1
15,14,0-1,curto,1,dijkstra,1,0,guloso,1,0,0,1
15,14,0-1,curto,1,dijkstra,1,0,todo_centro,1,0,0,1
15,14,0-1,curto,1,dijkstra,1,0,limiar_10,1,0,0,1
15,14,0-1,curto,1,dijkstra,1,0,limiar_25,1,0,0,1
15,14,0-1,curto,1,dijkstra,1,0,limiar_50,1,0,0,1
15,14,0-1,curto,1,dijkstra,1,0,otimo,1,0,0,1
15,14,0-1,medio,1,dfs,1,0,guloso,1,0,0,1
15,14,0-1,medio,1,dfs,1,0,todo_centro,1,0,0,1
15,14,0-1,medio,1,dfs,1,0,limiar_10,1,0,0,1
15,14,0-1,medio,1,dfs,1,0,limiar_25,1,0,0,1
15,14,0-1,medio,1,dfs,1,0,limiar_50,1,0,0,1
15,14,0-1,medio,1,dfs,1,0,otimo,1,0,0,1
15,14,0-1,medio,1,bfs,1,0,guloso,1,0,0,1
15,14,0-1,medio,1,bfs,1,0,todo_centro,1,0,0,1
15,14,0-1,medio,1,bfs,1,0,limiar_10,1,0,0,1
15,14,0-1,medio,1,bfs,1,0,limiar_25,1,0,0,1
15,14,0-1,medio,1,bfs,1,0,limiar_50,1,0,0,1
15,14,0-1,medio,1,bfs,1,0,otimo,1,0,0,1
15,14,0-1,medio,1,dijkstra,1,0,guloso,1,0,0,1
15,14,0-1,medio,1,dijkstra,1,0,todo_centro,1,0,0,1
15,14,0-1,medio,1,dijkstra,1,0,limiar_10,1,0,0,1
15,14,0-1,medio,1,dijkstra,1,0,limiar_25,1,0,0,1
15,14,0-1,medio,1,dijkstra,1,0,limiar_50,1,0,0,1
15,14,0-1,medio,1,dijkstra,1,0,otimo,1,0,0,1
15,14,0-1,longo,1,dfs,1,0,guloso,1,0,0,1
15,14,0-1,longo,1,dfs,1,0,todo_centro,1,0,0,1
15,14,0-1,longo,1,dfs,1,0,limiar_10,1,0,0,1
15,14,0-1,longo,1,dfs,1,0,limiar_25,1,0,0,1
15,14,0-1,longo,1,dfs,1,0,limiar_50,1,0,0,1
15,14,0-1,longo,1,dfs,1,0,otimo,1,0,0,1
15,14,0-1,longo,1,bfs,1,0,guloso,1,0,0,1
15,14,0-1,longo,1,bfs,1,0,todo_centro,1,0,0,1
15,14,0-1,longo,1,bfs,1,0,limiar_10,1,0,0,1
15,14,0-1,longo,1,bfs,1,0,limiar_25,1,0,0,1
15,14,0-1,longo,1,bfs,1,0,limiar_50,1,0,0,1
15,14,0-1,longo,1,bfs,1,0,otimo,1,0,0,1
15,14,0-1,longo,1,dijkstra,1,0,guloso,1,0,0,1
15,14,0-1,longo,1,dijkstra,1,0,todo_centro,1,0,0,1
15,14,0-1,longo,1,dijkstra,1,0,limiar_10,1,0,0,1
15,14,0-1,longo,1,dijkstra,1,0,limiar_25,1,0,0,1
15,14,0-1,longo,1,dijkstra,1,0,limiar_50,1,0,0,1
15,14,0-1,longo,1,dijkstra,1,0,otimo,1,0,0,1
15,15,0-1,curto,1,dfs,1,0,guloso,1,0,0,1
15,15,0-1,curto,1,dfs,1,0,todo_centro,1,0,0,1
15,15,0-1,curto,1,dfs,1,0,limiar_10,1,0,0,1
15,15,0-1,curto,1,dfs,1,0,limiar_25,1,0,0,1
15,15,0-1,curto,1,dfs,1,0,limiar_50,1,0,0,1
15,15,0-1,curto,1,dfs,1,0,otimo,1,0,0,1
15,15,0-1,curto,1,bfs,1,0,guloso,1,0,0,1
15,15,0-1,curto,1,bfs,1,0,todo_centro,1,0,0,1
15,15,0-1,curto,1,bfs,1,0,limiar_10,1,0,0,1
15,15,0-1,curto,1,bfs,1,0,limiar_25,1,0,0,1
15,15,0-1,curto,1,bfs,1,0,limiar_50,1,0,0,1
15,15,0-1,curto,1,bfs,1,0,otimo,1,0,0,1
15,15,0-1,curto,1,dijkstra,1,0,guloso,1,0,0,1
15,15,0-1,curto,1,dijkstra,1,0,todo_centro,1,0,0,1
15,15,0-1,curto,1,dijkstra,1,0,limiar_10,1,0,0,1
15,15,0-1,curto,1,dijkstra,1,0,limiar_25,1,0,0,1
15,15,0-1,curto,1,dijkstra,1,0,limiar_50,1,0,0,1
15,15,0-1,curto,1,dijkstra,1,0,otimo,1,0,0,1
15,15,0-1,medio,1,dfs,1,0,guloso,1,0,0,1
15,15,0-1,medio,1,dfs,1,0,todo_centro,1,0,0,1
15,15,0-1,medio,1,dfs,1,0,limiar_10,1,0,0,1
15,15,0-1,medio,1,dfs,1,0,limiar_25,1,0,0,1
15,15,0-1,medio,1,dfs,1,0,limiar_50,1,0,0,1
15,15,0-1,medio,1,dfs,1,0,otimo,1,0,0,1
15,15,0-1,medio,1,bfs,1,0,guloso,1,0,0,1
15,15,0-1,medio,1,bfs,1,0,todo_centro,1,0,0,1
15,15,0-1,medio,1,bfs,1,0,limiar_10,1,0,0,1
15,15,0-1,medio,1,bfs,1,0,limiar_25,1,0,0,1
15,15,0-1,medio,1,bfs,1,0,limiar_50,1,0,0,1
15,15,0-1,medio,1,bfs,1,0,otimo,1,0,0,1
15,15,0-1,medio,1,dijkstra,1,0,guloso,1,0,0,1
15,15,0-1,medio,1,dijkstra,1,0,todo_centro,1,0,0,1
15,15,0-1,medio,1,dijkstra,1,0,limiar_10,1,0,0,1
15,15,0-1,medio,1,dijkstra,1,0,limiar_25,1,0,0,1
15,15,0-1,medio,1,dijkstra,1,0,limiar_50,1,0,0,1
15,15,0-1,medio,1,dijkstra,1,0,otimo,1,0,0,1
15,15,0-1,longo,1,dfs,1,0,guloso,1,0,0,1
15,15,0-1,longo,1,dfs,1,0,todo_centro,1,0,0,1
15,15,0-1,longo,1,dfs,1,0,limiar_10,1,0,0,1
15,15,0-1,longo,1,dfs,1,0,limiar_25,1,0,0,1
15,15,0-1,longo,1,dfs,1,0,limiar_50,1,0,0,1
15,15,0-1,longo,1,dfs,1,0,otimo,1,0,0,1
15,15,0-1,longo,1,bfs,1,0,guloso,1,0,0,1
15,15,0-1,longo,1,bfs,1,0,todo_centro,1,0,0,1
15,15,0-1,longo,1,bfs,1,0,limiar_10,1,0,0,1
15,15,0-1,longo,1,bfs,1,0,limiar_25,1,0,0,1
15,15,0-1,longo,1,bfs,1,0,limiar_50,1,0,0,1
15,15,0-1,longo,1,bfs,1,0,otimo,1,0,0,1
15,15,0-1,longo,1,dijkstra,1,0,guloso,1,0,0,1
15,15,0-1,longo,1,dijkstra,1,0,todo_centro,1,0,0,1
15,15,0-1,longo,1,dijkstra,1,0,limiar_10,1,0,0,1
15,15,0-1,longo,1,dijkstra,1,0,limiar_25,1,0,0,1
15,15,0-1,longo,1,dijkstra,1,0,limiar_50,1,0,0,1
15,15,0-1,longo,1,dijkstra,1,0,otimo,1,0,0,1
15,17,1-0,curto,1,dfs,1,0,guloso,1,0,0,1
15,17,1-0,curto,1,dfs,1,0,todo_centro,1,0,0,1
15,17,1-0,curto,1,dfs,1,0,limiar_10,1,0,0,1
15,17,1-0,curto,1,dfs,1,0,limiar_25,1,0,0,1
15,17,1-0,curto,1,dfs,1,0,limiar_50,1,0,0,1
15,17,1-0,curto,1,dfs,1,0,otimo,1,0,0,1
15,17,1-0,curto,1,bfs,1,0,guloso,1,0,0,1
15,17,1-0,curto,1,bfs,1,0,todo_centro,1,0,0,1
15,17,1-0,curto,1,bfs,1,0,limiar_10,1,0,0,1
15,17,1-0,curto,1,bfs,1,0,limiar_25,1,0,0,1
15,17,1-0,curto,1,bfs,1,0,limiar_50,1,0,0,1
15,17,1-0,curto,1,bfs,1,0,otimo,1,0,0,1
15,17,1-0,curto,1,dijkstra,1,0,guloso,1,0,0,1
15,17,1-0,curto,1,dijkstra,1,0,todo_centro,1,0,0,1
15,17,1-0,curto,1,dijkstra,1,0,limiar_10,1,0,0,1
15,17,1-0,curto,1,dijkstra,1,0,limiar_25,1,0,0,1
15,17,1-0,curto,1,dijkstra,1,0,limiar_50,1,0,0,1
15,17,1-0,curto,1,dijkstra,1,0,otimo,1,0,0,1
15,17,1-0,medio,1,dfs,1,0,guloso,1,0,0,1
15,17,1-0,medio,1,dfs,1,0,todo_centro,1,0,0,1
15,17,1-0,medio,1,dfs,1,0,limiar_10,1,0,0,1
15,17,1-0,medio,1,dfs,1,0,limiar_25,1,0,0,1
15,17,1-0,medio,1,dfs,1,0,limiar_50,1,0,0,1
15,17,1-0,medio,1,dfs,1,0,otimo,1,0,0,1
15,17,1-0,medio,1,bfs,1,0,guloso,1,0,0,1
15,17,1-0,medio,1,bfs,1,0,todo_centro,1,0,0,1
15,17,1-0,medio,1,bfs,1,0,limiar_10,1,0,0,1
15,17,1-0,medio,1,bfs,1,0,limiar_25,1,0,0,1
15,17,1-0,medio,1,bfs,1,0,limiar_50,1,0,0,1
15,17,1-0,medio,1,bfs,1,0,otimo,1,0,0,1
15,17,1-0,medio,1,dijkstra,1,0,guloso,1,0,0,1
15,17,1-0,medio,1,dijkstra,1,0,todo_centro,1,0,0,1
15,17,1-0,medio,1,dijkstra,1,0,limiar_10,1,0,0,1
15,17,1-0,medio,1,dijkstra,1,0,limiar_25,1,0,0,1
15,17,1-0,medio,1,dijkstra,1,0,limiar_50,1,0,0,1
15,17,1-0,medio,1,dijkstra,1,0,otimo,1,0,0,1
15,17,1-0,longo,1,dfs,1,0,guloso,1,0,0,1
15,17,1-0,longo,1,dfs,1,0,todo_centro,1,0,0,1
15,17,1-0,longo,1,dfs,1,0,limiar_10,1,0,0,1
15,17,1-0,longo,1,dfs,1,0,limiar_25,1,0,0,1
15,17,1-0,longo,1,dfs,1,0,limiar_50,1,0,0,1
15,17,1-0,longo,1,dfs,1,0,otimo,1,0,0,1
15,17,1-0,longo,1,bfs,1,0,guloso,1,0,0,1
15,17,1-0,longo,1,bfs,1,0,todo_centro,1,0,0,1
15,17,1-0,longo,1,bfs,1,0,limiar_10,1,0,0,1
15,17,1-0,longo,1,bfs,1,0,limiar_25,1,0,0,1
15,17,1-0,longo,1,bfs,1,0,limiar_50,1,0,0,1
15,17,1-0,longo,1,bfs,1,0,otimo,1,0,0,1
15,17,1-0,longo,1,dijkstra,1,0,guloso,1,0,0,1
15,17,1-0,longo,1,dijkstra,1,0,todo_centro,1,0,0,1
15,17,1-0,longo,1,dijkstra,1,0,limiar_10,1,0,0,1
15,17,1-0,longo,1,dijkstra,1,0,limiar_25,1,0,0,1
15,17,1-0,longo,1,dijkstra,1,0,limiar_50,1,0,0,1
15,17,1-0,longo,1,dijkstra,1,0,otimo,1,0,0,1
15,19,1-6,longo,23,dfs,31,1,guloso,1,1,12,31
15,19,1-6,longo,23,dfs,31,1,todo_centro,1,1,12,31
15,19,1-6,longo,23,dfs,31,1,limiar_10,0,0,0,22
15,19,1-6,longo,23,dfs,31,1,limiar_25,0,0,0,22
15,19,1-6,longo,23,dfs,31,1,limiar_50,0,0,0,22
15,19,1-6,longo,23,dfs,31,1,otimo,1,1,12,31
15,19,1-6,longo,23,bfs,31,1,guloso,1,1,12,31
15,19,1-6,longo,23,bfs,31,1,todo_centro,1,1,12,31
15,19,1-6,longo,23,bfs,31,1,limiar_10,0,0,0,22
15,19,1-6,longo,23,bfs,31,1,limiar_25,0,0,0,22
15,19,1-6,longo,23,bfs,31,1,limiar_50,0,0,0,22
15,19,1-6,longo,23,bfs,31,1,otimo,1,1,12,31
15,19,1-6,longo,23,dijkstra,31,1,guloso,1,1,12,31
15,19,1-6,longo,23,dijkstra,31,1,todo_centro,1,1,12,31
15,19,1-6,longo,23,dijkstra,31,1,limiar_10,0,0,0,22
15,19,1-6,longo,23,dijkstra,31,1,limiar_25,0,0,0,22
15,19,1-6,longo,23,dijkstra,31,1,limiar_50,0,0,0,22
15,19,1-6,longo,23,dijkstra,31,1,otimo,1,1,12,31
15,19,14-4,curto,24,dijkstra,80,5,guloso,1,3,10,80
15,19,14-4,curto,24,dijkstra,80,5,todo_centro,1,5,58,80
15,19,14-4,curto,24,dijkstra,80,5,limiar_10,0,1,0,44
15,19,14-4,curto,24,dijkstra,80,5,limiar_25,1,3,11,80
15,19,14-4,curto,24,dijkstra,80,5,limiar_50,1,3,11,80
15,19,14-4,curto,24,dijkstra,80,5,otimo,1,3,11,80
15,19,14-4,medio,40,dfs,130,8,guloso,1,4,50,130
15,19,14-4,medio,40,dfs,130,8,todo_centro,1,8,210,130
15,19,14-4,medio,40,dfs,130,8,limiar_10,0,0,0,39
15,19,14-4,medio,40,dfs,130,8,limiar_25,0,0,0,39
15,19,14-4,medio,40,dfs,130,8,limiar_50,1,4,50,130
15,19,14-4,medio,40,dfs,130,8,otimo,1,4,70,130
15,19,14-4,medio,40,dijkstra,80,5,guloso,1,2,18,80
15,19,14-4,medio,40,dijkstra,80,5,todo_centro,1,5,138,80
15,19,14-4,medio,40,dijkstra,80,5,limiar_10,0,0,0,38
15,19,14-4,medio,40,dijkstra,80,5,limiar_25,0,0,0,38
15,19,14-4,medio,40,dijkstra,80,5,limiar_50,1,3,59,80
15,19,14-4,medio,40,dijkstra,80,5,otimo,1,2,39,80
15,19,14-4,longo,60,dfs,130,8,guloso,1,2,27,130
15,19,14-4,longo,60,dfs,130,8,todo_centro,1,8,370,130
15,19,14-4,longo,60,dfs,130,8,limiar_10,0,0,0,59
15,19,14-4,longo,60,dfs,130,8,limiar_25,1,2,30,130
15,19,14-4,longo,60,dfs,130,8,limiar_50,1,2,35,130
15,19,14-4,longo,60,dfs,130,8,otimo,1,2,35,130
15,19,14-4,longo,60,dijkstra,80,5,guloso,1,1,19,80
15,19,14-4,longo,60,dijkstra,80,5,todo_centro,1,5,238,80
15,19,14-4,longo,60,dijkstra,80,5,limiar_10,0,0,0,58
15,19,14-4,longo,60,dijkstra,80,5,limiar_25,0,0,0,58
15,19,14-4,longo,60,dijkstra,80,5,limiar_50,1,1,19,80
15,19,14-4,longo,60,dijkstra,80,5,otimo,1,1,40,80
15,19,11-6,medio,32,dijkstra,63,5,guloso,1,2,23,63
15,19,11-6,medio,32,dijkstra,63,5,todo_centro,1,5,98,63
15,19,11-6,medio,32,dijkstra,63,5,limiar_10,0,0,0,24
15,19,11-6,medio,32,dijkstra,63,5,limiar_25,0,1,8,55
15,19,11-6,medio,32,dijkstra,63,5,limiar_50,1,3,35,63
15,19,11-6,medio,32,dijkstra,63,5,otimo,1,2,23,63
15,19,11-6,longo,47,dfs,87,4,guloso,1,1,2,87
15,19,11-6,longo,47,dfs,87,4,todo_centro,1,4,103,87
15,19,11-6,longo,47,dfs,87,4,limiar_10,1,1,2,87
15,19,11-6,longo,47,dfs,87,4,limiar_25,1,2,9,87
15,19,11-6,longo,47,dfs,87,4,limiar_50,0,1,23,69
15,19,11-6,longo,47,dfs,87,4,otimo,1,1,2,87
15,19,11-6,longo,47,dijkstra,63,5,guloso,1,1,6,63
15,19,11-6,longo,47,dijkstra,63,5,todo_centro,1,5,173,63
15,19,11-6,longo,47,dijkstra,63,5,limiar_10,0,0,0,44
15,19,11-6,longo,47,dijkstra,63,5,limiar_25,1,1,6,63
15,19,11-6,longo,47,dijkstra,63,5,limiar_50,1,2,33,63
15,19,11-6,longo,47,dijkstra,63,5,otimo,1,1,27,63
15,19,6-6,longo,28,dfs,42,2,guloso,1,1,0,42
15,19,6-6,longo,28,dfs,42,2,todo_centro,1,2,28,42
15,19,6-6,longo,28,dfs,42,2,limiar_10,1,1,0,42
15,19,6-6,longo,28,dfs,42,2,limiar_25,1,1,4,42
15,19,6-6,longo,28,dfs,42,2,limiar_50,1,1,4,42
15,19,6-6,longo,28,dfs,42,2,otimo,1,1,4,42
15,19,6-6,longo,28,bfs,42,2,guloso,1,1,0,42
15,19,6-6,longo,28,bfs,42,2,todo_centro,1,2,28,42
15,19,6-6,longo,28,bfs,42,2,limiar_10,1,1,0,42
15,19,6-6,longo,28,bfs,42,2,limiar_25,1,1,4,42
15,19,6-6,longo,28,bfs,42,2,limiar_50,1,1,4,42
15,19,6-6,longo,28,bfs,42,2,otimo,1,1,4,42
15,19,6-6,longo,28,dijkstra,38,2,guloso,1,1,4,38
15,19,6-6,longo,28,dijkstra,38,2,todo_centro,1,2,32,38
15,19,6-6,longo,28,dijkstra,38,2,limiar_10,0,0,0,24
15,19,6-6,longo,28,dijkstra,38,2,limiar_25,1,1,4,38
15,19,6-6,longo,28,dijkstra,38,2,limiar_50,1,1,8,38
15,19,6-6,longo,28,dijkstra,38,2,otimo,1,1,8,38
15,19,11-2,medio,60,dfs,169,8,guloso,1,3,70,169
15,19,11-2,medio,60,dfs,169,8,todo_centro,1,8,370,169
15,19,11-2,medio,60,dfs,169,8,limiar_10,0,0,0,59
15,19,11-2,medio,60,dfs,169,8,limiar_25,0,2,30,141
15,19,11-2,medio,60,dfs,169,8,limiar_50,0,2,35,141
15,19,11-2,medio,60,dfs,169,8,otimo,1,3,70,169
15,19,11-2,medio,60,dijkstra,119,5,guloso,1,2,58,119
15,19,11-2,medio,60,dijkstra,119,5,todo_centro,1,5,238,119
15,19,11-2,medio,60,dijkstra,119,5,limiar_10,0,0,0,58
15,19,11-2,medio,60,dijkstra,119,5,limiar_25,0,0,0,58
15,19,11-2,medio,60,dijkstra,119,5,limiar_50,0,1,19,91
15,19,11-2,medio,60,dijkstra,119,5,otimo,1,2,59,119
15,19,11-2,longo,89,dfs,169,8,guloso,1,1,0,169
15,19,11-2,longo,89,dfs,169,8,todo_centro,1,8,602,169
15,19,11-2,longo,89,dfs,169,8,limiar_10,1,1,4,169
15,19,11-2,longo,89,dfs,169,8,limiar_25,1,1,4,169
15,19,11-2,longo,89,dfs,169,8,limiar_50,1,2,88,169
15,19,11-2,longo,89,dfs,169,8,otimo,1,1,4,169
15,19,11-2,longo,89,dijkstra,119,5,guloso,1,1,27,119
15,19,11-2,longo,89,dijkstra,119,5,todo_centro,1,5,383,119
15,19,11-2,longo,89,dijkstra,119,5,limiar_10,0,0,0,80
15,19,11-2,longo,89,dijkstra,119,5,limiar_25,0,0,0,80
15,19,11-2,longo,89,dijkstra,119,5,limiar_50,1,1,28,119
15,19,11-2,longo,89,dijkstra,119,5,otimo,1,1,48,119
15,19,11-9,medio,40,dfs,84,3,guloso,1,2,35,84
15,19,11-9,medio,40,dfs,84,3,todo_centro,1,3,75,84
15,19,11-9,medio,40,dfs,84,3,limiar_10,0,0,0,39
15,19,11-9,medio,40,dfs,84,3,limiar_25,0,0,0,39
15,19,11-9,medio,40,dfs,84,3,limiar_50,1,2,35,84
15,19,11-9,medio,40,dfs,84,3,otimo,1,2,35,84
15,19,11-9,medio,40,bfs,84,3,guloso,1,2,35,84
15,19,11-9,medio,40,bfs,84,3,todo_centro,1,3,75,84
15,19,11-9,medio,40,bfs,84,3,limiar_10,0,0,0,39
15,19,11-9,medio,40,bfs,84,3,limiar_25,0,0,0,39
15,19,11-9,medio,40,bfs,84,3,limiar_50,1,2,35,84
15,19,11-9,medio,40,bfs,84,3,otimo,1,2,35,84
15,19,11-9,medio,40,dijkstra,80,3,guloso,1,2,39,80
15,19,11-9,medio,40,dijkstra,80,3,todo_centro,1,3,79,80
15,19,11-9,medio,40,dijkstra,80,3,limiar_10,0,0,0,38
15,19,11-9,medio,40,dijkstra,80,3,limiar_25,0,0,0,38
15,19,11-9,medio,40,dijkstra,80,3,limiar_50,1,2,39,80
15,19,11-9,medio,40,dijkstra,80,3,otimo,1,2,39,80
15,19,11-9,longo,60,dfs,84,3,guloso,1,1,15,84
15,19,11-9,longo,60,dfs,84,3,todo_centro,1,3,135,84
15,19,11-9,longo,60,dfs,84,3,limiar_10,0,0,0,59
15,19,11-9,longo,60,dfs,84,3,limiar_25,1,1,15,84
15,19,11-9,longo,60,dfs,84,3,limiar_50,1,1,15,84
15,19,11-9,longo,60,dfs,84,3,otimo,1,1,36,84
15,19,11-9,longo,60,bfs,84,3,guloso,1,1,15,84
15,19,11-9,longo,60,bfs,84,3,todo_centro,1,3,135,84
15,19,11-9,longo,60,bfs,84,3,limiar_10,0,0,0,59
15,19,11-9,longo,60,bfs,84,3,limiar_25,1,1,15,84
15,19,11-9,longo,60,bfs,84,3,limiar_50,1,1,15,84
15,19,11-9,longo,60,bfs,84,3,otimo,1,1,36,84
15,19,11-9,longo,60,dijkstra,80,3,guloso,1,1,19,80
15,19,11-9,longo,60,dijkstra,80,3,todo_centro,1,3,139,80
15,19,11-9,longo,60,dijkstra,80,3,limiar_10,0,0,0,58
15,19,11-9,longo,60,dijkstra,80,3,limiar_25,0,0,0,58
15,19,11-9,longo,60,dijkstra,80,3,limiar_50,1,1,19,80
15,19,11-9,longo,60,dijkstra,80,3,otimo,1,1,40,80
15,19,12-10,longo,72,dfs,108,3,guloso,1,1,27,108
15,19,12-10,longo,72,dfs,108,3,todo_centro,1,3,171,108
15,19,12-10,longo,72,dfs,108,3,limiar_10,0,0,0,69
15,19,12-10,longo,72,dfs,108,3,limiar_25,0,0,0,69
15,19,12-10,longo,72,dfs,108,3,limiar_50,1,1,27,108
15,19,12-10,longo,72,dfs,108,3,otimo,1,1,27,108
15,19,12-10,longo,72,bfs,108,3,guloso,1,1,27,108
15,19,12-10,longo,72,bfs,108,3,todo_centro,1,3,171,108
15,19,12-10,longo,72,bfs,108,3,limiar_10,0,0,0,69
15,19,12-10,longo,72,bfs,108,3,limiar_25,0,0,0,69
15,19,12-10,longo,72,bfs,108,3,limiar_50,1,1,27,108
15,19,12-10,longo,72,bfs,108,3,otimo,1,1,27,108
15,19,12-10,longo,72,dijkstra,96,3,guloso,1,1,31,96
15,19,12-10,longo,72,dijkstra,96,3,todo_centro,1,3,175,96
15,19,12-10,longo,72,dijkstra,96,3,limiar_10,0,0,0,65
15,19,12-10,longo,72,dijkstra,96,3,limiar_25,0,0,0,65
15,19,12-10,longo,72,dijkstra,96,3,limiar_50,1,1,31,96
15,19,12-10,longo,72,dijkstra,96,3,otimo,1,1,48,96
15,20,1-7,longo,28,dijkstra,38,3,guloso,1,1,3,38
15,20,1-7,longo,28,dijkstra,38,3,todo_centro,1,3,52,38
15,20,1-7,longo,28,dijkstra,38,3,limiar_10,0,0,0,28
15,20,1-7,longo,28,dijkstra,38,3,limiar_25,1,1,3,38
15,20,1-7,longo,28,dijkstra,38,3,limiar_50,1,1,3,38
15,20,1-7,longo,28,dijkstra,38,3,otimo,1,1,3,38
15,20,9-6,longo,47,dijkstra,63,2,guloso,1,1,22,63
15,20,9-6,longo,47,dijkstra,63,2,todo_centro,1,2,69,63
15,20,9-6,longo,47,dijkstra,63,2,limiar_10,0,0,0,47
15,20,9-6,longo,47,dijkstra,63,2,limiar_25,0,0,0,47
15,20,9-6,longo,47,dijkstra,63,2,limiar_50,1,1,22,63
15,20,9-6,longo,47,dijkstra,63,2,otimo,1,1,22,63
15,20,9-2,longo,44,dijkstra,59,2,guloso,1,1,0,59
15,20,9-2,longo,44,dijkstra,59,2,todo_centro,1,2,44,59
15,20,9-2,longo,44,dijkstra,59,2,limiar_10,1,1,0,59
15,20,9-2,longo,44,dijkstra,59,2,limiar_25,1,1,0,59
15,20,9-2,longo,44,dijkstra,59,2,limiar_50,1,1,0,59
15,20,9-2,longo,44,dijkstra,59,2,otimo,1,1,0,59
15,20,12-1,longo,52,bfs,69,3,guloso,1,1,8,69
15,20,12-1,longo,52,bfs,69,3,todo_centro,1,3,99,69
15,20,12-1,longo,52,bfs,69,3,limiar_10,0,0,0,50
15,20,12-1,longo,52,bfs,69,3,limiar_25,1,1,8,69
15,20,12-1,longo,52,bfs,69,3,limiar_50,1,1,8,69
15,20,12-1,longo,52,bfs,69,3,otimo,1,1,8,69
15,20,12-1,longo,52,dijkstra,69,3,guloso,1,1,8,69
15,20,12-1,longo,52,dijkstra,69,3,todo_centro,1,3,99,69
15,20,12-1,longo,52,dijkstra,69,3,limiar_10,0,0,0,50
15,20,12-1,longo,52,dijkstra,69,3,limiar_25,1,1,8,69
15,20,12-1,longo,52,dijkstra,69,3,limiar_50,1,1,8,69
15,20,12-1,longo,52,dijkstra,69,3,otimo,1,1,8,69
15,20,8-7,longo,43,bfs,77,2,guloso,1,1,5,77
15,20,8-7,longo,43,bfs,77,2,todo_centro,1,2,48,77
15,20,8-7,longo,43,bfs,77,2,limiar_10,0,0,0,41
15,20,8-7,longo,43,bfs,77,2,limiar_25,1,1,5,77
15,20,8-7,longo,43,bfs,77,2,limiar_50,1,1,5,77
15,20,8-7,longo,43,bfs,77,2,otimo,1,1,5,77
15,20,8-7,longo,43,dijkstra,57,2,guloso,1,1,18,57
15,20,8-7,longo,43,dijkstra,57,2,todo_centro,1,2,61,57
15,20,8-7,longo,43,dijkstra,57,2,limiar_10,0,0,0,43
15,20,8-7,longo,43,dijkstra,57,2,limiar_25,0,0,0,43
15,20,8-7,longo,43,dijkstra,57,2,limiar_50,1,1,18,57
15,20,8-7,longo,43,dijkstra,57,2,otimo,1,1,18,57
15,20,9-14,medio,42,dijkstra,85,4,guloso,1,2,18,85
15,20,9-14,medio,42,dijkstra,85,4,todo_centro,1,4,86,85
15,20,9-14,medio,42,dijkstra,85,4,limiar_10,0,0,0,39
15,20,9-14,medio,42,dijkstra,85,4,limiar_25,0,0,0,39
15,20,9-14,medio,42,dijkstra,85,4,limiar_50,1,2,18,85
15,20,9-14,medio,42,dijkstra,85,4,otimo,1,2,18,85
15,20,9-14,longo,64,bfs,131,4,guloso,1,2,40,131
15,20,9-14,longo,64,bfs,131,4,todo_centro,1,4,128,131
15,20,9-14,longo,64,bfs,131,4,limiar_10,0,0,0,61
15,20,9-14,longo,64,bfs,131,4,limiar_25,0,0,0,61
15,20,9-14,longo,64,bfs,131,4,limiar_50,1,3,64,131
15,20,9-14,longo,64,bfs,131,4,otimo,1,2,40,131
15,20,9-14,longo,64,dijkstra,85,4,guloso,1,1,39,85
15,20,9-14,longo,64,dijkstra,85,4,todo_centro,1,4,174,85
15,20,9-14,longo,64,dijkstra,85,4,limiar_10,0,0,0,63
15,20,9-14,longo,64,dijkstra,85,4,limiar_25,0,0,0,63
15,20,9-14,longo,64,dijkstra,85,4,limiar_50,0,0,0,63
15,20,9-14,longo,64,dijkstra,85,4,otimo,1,1,39,85
15,20,11-1,longo,45,bfs,60,3,guloso,1,1,1,60
15,20,11-1,longo,45,bfs,60,3,todo_centro,1,3,78,60
15,20,11-1,longo,45,bfs,60,3,limiar_10,1,1,1,60
15,20,11-1,longo,45,bfs,60,3,limiar_25,1,1,1,60
15,20,11-1,longo,45,bfs,60,3,limiar_50,1,1,1,60
15,20,11-1,longo,45,bfs,60,3,otimo,1,1,1,60
15,20,11-1,longo,45,dijkstra,60,3,guloso,1,1,1,60
15,20,11-1,longo,45,dijkstra,60,3,todo_centro,1,3,78,60
15,20,11-1,longo,45,dijkstra,60,3,limiar_10,1,1,1,60
15,20,11-1,longo,45,dijkstra,60,3,limiar_25,1,1,1,60
15,20,11-1,longo,45,dijkstra,60,3,limiar_50,1,1,1,60
15,20,11-1,longo,45,dijkstra,60,3,otimo,1,1,1,60
15,20,7-2,longo,46,dijkstra,61,3,guloso,1,1,2,61
15,20,7-2,longo,46,dijkstra,61,3,todo_centro,1,3,78,61
15,20,7-2,longo,46,dijkstra,61,3,limiar_10,1,1,2,61
15,20,7-2,longo,46,dijkstra,61,3,limiar_25,1,1,2,61
15,20,7-2,longo,46,dijkstra,61,3,limiar_50,1,1,2,61
15,20,7-2,longo,46,dijkstra,61,3,otimo,1,1,2,61
15,22,9-14,longo,53,bfs,77,1,guloso,1,1,16,77
15,22,9-14,longo,53,bfs,77,1,todo_centro,1,1,16,77
15,22,9-14,longo,53,bfs,77,1,limiar_10,0,0,0,52
15,22,9-14,longo,53,bfs,77,1,limiar_25,0,0,0,52
15,22,9-14,longo,53,bfs,77,1,limiar_50,1,1,16,77
15,22,9-14,longo,53,bfs,77,1,otimo,1,1,16,77
15,22,9-14,longo,53,dijkstra,71,2,guloso,1,1,22,71
15,22,9-14,longo,53,dijkstra,71,2,todo_centro,1,2,75,71
15,22,9-14,longo,53,dijkstra,71,2,limiar_10,0,0,0,46
15,22,9-14,longo,53,dijkstra,71,2,limiar_25,0,0,0,46
15,22,9-14,longo,53,dijkstra,71,2,limiar_50,1,1,22,71
15,22,9-14,longo,53,dijkstra,71,2,otimo,1,1,34,71
15,22,6-14,medio,29,dijkstra,58,2,guloso,1,2,27,58
15,22,6-14,medio,29,dijkstra,58,2,todo_centro,1,2,27,58
15,22,6-14,medio,29,dijkstra,58,2,limiar_10,0,0,0,27
15,22,6-14,medio,29,dijkstra,58,2,limiar_25,0,0,0,27
15,22,6-14,medio,29,dijkstra,58,2,limiar_50,0,1,10,44
15,22,6-14,medio,29,dijkstra,58,2,otimo,1,2,27,58
15,22,6-14,longo,44,dfs,64,2,guloso,1,1,7,64
15,22,6-14,longo,44,dfs,64,2,todo_centro,1,2,42,64
15,22,6-14,longo,44,dfs,64,2,limiar_10,0,0,0,42
15,22,6-14,longo,44,dfs,64,2,limiar_25,1,1,7,64
15,22,6-14,longo,44,dfs,64,2,limiar_50,1,1,7,64
15,22,6-14,longo,44,dfs,64,2,otimo,1,1,7,64
15,22,6-14,longo,44,bfs,64,2,guloso,1,1,7,64
15,22,6-14,longo,44,bfs,64,2,todo_centro,1,2,42,64
15,22,6-14,longo,44,bfs,64,2,limiar_10,0,0,0,42
15,22,6-14,longo,44,bfs,64,2,limiar_25,1,1,7,64
15,22,6-14,longo,44,bfs,64,2,limiar_50,1,1,7,64
15,22,6-14,longo,44,bfs,64,2,otimo,1,1,7,64
15,22,6-14,longo,44,dijkstra,58,2,guloso,1,1,13,58
15,22,6-14,longo,44,dijkstra,58,2,todo_centro,1,2,57,58
15,22,6-14,longo,44,dijkstra,58,2,limiar_10,0,0,0,44
15,22,6-14,longo,44,dijkstra,58,2,limiar_25,0,0,0,44
15,22,6-14,longo,44,dijkstra,58,2,limiar_50,1,1,13,58
15,22,6-14,longo,44,dijkstra,58,2,otimo,1,1,25,58
15,22,5-4,longo,22,dijkstra,29,1,guloso,1,1,3,29
15,22,5-4,longo,22,dijkstra,29,1,todo_centro,1,1,3,29
15,22,5-4,longo,22,dijkstra,29,1,limiar_10,0,0,0,20
15,22,5-4,longo,22,dijkstra,29,1,limiar_25,1,1,3,29
15,22,5-4,longo,22,dijkstra,29,1,limiar_50,1,1,3,29
15,22,5-4,longo,22,dijkstra,29,1,otimo,1,1,3,29
15,22,7-1,longo,16,bfs,22,2,guloso,1,1,1,22
15,22,7-1,longo,16,bfs,22,2,todo_centro,1,2,13,22
15,22,7-1,longo,16,bfs,22,2,limiar_10,1,1,1,22
15,22,7-1,longo,16,bfs,22,2,limiar_25,1,1,1,22
15,22,7-1,longo,16,bfs,22,2,limiar_50,1,1,1,22
15,22,7-1,longo,16,bfs,22,2,otimo,1,1,1,22
15,22,7-1,longo,16,dijkstra,22,2,guloso,1,1,1,22
15,22,7-1,longo,16,dijkstra,22,2,todo_centro,1,2,13,22
15,22,7-1,longo,16,dijkstra,22,2,limiar_10,1,1,1,22
15,22,7-1,longo,16,dijkstra,22,2,limiar_25,1,1,1,22
15,22,7-1,longo,16,dijkstra,22,2,limiar_50,1,1,1,22
15,22,7-1,longo,16,dijkstra,22,2,otimo,1,1,1,22
15,22,8-10,longo,48,dijkstra,64,2,guloso,1,1,17,64
15,22,8-10,longo,48,dijkstra,64,2,todo_centro,1,2,65,64
15,22,8-10,longo,48,dijkstra,64,2,limiar_10,0,0,0,46
15,22,8-10,longo,48,dijkstra,64,2,limiar_25,0,0,0,46
15,22,8-10,longo,48,dijkstra,64,2,limiar_50,1,1,17,64
15,22,8-10,longo,48,dijkstra,64,2,otimo,1,1,29,64
15,22,0-6,longo,44,dijkstra,58,1,guloso,1,1,25,58
15,22,0-6,longo,44,dijkstra,58,1,todo_centro,1,1,25,58
15,22,0-6,longo,44,dijkstra,58,1,limiar_10,0,0,0,30
15,22,0-6,longo,44,dijkstra,58,1,limiar_25,0,0,0,30
15,22,0-6,longo,44,dijkstra,58,1,limiar_50,0,0,0,30
15,22,0-6,longo,44,dijkstra,58,1,otimo,1,1,25,58
15,22,13-12,longo,62,bfs,89,1,guloso,1,1,25,89
15,22,13-12,longo,62,bfs,89,1,todo_centro,1,1,25,89
15,22,13-12,longo,62,bfs,89,1,limiar_10,0,0,0,52
15,22,13-12,longo,62,bfs,89,1,limiar_25,0,0,0,52
15,22,13-12,longo,62,bfs,89,1,limiar_50,1,1,25,89
15,22,13-12,longo,62,bfs,89,1,otimo,1,1,25,89
15,22,13-12,longo,62,dijkstra,83,2,guloso,1,1,31,83
15,22,13-12,longo,62,dijkstra,83,2,todo_centro,1,2,93,83
15,22,13-12,longo,62,dijkstra,83,2,limiar_10,0,0,0,62
15,22,13-12,longo,62,dijkstra,83,2,limiar_25,0,0,0,62
15,22,13-12,longo,62,dijkstra,83,2,limiar_50,1,1,31,83
15,22,13-12,longo,62,dijkstra,83,2,otimo,1,1,31,83
15,22,7-12,medio,26,dijkstra,53,2,guloso,1,2,21,53
15,22,7-12,medio,26,dijkstra,53,2,todo_centro,1,2,21,53
15,22,7-12,medio,26,dijkstra,53,2,limiar_10,0,0,0,26
15,22,7-12,medio,26,dijkstra,53,2,limiar_25,0,0,0,26
15,22,7-12,medio,26,dijkstra,53,2,limiar_50,0,1,7,44
15,22,7-12,medio,26,dijkstra,53,2,otimo,1,2,21,53
15,22,7-12,longo,40,dfs,77,2,guloso,1,1,3,77
15,22,7-12,longo,40,dfs,77,2,todo_centro,1,2,34,77
15,22,7-12,longo,40,dfs,77,2,limiar_10,1,1,3,77
15,22,7-12,longo,40,dfs,77,2,limiar_25,1,1,3,77
15,22,7-12,longo,40,dfs,77,2,limiar_50,1,1,3,77
15,22,7-12,longo,40,dfs,77,2,otimo,1,1,3,77
15,22,7-12,longo,40,bfs,59,1,guloso,1,1,3,59
15,22,7-12,longo,40,bfs,59,1,todo_centro,1,1,3,59
15,22,7-12,longo,40,bfs,59,1,limiar_10,1,1,3,59
15,22,7-12,longo,40,bfs,59,1,limiar_25,1,1,3,59
15,22,7-12,longo,40,bfs,59,1,limiar_50,1,1,3,59
15,22,7-12,longo,40,bfs,59,1,otimo,1,1,3,59
15,22,7-12,longo,40,dijkstra,53,2,guloso,1,1,9,53
15,22,7-12,longo,40,dijkstra,53,2,todo_centro,1,2,49,53
15,22,7-12,longo,40,dijkstra,53,2,limiar_10,0,0,0,40
15,22,7-12,longo,40,dijkstra,53,2,limiar_25,1,1,9,53
15,22,7-12,longo,40,dijkstra,53,2,limiar_50,1,1,9,53
15,22,7-12,longo,40,dijkstra,53,2,otimo,1,1,21,53
15,22,12-3,longo,70,dijkstra,93,2,guloso,1,2,63,93
15,22,12-3,longo,70,dijkstra,93,2,todo_centro,1,2,63,93
15,22,12-3,longo,70,dijkstra,93,2,limiar_10,0,0,0,63
15,22,12-3,longo,70,dijkstra,93,2,limiar_25,0,0,0,63
15,22,12-3,longo,70,dijkstra,93,2,limiar_50,0,0,0,63
15,22,12-3,longo,70,dijkstra,93,2,otimo,1,2,63,93
15,22,8-7,longo,46,dijkstra,61,1,guloso,1,1,27,61
15,22,8-7,longo,46,dijkstra,61,1,todo_centro,1,1,27,61
15,22,8-7,longo,46,dijkstra,61,1,limiar_10,0,0,0,45
15,22,8-7,longo,46,dijkstra,61,1,limiar_25,0,0,0,45
15,22,8-7,longo,46,dijkstra,61,1,limiar_50,0,0,0,45
15,22,8-7,longo,46,dijkstra,61,1,otimo,1,1,27,61
15,24,11-4,medio,26,dijkstra,53,4,guloso,1,2,12,53
15,24,11-4,medio,26,dijkstra,53,4,todo_centro,1,4,64,53
15,24,11-4,medio,26,dijkstra,53,4,limiar_10,0,0,0,21
15,24,11-4,medio,26,dijkstra,53,4,limiar_25,0,0,0,21
15,24,11-4,medio,26,dijkstra,53,4,limiar_50,1,2,17,53
15,24,11-4,medio,26,dijkstra,53,4,otimo,1,2,17,53
15,24,11-4,longo,40,bfs,73,4,guloso,1,1,2,73
15,24,11-4,longo,40,bfs,73,4,todo_centro,1,4,100,73
15,24,11-4,longo,40,bfs,73,4,limiar_10,1,1,2,73
15,24,11-4,longo,40,bfs,73,4,limiar_25,1,1,6,73
15,24,11-4,longo,40,bfs,73,4,limiar_50,1,2,25,73
15,24,11-4,longo,40,bfs,73,4,otimo,1,1,6,73
15,24,11-4,longo,40,dijkstra,53,4,guloso,1,1,0,53
15,24,11-4,longo,40,dijkstra,53,4,todo_centro,1,4,120,53
15,24,11-4,longo,40,dijkstra,53,4,limiar_10,1,1,0,53
15,24,11-4,longo,40,dijkstra,53,4,limiar_25,1,1,5,53
15,24,11-4,longo,40,dijkstra,53,4,limiar_50,1,1,5,53
15,24,11-4,longo,40,dijkstra,53,4,otimo,1,1,26,53
15,24,2-12,medio,35,dfs,88,2,guloso,1,2,17,88
15,24,2-12,medio,35,dfs,88,2,todo_centro,1,2,17,88
15,24,2-12,medio,35,dfs,88,2,limiar_10,0,1,1,69
15,24,2-12,medio,35,dfs,88,2,limiar_25,0,1,1,69
15,24,2-12,medio,35,dfs,88,2,limiar_50,1,2,17,88
15,24,2-12,medio,35,dfs,88,2,otimo,1,2,17,88
15,24,2-12,medio,35,bfs,88,2,guloso,1,2,17,88
15,24,2-12,medio,35,bfs,88,2,todo_centro,1,2,17,88
15,24,2-12,medio,35,bfs,88,2,limiar_10,0,1,1,69
15,24,2-12,medio,35,bfs,88,2,limiar_25,0,1,1,69
15,24,2-12,medio,35,bfs,88,2,limiar_50,1,2,17,88
15,24,2-12,medio,35,bfs,88,2,otimo,1,2,17,88
15,24,2-12,medio,35,dijkstra,70,3,guloso,1,1,0,70
15,24,2-12,medio,35,dijkstra,70,3,todo_centro,1,3,70,70
15,24,2-12,medio,35,dijkstra,70,3,limiar_10,1,1,0,70
15,24,2-12,medio,35,dijkstra,70,3,limiar_25,1,1,0,70
15,24,2-12,medio,35,dijkstra,70,3,limiar_50,1,1,0,70
15,24,2-12,medio,35,dijkstra,70,3,otimo,1,1,0,70
15,24,2-12,longo,52,dfs,88,2,guloso,1,2,51,88
15,24,2-12,longo,52,dfs,88,2,todo_centro,1,2,51,88
15,24,2-12,longo,52,dfs,88,2,limiar_10,0,0,0,50
15,24,2-12,longo,52,dfs,88,2,limiar_25,0,0,0,50
15,24,2-12,longo,52,dfs,88,2,limiar_50,0,1,18,73
15,24,2-12,longo,52,dfs,88,2,otimo,1,2,51,88
15,24,2-12,longo,52,bfs,88,2,guloso,1,2,51,88
15,24,2-12,longo,52,bfs,88,2,todo_centro,1,2,51,88
15,24,2-12,longo,52,bfs,88,2,limiar_10,0,0,0,50
15,24,2-12,longo,52,bfs,88,2,limiar_25,0,0,0,50
15,24,2-12,longo,52,bfs,88,2,limiar_50,0,1,18,73
15,24,2-12,longo,52,bfs,88,2,otimo,1,2,51,88
15,24,2-12,longo,52,dijkstra,70,3,guloso,1,1,17,70
15,24,2-12,longo,52,dijkstra,70,3,todo_centro,1,3,121,70
15,24,2-12,longo,52,dijkstra,70,3,limiar_10,0,0,0,52
15,24,2-12,longo,52,dijkstra,70,3,limiar_25,0,0,0,52
15,24,2-12,longo,52,dijkstra,70,3,limiar_50,1,1,17,70
15,24,2-12,longo,52,dijkstra,70,3,otimo,1,1,17,70
15,24,6-1,medio,30,dijkstra,59,3,guloso,1,2,25,59
15,24,6-1,medio,30,dijkstra,59,3,todo_centro,1,3,55,59
15,24,6-1,medio,30,dijkstra,59,3,limiar_10,0,0,0,21
15,24,6-1,medio,30,dijkstra,59,3,limiar_25,0,0,0,21
15,24,6-1,medio,30,dijkstra,59,3,limiar_50,1,2,25,59
15,24,6-1,medio,30,dijkstra,59,3,otimo,1,2,25,59
15,24,6-1,longo,44,bfs,79,3,guloso,1,1,6,79
15,24,6-1,longo,44,bfs,79,3,todo_centro,1,3,77,79
15,24,6-1,longo,44,bfs,79,3,limiar_10,0,0,0,41
15,24,6-1,longo,44,bfs,79,3,limiar_25,0,1,10,78
15,24,6-1,longo,44,bfs,79,3,limiar_50,0,1,10,78
15,24,6-1,longo,44,bfs,79,3,otimo,1,1,6,79
15,24,6-1,longo,44,dijkstra,59,3,guloso,1,1,9,59
15,24,6-1,longo,44,dijkstra,59,3,todo_centro,1,3,97,59
15,24,6-1,longo,44,dijkstra,59,3,limiar_10,0,0,0,43
15,24,6-1,longo,44,dijkstra,59,3,limiar_25,1,1,9,59
15,24,6-1,longo,44,dijkstra,59,3,limiar_50,1,1,9,59
15,24,6-1,longo,44,dijkstra,59,3,otimo,1,1,26,59
15,24,10-7,curto,17,dijkstra,57,5,guloso,1,4,28,57
15,24,10-7,curto,17,dijkstra,57,5,todo_centro,1,5,32,57
15,24,10-7,curto,17,dijkstra,57,5,limiar_10,0,0,0,15
15,24,10-7,curto,17,dijkstra,57,5,limiar_25,0,1,3,21
15,24,10-7,curto,17,dijkstra,57,5,limiar_50,0,1,3,21
15,24,10-7,curto,17,dijkstra,57,5,otimo,1,4,28,57
15,24,10-7,medio,28,dijkstra,57,5,guloso,1,2,16,57
15,24,10-7,medio,28,dijkstra,57,5,todo_centro,1,5,87,57
15,24,10-7,medio,28,dijkstra,57,5,limiar_10,0,0,0,21
15,24,10-7,medio,28,dijkstra,57,5,limiar_25,0,0,0,21
15,24,10-7,medio,28,dijkstra,57,5,limiar_50,1,3,31,57
15,24,10-7,medio,28,dijkstra,57,5,otimo,1,2,21,57
15,24,10-7,longo,43,bfs,77,5,guloso,1,1,5,77
15,24,10-7,longo,43,bfs,77,5,todo_centro,1,5,142,77
15,24,10-7,longo,43,bfs,77,5,limiar_10,0,0,0,41
15,24,10-7,longo,43,bfs,77,5,limiar_25,1,2,13,77
15,24,10-7,longo,43,bfs,77,5,limiar_50,1,2,26,77
15,24,10-7,longo,43,bfs,77,5,otimo,1,1,9,77
15,24,10-7,longo,43,dijkstra,57,5,guloso,1,1,3,57
15,24,10-7,longo,43,dijkstra,57,5,todo_centro,1,5,162,57
15,24,10-7,longo,43,dijkstra,57,5,limiar_10,1,1,3,57
15,24,10-7,longo,43,dijkstra,57,5,limiar_25,1,1,8,57
15,24,10-7,longo,43,dijkstra,57,5,limiar_50,1,1,8,57
15,24,10-7,longo,43,dijkstra,57,5,otimo,1,1,29,57
15,24,10-4,medio,25,dijkstra,50,4,guloso,1,2,10,50
15,24,10-4,medio,25,dijkstra,50,4,todo_centro,1,4,60,50
15,24,10-4,medio,25,dijkstra,50,4,limiar_10,0,0,0,21
15,24,10-4,medio,25,dijkstra,50,4,limiar_25,0,0,0,21
15,24,10-4,medio,25,dijkstra,50,4,limiar_50,1,2,15,50
15,24,10-4,medio,25,dijkstra,50,4,otimo,1,2,15,50
15,24,10-4,longo,38,bfs,70,4,guloso,1,1,0,70
15,24,10-4,longo,38,bfs,70,4,todo_centro,1,4,92,70
15,24,10-4,longo,38,bfs,70,4,limiar_10,1,1,0,70
15,24,10-4,longo,38,bfs,70,4,limiar_25,1,1,4,70
15,24,10-4,longo,38,bfs,70,4,limiar_50,1,2,21,70
15,24,10-4,longo,38,bfs,70,4,otimo,1,1,4,70
15,24,10-4,longo,38,dijkstra,50,4,guloso,1,1,3,50
15,24,10-4,longo,38,dijkstra,50,4,todo_centro,1,4,112,50
15,24,10-4,longo,38,dijkstra,50,4,limiar_10,1,1,3,50
15,24,10-4,longo,38,dijkstra,50,4,limiar_25,1,1,3,50
15,24,10-4,longo,38,dijkstra,50,4,limiar_50,1,1,3,50
15,24,10-4,longo,38,dijkstra,50,4,otimo,1,1,24,50
15,24,12-9,curto,23,dijkstra,77,7,guloso,1,3,7,77
15,24,12-9,curto,23,dijkstra,77,7,todo_centro,1,7,99,77
15,24,12-9,curto,23,dijkstra,77,7,limiar_10,0,0,0,21
15,24,12-9,curto,23,dijkstra,77,7,limiar_25,1,3,11,77
15,24,12-9,curto,23,dijkstra,77,7,limiar_50,0,3,16,62
15,24,12-9,curto,23,dijkstra,77,7,otimo,1,3,11,77
15,24,12-9,medio,38,bfs,111,5,guloso,1,2,3,111
15,24,12-9,medio,38,bfs,111,5,todo_centro,1,5,117,111
15,24,12-9,medio,38,bfs,111,5,limiar_10,1,2,3,111
15,24,12-9,medio,38,bfs,111,5,limiar_25,0,1,4,70
15,24,12-9,medio,38,bfs,111,5,limiar_50,0,2,21,84
15,24,12-9,medio,38,bfs,111,5,otimo,1,2,3,111
15,24,12-9,medio,38,dijkstra,77,7,guloso,1,2,14,77
15,24,12-9,medio,38,dijkstra,77,7,todo_centro,1,7,204,77
15,24,12-9,medio,38,dijkstra,77,7,limiar_10,0,1,3,62
15,24,12-9,medio,38,dijkstra,77,7,limiar_25,0,1,3,62
15,24,12-9,medio,38,dijkstra,77,7,limiar_50,1,2,18,77
15,24,12-9,medio,38,dijkstra,77,7,otimo,1,2,36,77
15,24,12-9,longo,58,bfs,111,5,guloso,1,1,3,111
15,24,12-9,longo,58,bfs,111,5,todo_centro,1,5,217,111
15,24,12-9,longo,58,bfs,111,5,limiar_10,1,1,3,111
15,24,12-9,longo,58,bfs,111,5,limiar_25,1,1,3,111
15,24,12-9,longo,58,bfs,111,5,limiar_50,1,2,43,111
15,24,12-9,longo,58,bfs,111,5,otimo,1,1,3,111
15,24,12-9,longo,58,dijkstra,77,7,guloso,1,1,0,77
15,24,12-9,longo,58,dijkstra,77,7,todo_centro,1,7,344,77
15,24,12-9,longo,58,dijkstra,77,7,limiar_10,1,1,5,77
15,24,12-9,longo,58,dijkstra,77,7,limiar_25,1,1,5,77
15,24,12-9,longo,58,dijkstra,77,7,limiar_50,1,1,23,77
15,24,12-9,longo,58,dijkstra,77,7,otimo,1,1,23,77
15,24,8-7,curto,20,dijkstra,67,5,guloso,1,3,7,67
15,24,8-7,curto,20,dijkstra,67,5,todo_centro,1,5,47,67
15,24,8-7,curto,20,dijkstra,67,5,limiar_10,0,1,2,38
15,24,8-7,curto,20,dijkstra,67,5,limiar_25,1,3,7,67
15,24,8-7,curto,20,dijkstra,67,5,limiar_50,0,1,6,34
15,24,8-7,curto,20,dijkstra,67,5,otimo,1,3,7,67
15,24,8-7,medio,34,bfs,89,6,guloso,1,2,8,89
15,24,8-7,medio,34,bfs,89,6,todo_centro,1,6,128,89
15,24,8-7,medio,34,bfs,89,6,limiar_10,0,1,0,60
15,24,8-7,medio,34,bfs,89,6,limiar_25,1,2,8,89
15,24,8-7,medio,34,bfs,89,6,limiar_50,1,3,29,89
15,24,8-7,medio,34,bfs,89,6,otimo,1,2,13,89
15,24,8-7,medio,34,dijkstra,67,5,guloso,1,2,28,67
15,24,8-7,medio,34,dijkstra,67,5,todo_centro,1,5,117,67
15,24,8-7,medio,34,dijkstra,67,5,limiar_10,0,0,0,34
15,24,8-7,medio,34,dijkstra,67,5,limiar_25,0,0,0,34
15,24,8-7,medio,34,dijkstra,67,5,limiar_50,1,3,49,67
15,24,8-7,medio,34,dijkstra,67,5,otimo,1,2,33,67
15,24,8-7,longo,50,bfs,89,6,guloso,1,2,24,89
15,24,8-7,longo,50,bfs,89,6,todo_centro,1,6,224,89
15,24,8-7,longo,50,bfs,89,6,limiar_10,0,0,0,41
15,24,8-7,longo,50,bfs,89,6,limiar_25,1,2,24,89
15,24,8-7,longo,50,bfs,89,6,limiar_50,1,2,40,89
15,24,8-7,longo,50,bfs,89,6,otimo,1,2,45,89
15,24,8-7,longo,50,dijkstra,67,5,guloso,1,1,10,67
15,24,8-7,longo,50,dijkstra,67,5,todo_centro,1,5,197,67
15,24,8-7,longo,50,dijkstra,67,5,limiar_10,0,0,0,50
15,24,8-7,longo,50,dijkstra,67,5,limiar_25,1,1,10,67
15,24,8-7,longo,50,dijkstra,67,5,limiar_50,1,1,15,67
15,24,8-7,longo,50,dijkstra,67,5,otimo,1,1,32,67
15,24,10-8,curto,20,dijkstra,66,5,guloso,1,3,7,66
15,24,10-8,curto,20,dijkstra,66,5,todo_centro,1,5,47,66
15,24,10-8,curto,20,dijkstra,66,5,limiar_10,0,1,2,38
15,24,10-8,curto,20,dijkstra,66,5,limiar_25,1,3,7,66
15,24,10-8,curto,20,dijkstra,66,5,limiar_50,0,1,6,34
15,24,10-8,curto,20,dijkstra,66,5,otimo,1,3,7,66
15,24,10-8,medio,33,dijkstra,66,5,guloso,1,2,26,66
15,24,10-8,medio,33,dijkstra,66,5,todo_centro,1,5,112,66
15,24,10-8,medio,33,dijkstra,66,5,limiar_10,0,0,0,21
15,24,10-8,medio,33,dijkstra,66,5,limiar_25,0,0,0,21
15,24,10-8,medio,33,dijkstra,66,5,limiar_50,1,3,46,66
15,24,10-8,medio,33,dijkstra,66,5,otimo,1,2,31,66
15,24,10-8,longo,50,bfs,92,5,guloso,1,2,27,92
15,24,10-8,longo,50,bfs,92,5,todo_centro,1,5,177,92
15,24,10-8,longo,50,bfs,92,5,limiar_10,0,0,0,41
15,24,10-8,longo,50,bfs,92,5,limiar_25,0,1,12,83
15,24,10-8,longo,50,bfs,92,5,limiar_50,1,2,40,92
15,24,10-8,longo,50,bfs,92,5,otimo,1,2,45,92
15,24,10-8,longo,50,dijkstra,66,5,guloso,1,1,10,66
15,24,10-8,longo,50,dijkstra,66,5,todo_centro,1,5,197,66
15,24,10-8,longo,50,dijkstra,66,5,limiar_10,0,0,0,50
15,24,10-8,longo,50,dijkstra,66,5,limiar_25,1,1,10,66
15,24,10-8,longo,50,dijkstra,66,5,limiar_50,1,1,15,66
15,24,10-8,longo,50,dijkstra,66,5,otimo,1,1,32,66
15,24,10-13,medio,46,bfs,113,5,guloso,1,2,19,113
15,24,10-13,medio,46,bfs,113,5,todo_centro,1,5,157,113
15,24,10-13,medio,46,bfs,113,5,limiar_10,0,0,0,41
15,24,10-13,medio,46,bfs,113,5,limiar_25,1,2,19,113
15,24,10-13,medio,46,bfs,113,5,limiar_50,0,2,32,98
15,24,10-13,medio,46,bfs,113,5,otimo,1,2,19,113
15,24,10-13,medio,46,dijkstra,93,5,guloso,1,2,39,93
15,24,10-13,medio,46,dijkstra,93,5,todo_centro,1,5,177,93
15,24,10-13,medio,46,dijkstra,93,5,limiar_10,0,0,0,40
15,24,10-13,medio,46,dijkstra,93,5,limiar_25,0,1,11,78
15,24,10-13,medio,46,dijkstra,93,5,limiar_50,0,1,11,78
15,24,10-13,medio,46,dijkstra,93,5,otimo,1,2,39,93
15,24,10-13,longo,70,bfs,113,5,guloso,1,1,10,113
15,24,10-13,longo,70,bfs,113,5,todo_centro,1,5,277,113
15,24,10-13,longo,70,bfs,113,5,limiar_10,0,0,0,70
15,24,10-13,longo,70,bfs,113,5,limiar_25,1,1,15,113
15,24,10-13,longo,70,bfs,113,5,limiar_50,1,2,67,113
15,24,10-13,longo,70,bfs,113,5,otimo,1,1,15,113
15,24,10-13,longo,70,dijkstra,93,5,guloso,1,1,17,93
15,24,10-13,longo,70,dijkstra,93,5,todo_centro,1,5,297,93
15,24,10-13,longo,70,dijkstra,93,5,limiar_10,0,0,0,64
15,24,10-13,longo,70,dijkstra,93,5,limiar_25,1,1,17,93
15,24,10-13,longo,70,dijkstra,93,5,limiar_50,1,1,35,93
15,24,10-13,longo,70,dijkstra,93,5,otimo,1,1,35,93
15,26,14-8,medio,32,bfs,78,4,guloso,1,2,12,78
15,26,14-8,medio,32,bfs,78,4,todo_centro,1,4,76,78
15,26,14-8,medio,32,bfs,78,4,limiar_10,0,0,0,24
15,26,14-8,medio,32,bfs,78,4,limiar_25,1,2,12,78
15,26,14-8,medio,32,bfs,78,4,limiar_50,1,2,12,78
15,26,14-8,medio,32,bfs,78,4,otimo,1,2,12,78
15,26,14-8,medio,32,dijkstra,64,4,guloso,1,2,24,64
15,26,14-8,medio,32,dijkstra,64,4,todo_centro,1,4,67,64
15,26,14-8,medio,32,dijkstra,64,4,limiar_10,0,0,0,26
15,26,14-8,medio,32,dijkstra,64,4,limiar_25,0,0,0,26
15,26,14-8,medio,32,dijkstra,64,4,limiar_50,0,0,0,26
15,26,14-8,medio,32,dijkstra,64,4,otimo,1,2,24,64
15,26,14-8,longo,48,bfs,78,4,guloso,1,2,44,78
15,26,14-8,longo,48,bfs,78,4,todo_centro,1,4,140,78
15,26,14-8,longo,48,bfs,78,4,limiar_10,0,0,0,38
15,26,14-8,longo,48,bfs,78,4,limiar_25,0,0,0,38
15,26,14-8,longo,48,bfs,78,4,limiar_50,1,2,44,78
15,26,14-8,longo,48,bfs,78,4,otimo,1,2,44,78
15,26,14-8,longo,48,dijkstra,64,4,guloso,1,1,8,64
15,26,14-8,longo,48,dijkstra,64,4,todo_centro,1,4,131,64
15,26,14-8,longo,48,dijkstra,64,4,limiar_10,0,0,0,42
15,26,14-8,longo,48,dijkstra,64,4,limiar_25,1,1,8,64
15,26,14-8,longo,48,dijkstra,64,4,limiar_50,1,1,8,64
15,26,14-8,longo,48,dijkstra,64,4,otimo,1,1,8,64
15,26,3-11,medio,37,dijkstra,74,4,guloso,1,2,18,74
15,26,3-11,medio,37,dijkstra,74,4,todo_centro,1,4,92,74
15,26,3-11,medio,37,dijkstra,74,4,limiar_10,0,0,0,26
15,26,3-11,medio,37,dijkstra,74,4,limiar_25,0,0,0,26
15,26,3-11,medio,37,dijkstra,74,4,limiar_50,1,2,18,74
15,26,3-11,medio,37,dijkstra,74,4,otimo,1,2,18,74
15,26,3-11,longo,56,dfs,96,5,guloso,1,2,34,96
15,26,3-11,longo,56,dfs,96,5,todo_centro,1,5,202,96
15,26,3-11,longo,56,dfs,96,5,limiar_10,0,0,0,53
15,26,3-11,longo,56,dfs,96,5,limiar_25,0,0,0,53
15,26,3-11,longo,56,dfs,96,5,limiar_50,1,2,34,96
15,26,3-11,longo,56,dfs,96,5,otimo,1,2,34,96
15,26,3-11,longo,56,bfs,96,5,guloso,1,2,34,96
15,26,3-11,longo,56,bfs,96,5,todo_centro,1,5,202,96
15,26,3-11,longo,56,bfs,96,5,limiar_10,0,0,0,53
15,26,3-11,longo,56,bfs,96,5,limiar_25,0,0,0,53
15,26,3-11,longo,56,bfs,96,5,limiar_50,1,2,34,96
15,26,3-11,longo,56,bfs,96,5,otimo,1,2,34,96
15,26,3-11,longo,56,dijkstra,74,4,guloso,1,1,0,74
15,26,3-11,longo,56,dijkstra,74,4,todo_centro,1,4,168,74
15,26,3-11,longo,56,dijkstra,74,4,limiar_10,1,1,0,74
15,26,3-11,longo,56,dijkstra,74,4,limiar_25,1,1,0,74
15,26,3-11,longo,56,dijkstra,74,4,limiar_50,1,1,0,74
15,26,3-11,longo,56,dijkstra,74,4,otimo,1,1,30,74
15,26,10-10,longo,40,bfs,68,4,guloso,1,1,2,68
15,26,10-10,longo,40,bfs,68,4,todo_centro,1,4,122,68
15,26,10-10,longo,40,bfs,68,4,limiar_10,1,1,2,68
15,26,10-10,longo,40,bfs,68,4,limiar_25,1,1,2,68
15,26,10-10,longo,40,bfs,68,4,limiar_50,0,1,19,58
15,26,10-10,longo,40,bfs,68,4,otimo,1,1,2,68
15,26,10-10,longo,40,dijkstra,54,3,guloso,1,1,14,54
15,26,10-10,longo,40,dijkstra,54,3,todo_centro,1,3,94,54
15,26,10-10,longo,40,dijkstra,54,3,limiar_10,0,0,0,40
15,26,10-10,longo,40,dijkstra,54,3,limiar_25,0,0,0,40
15,26,10-10,longo,40,dijkstra,54,3,limiar_50,1,1,14,54
15,26,10-10,longo,40,dijkstra,54,3,otimo,1,1,14,54
15,26,1-14,medio,48,dfs,117,5,guloso,1,2,18,117
15,26,1-14,medio,48,dfs,117,5,todo_centro,1,5,162,117
15,26,1-14,medio,48,dfs,117,5,limiar_10,0,0,0,38
15,26,1-14,medio,48,dfs,117,5,limiar_25,1,2,18,117
15,26,1-14,medio,48,dfs,117,5,limiar_50,0,1,24,66
15,26,1-14,medio,48,dfs,117,5,otimo,1,2,18,117
15,26,1-14,medio,48,bfs,117,5,guloso,1,2,18,117
15,26,1-14,medio,48,bfs,117,5,todo_centro,1,5,162,117
15,26,1-14,medio,48,bfs,117,5,limiar_10,0,0,0,38
15,26,1-14,medio,48,bfs,117,5,limiar_25,1,2,18,117
15,26,1-14,medio,48,bfs,117,5,limiar_50,0,1,24,66
15,26,1-14,medio,48,bfs,117,5,otimo,1,2,18,117
15,26,1-14,medio,48,dijkstra,95,4,guloso,1,2,40,95
15,26,1-14,medio,48,dijkstra,95,4,todo_centro,1,4,136,95
15,26,1-14,medio,48,dijkstra,95,4,limiar_10,0,0,0,44
15,26,1-14,medio,48,dijkstra,95,4,limiar_25,0,0,0,44
15,26,1-14,medio,48,dijkstra,95,4,limiar_50,1,2,40,95
15,26,1-14,medio,48,dijkstra,95,4,otimo,1,2,40,95
15,26,1-14,longo,71,dfs,117,5,guloso,1,2,64,117
15,26,1-14,longo,71,dfs,117,5,todo_centro,1,5,277,117
15,26,1-14,longo,71,dfs,117,5,limiar_10,0,0,0,66
15,26,1-14,longo,71,dfs,117,5,limiar_25,0,0,0,66
15,26,1-14,longo,71,dfs,117,5,limiar_50,1,2,64,117
15,26,1-14,longo,71,dfs,117,5,otimo,1,2,64,117
15,26,1-14,longo,71,bfs,117,5,guloso,1,2,64,117
15,26,1-14,longo,71,bfs,117,5,todo_centro,1,5,277,117
15,26,1-14,longo,71,bfs,117,5,limiar_10,0,0,0,66
15,26,1-14,longo,71,bfs,117,5,limiar_25,0,0,0,66
15,26,1-14,longo,71,bfs,117,5,limiar_50,1,2,64,117
15,26,1-14,longo,71,bfs,117,5,otimo,1,2,64,117
15,26,1-14,longo,71,dijkstra,95,4,guloso,1,1,15,95
15,26,1-14,longo,71,dijkstra,95,4,todo_centro,1,4,228,95
15,26,1-14,longo,71,dijkstra,95,4,limiar_10,0,0,0,68
15,26,1-14,longo,71,dijkstra,95,4,limiar_25,1,1,15,95
15,26,1-14,longo,71,dijkstra,95,4,limiar_50,1,1,15,95
15,26,1-14,longo,71,dijkstra,95,4,otimo,1,1,45,95
15,26,5-9,medio,22,dfs,56,4,guloso,1,2,6,56
15,26,5-9,medio,22,dfs,56,4,todo_centro,1,4,50,56
15,26,5-9,medio,22,dfs,56,4,limiar_10,0,1,1,38
15,26,5-9,medio,22,dfs,56,4,limiar_25,1,2,6,56
15,26,5-9,medio,22,dfs,56,4,limiar_50,1,2,6,56
15,26,5-9,medio,22,dfs,56,4,otimo,1,2,6,56
15,26,5-9,medio,22,bfs,56,4,guloso,1,2,6,56
15,26,5-9,medio,22,bfs,56,4,todo_centro,1,4,50,56
15,26,5-9,medio,22,bfs,56,4,limiar_10,0,1,1,38
15,26,5-9,medio,22,bfs,56,4,limiar_25,1,2,6,56
15,26,5-9,medio,22,bfs,56,4,limiar_50,1,2,6,56
15,26,5-9,medio,22,bfs,56,4,otimo,1,2,6,56
15,26,5-9,medio,22,dijkstra,44,3,guloso,1,2,18,44
15,26,5-9,medio,22,dijkstra,44,3,todo_centro,1,3,40,44
15,26,5-9,medio,22,dijkstra,44,3,limiar_10,0,0,0,12
15,26,5-9,medio,22,dijkstra,44,3,limiar_25,0,0,0,12
15,26,5-9,medio,22,dijkstra,44,3,limiar_50,1,2,18,44
15,26,5-9,medio,22,dijkstra,44,3,otimo,1,2,18,44
15,26,5-9,longo,33,dfs,56,4,guloso,1,1,9,56
15,26,5-9,longo,33,dfs,56,4,todo_centro,1,4,94,56
15,26,5-9,longo,33,dfs,56,4,limiar_10,0,0,0,24
15,26,5-9,longo,33,dfs,56,4,limiar_25,0,0,0,24
15,26,5-9,longo,33,dfs,56,4,limiar_50,1,2,28,56
15,26,5-9,longo,33,dfs,56,4,otimo,1,1,9,56
15,26,5-9,longo,33,bfs,56,4,guloso,1,1,9,56
15,26,5-9,longo,33,bfs,56,4,todo_centro,1,4,94,56
15,26,5-9,longo,33,bfs,56,4,limiar_10,0,0,0,24
15,26,5-9,longo,33,bfs,56,4,limiar_25,0,0,0,24
15,26,5-9,longo,33,bfs,56,4,limiar_50,1,2,28,56
15,26,5-9,longo,33,bfs,56,4,otimo,1,1,9,56
15,26,5-9,longo,33,dijkstra,44,3,guloso,1,1,7,44
15,26,5-9,longo,33,dijkstra,44,3,todo_centro,1,3,73,44
15,26,5-9,longo,33,dijkstra,44,3,limiar_10,0,0,0,26
15,26,5-9,longo,33,dijkstra,44,3,limiar_25,1,1,7,44
15,26,5-9,longo,33,dijkstra,44,3,limiar_50,1,1,7,44
15,26,5-9,longo,33,dijkstra,44,3,otimo,1,1,21,44
15,26,13-14,medio,40,bfs,95,5,guloso,1,2,11,95
15,26,13-14,medio,40,bfs,95,5,todo_centro,1,5,131,95
15,26,13-14,medio,40,bfs,95,5,limiar_10,0,1,2,78
15,26,13-14,medio,40,bfs,95,5,limiar_25,1,2,11,95
15,26,13-14,medio,40,bfs,95,5,limiar_50,0,1,19,58
15,26,13-14,medio,40,bfs,95,5,otimo,1,2,11,95
15,26,13-14,medio,40,dijkstra,81,4,guloso,1,2,25,81
15,26,13-14,medio,40,dijkstra,81,4,todo_centro,1,4,105,81
15,26,13-14,medio,40,dijkstra,81,4,limiar_10,0,0,0,40
15,26,13-14,medio,40,dijkstra,81,4,limiar_25,0,0,0,40
15,26,13-14,medio,40,dijkstra,81,4,limiar_50,1,2,25,81
15,26,13-14,medio,40,dijkstra,81,4,otimo,1,2,25,81
15,26,13-14,longo,61,bfs,95,5,guloso,1,1,23,95
15,26,13-14,longo,61,bfs,95,5,todo_centro,1,5,236,95
15,26,13-14,longo,61,bfs,95,5,limiar_10,0,0,0,58
15,26,13-14,longo,61,bfs,95,5,limiar_25,0,0,0,58
15,26,13-14,longo,61,bfs,95,5,limiar_50,1,2,53,95
15,26,13-14,longo,61,bfs,95,5,otimo,1,1,23,95
15,26,13-14,longo,61,dijkstra,81,4,guloso,1,1,6,81
15,26,13-14,longo,61,dijkstra,81,4,todo_centro,1,4,189,81
15,26,13-14,longo,61,dijkstra,81,4,limiar_10,1,1,6,81
15,26,13-14,longo,61,dijkstra,81,4,limiar_25,1,1,6,81
15,26,13-14,longo,61,dijkstra,81,4,limiar_50,1,1,6,81
15,26,13-14,longo,61,dijkstra,81,4,otimo,1,1,35,81
15,26,13-4,medio,30,bfs,71,4,guloso,1,2,8,71
15,26,13-4,medio,30,bfs,71,4,todo_centro,1,4,68,71
15,26,13-4,medio,30,bfs,71,4,limiar_10,0,0,0,24
15,26,13-4,medio,30,bfs,71,4,limiar_25,1,2,8,71
15,26,13-4,medio,30,bfs,71,4,limiar_50,0,1,9,51
15,26,13-4,medio,30,bfs,71,4,otimo,1,2,8,71
15,26,13-4,medio,30,dijkstra,59,3,guloso,1,2,20,59
15,26,13-4,medio,30,dijkstra,59,3,todo_centro,1,3,50,59
15,26,13-4,medio,30,dijkstra,59,3,limiar_10,0,0,0,26
15,26,13-4,medio,30,dijkstra,59,3,limiar_25,0,0,0,26
15,26,13-4,medio,30,dijkstra,59,3,limiar_50,0,0,0,26
15,26,13-4,medio,30,dijkstra,59,3,otimo,1,2,20,59
15,26,13-4,longo,44,bfs,71,4,guloso,1,2,36,71
15,26,13-4,longo,44,bfs,71,4,todo_centro,1,4,124,71
15,26,13-4,longo,44,bfs,71,4,limiar_10,0,0,0,38
15,26,13-4,longo,44,bfs,71,4,limiar_25,0,0,0,38
15,26,13-4,longo,44,bfs,71,4,limiar_50,1,2,36,71
15,26,13-4,longo,44,bfs,71,4,otimo,1,2,36,71
15,26,13-4,longo,44,dijkstra,59,3,guloso,1,1,4,59
15,26,13-4,longo,44,dijkstra,59,3,todo_centro,1,3,92,59
15,26,13-4,longo,44,dijkstra,59,3,limiar_10,1,1,4,59
15,26,13-4,longo,44,dijkstra,59,3,limiar_25,1,1,4,59
15,26,13-4,longo,44,dijkstra,59,3,limiar_50,1,1,4,59
15,26,13-4,longo,44,dijkstra,59,3,otimo,1,1,4,59
15,28,12-10,longo,39,dfs,64,2,guloso,1,1,13,64
15,28,12-10,longo,39,dfs,64,2,todo_centro,1,2,18,64
15,28,12-10,longo,39,dfs,64,2,limiar_10,0,0,0,35
15,28,12-10,longo,39,dfs,64,2,limiar_25,0,0,0,35
15,28,12-10,longo,39,dfs,64,2,limiar_50,1,2,18,64
15,28,12-10,longo,39,dfs,64,2,otimo,1,1,13,64
15,28,12-10,longo,39,bfs,64,2,guloso,1,1,13,64
15,28,12-10,longo,39,bfs,64,2,todo_centro,1,2,18,64
15,28,12-10,longo,39,bfs,64,2,limiar_10,0,0,0,35
15,28,12-10,longo,39,bfs,64,2,limiar_25,0,0,0,35
15,28,12-10,longo,39,bfs,64,2,limiar_50,1,2,18,64
15,28,12-10,longo,39,bfs,64,2,otimo,1,1,13,64
15,28,12-10,longo,39,dijkstra,52,3,guloso,1,1,20,52
15,28,12-10,longo,39,dijkstra,52,3,todo_centro,1,3,69,52
15,28,12-10,longo,39,dijkstra,52,3,limiar_10,0,0,0,36
15,28,12-10,longo,39,dijkstra,52,3,limiar_25,0,0,0,36
15,28,12-10,longo,39,dijkstra,52,3,limiar_50,0,0,0,36
15,28,12-10,longo,39,dijkstra,52,3,otimo,1,1,20,52
15,28,0-13,medio,54,dijkstra,109,6,guloso,1,2,49,109
15,28,0-13,medio,54,dijkstra,109,6,todo_centro,1,6,219,109
15,28,0-13,medio,54,dijkstra,109,6,limiar_10,0,0,0,52
15,28,0-13,medio,54,dijkstra,109,6,limiar_25,0,1,6,102
15,28,0-13,medio,54,dijkstra,109,6,limiar_50,0,1,6,102
15,28,0-13,medio,54,dijkstra,109,6,otimo,1,2,50,109
15,28,0-13,longo,82,dfs,129,4,guloso,1,1,10,129
15,28,0-13,longo,82,dfs,129,4,todo_centro,1,4,200,129
15,28,0-13,longo,82,dfs,129,4,limiar_10,0,0,0,82
15,28,0-13,longo,82,dfs,129,4,limiar_25,1,1,10,129
15,28,0-13,longo,82,dfs,129,4,limiar_50,1,2,36,129
15,28,0-13,longo,82,dfs,129,4,otimo,1,1,22,129
15,28,0-13,longo,82,bfs,129,4,guloso,1,1,10,129
15,28,0-13,longo,82,bfs,129,4,todo_centro,1,4,200,129
15,28,0-13,longo,82,bfs,129,4,limiar_10,0,0,0,82
15,28,0-13,longo,82,bfs,129,4,limiar_25,1,1,10,129
15,28,0-13,longo,82,bfs,129,4,limiar_50,1,2,36,129
15,28,0-13,longo,82,bfs,129,4,otimo,1,1,22,129
15,28,0-13,longo,82,dijkstra,109,6,guloso,1,1,23,109
15,28,0-13,longo,82,dijkstra,109,6,todo_centro,1,6,387,109
15,28,0-13,longo,82,dijkstra,109,6,limiar_10,0,0,0,74
15,28,0-13,longo,82,dijkstra,109,6,limiar_25,0,0,0,74
15,28,0-13,longo,82,dijkstra,109,6,limiar_50,1,2,59,109
15,28,0-13,longo,82,dijkstra,109,6,otimo,1,1,34,109
15,28,6-13,medio,34,dfs,85,3,guloso,1,2,8,85
15,28,6-13,medio,34,dfs,85,3,todo_centro,1,3,30,85
15,28,6-13,medio,34,dfs,85,3,limiar_10,0,0,0,34
15,28,6-13,medio,34,dfs,85,3,limiar_25,1,2,8,85
15,28,6-13,medio,34,dfs,85,3,limiar_50,1,2,8,85
15,28,6-13,medio,34,dfs,85,3,otimo,1,2,8,85
15,28,6-13,medio,34,bfs,85,3,guloso,1,2,8,85
15,28,6-13,medio,34,bfs,85,3,todo_centro,1,3,30,85
15,28,6-13,medio,34,bfs,85,3,limiar_10,0,0,0,34
15,28,6-13,medio,34,bfs,85,3,limiar_25,1,2,8,85
15,28,6-13,medio,34,bfs,85,3,limiar_50,1,2,8,85
15,28,6-13,medio,34,bfs,85,3,otimo,1,2,8,85
15,28,6-13,medio,34,dijkstra,69,5,guloso,1,2,20,69
15,28,6-13,medio,34,dijkstra,69,5,todo_centro,1,5,111,69
15,28,6-13,medio,34,dijkstra,69,5,limiar_10,0,0,0,23
15,28,6-13,medio,34,dijkstra,69,5,limiar_25,0,0,0,23
15,28,6-13,medio,34,dijkstra,69,5,limiar_50,1,2,20,69
15,28,6-13,medio,34,dijkstra,69,5,otimo,1,2,20,69
15,28,6-13,longo,52,dfs,85,3,guloso,1,2,32,85
15,28,6-13,longo,52,dfs,85,3,todo_centro,1,3,84,85
15,28,6-13,longo,52,dfs,85,3,limiar_10,0,0,0,48
15,28,6-13,longo,52,dfs,85,3,limiar_25,0,0,0,48
15,28,6-13,longo,52,dfs,85,3,limiar_50,1,2,44,85
15,28,6-13,longo,52,dfs,85,3,otimo,1,2,44,85
15,28,6-13,longo,52,bfs,85,3,guloso,1,2,32,85
15,28,6-13,longo,52,bfs,85,3,todo_centro,1,3,84,85
15,28,6-13,longo,52,bfs,85,3,limiar_10,0,0,0,48
15,28,6-13,longo,52,bfs,85,3,limiar_25,0,0,0,48
15,28,6-13,longo,52,bfs,85,3,limiar_50,1,2,44,85
15,28,6-13,longo,52,bfs,85,3,otimo,1,2,44,85
15,28,6-13,longo,52,dijkstra,69,5,guloso,1,1,4,69
15,28,6-13,longo,52,dijkstra,69,5,todo_centro,1,5,201,69
15,28,6-13,longo,52,dijkstra,69,5,limiar_10,1,1,4,69
15,28,6-13,longo,52,dijkstra,69,5,limiar_25,1,1,4,69
15,28,6-13,longo,52,dijkstra,69,5,limiar_50,1,1,4,69
15,28,6-13,longo,52,dijkstra,69,5,otimo,1,1,33,69
15,28,12-6,medio,18,dijkstra,36,2,guloso,1,2,17,36
15,28,12-6,medio,18,dijkstra,36,2,todo_centro,1,2,17,36
15,28,12-6,medio,18,dijkstra,36,2,limiar_10,0,0,0,18
15,28,12-6,medio,18,dijkstra,36,2,limiar_25,0,0,0,18
15,28,12-6,medio,18,dijkstra,36,2,limiar_50,0,1,6,23
15,28,12-6,medio,18,dijkstra,36,2,otimo,1,2,17,36
15,28,12-6,longo,27,dfs,48,1,guloso,1,1,1,48
15,28,12-6,longo,27,dfs,48,1,todo_centro,1,1,1,48
15,28,12-6,longo,27,dfs,48,1,limiar_10,1,1,1,48
15,28,12-6,longo,27,dfs,48,1,limiar_25,1,1,1,48
15,28,12-6,longo,27,dfs,48,1,limiar_50,1,1,1,48
15,28,12-6,longo,27,dfs,48,1,otimo,1,1,1,48
15,28,12-6,longo,27,bfs,48,1,guloso,1,1,1,48
15,28,12-6,longo,27,bfs,48,1,todo_centro,1,1,1,48
15,28,12-6,longo,27,bfs,48,1,limiar_10,1,1,1,48
15,28,12-6,longo,27,bfs,48,1,limiar_25,1,1,1,48
15,28,12-6,longo,27,bfs,48,1,limiar_50,1,1,1,48
15,28,12-6,longo,27,bfs,48,1,otimo,1,1,1,48
15,28,12-6,longo,27,dijkstra,36,2,guloso,1,1,8,36
15,28,12-6,longo,27,dijkstra,36,2,todo_centro,1,2,35,36
15,28,12-6,longo,27,dijkstra,36,2,limiar_10,0,0,0,23
15,28,12-6,longo,27,dijkstra,36,2,limiar_25,0,0,0,23
15,28,12-6,longo,27,dijkstra,36,2,limiar_50,1,1,8,36
15,28,12-6,longo,27,dijkstra,36,2,otimo,1,1,15,36
15,28,1-12,medio,56,dfs,127,3,guloso,1,2,40,127
15,28,1-12,medio,56,dfs,127,3,todo_centro,1,3,96,127
15,28,1-12,medio,56,dfs,127,3,limiar_10,0,0,0,48
15,28,1-12,medio,56,dfs,127,3,limiar_25,0,0,0,48
15,28,1-12,medio,56,dfs,127,3,limiar_50,0,0,0,48
15,28,1-12,medio,56,dfs,127,3,otimo,1,2,40,127
15,28,1-12,medio,56,bfs,127,3,guloso,1,2,40,127
15,28,1-12,medio,56,bfs,127,3,todo_centro,1,3,96,127
15,28,1-12,medio,56,bfs,127,3,limiar_10,0,0,0,48
15,28,1-12,medio,56,bfs,127,3,limiar_25,0,0,0,48
15,28,1-12,medio,56,bfs,127,3,limiar_50,0,0,0,48
15,28,1-12,medio,56,bfs,127,3,otimo,1,2,40,127
15,28,1-12,medio,56,dijkstra,111,5,guloso,1,2,53,111
15,28,1-12,medio,56,dijkstra,111,5,todo_centro,1,5,221,111
15,28,1-12,medio,56,dijkstra,111,5,limiar_10,0,0,0,56
15,28,1-12,medio,56,dijkstra,111,5,limiar_25,0,1,8,102
15,28,1-12,medio,56,dijkstra,111,5,limiar_50,0,1,8,102
15,28,1-12,medio,56,dijkstra,111,5,otimo,1,2,54,111
15,28,1-12,longo,83,dfs,127,3,guloso,1,1,11,127
15,28,1-12,longo,83,dfs,127,3,todo_centro,1,3,177,127
15,28,1-12,longo,83,dfs,127,3,limiar_10,0,0,0,82
15,28,1-12,longo,83,dfs,127,3,limiar_25,1,1,11,127
15,28,1-12,longo,83,dfs,127,3,limiar_50,1,1,23,127
15,28,1-12,longo,83,dfs,127,3,otimo,1,1,23,127
15,28,1-12,longo,83,bfs,127,3,guloso,1,1,11,127
15,28,1-12,longo,83,bfs,127,3,todo_centro,1,3,177,127
15,28,1-12,longo,83,bfs,127,3,limiar_10,0,0,0,82
15,28,1-12,longo,83,bfs,127,3,limiar_25,1,1,11,127
15,28,1-12,longo,83,bfs,127,3,limiar_50,1,1,23,127
15,28,1-12,longo,83,bfs,127,3,otimo,1,1,23,127
15,28,1-12,longo,83,dijkstra,111,5,guloso,1,1,24,111
15,28,1-12,longo,83,dijkstra,111,5,todo_centro,1,5,356,111
15,28,1-12,longo,83,dijkstra,111,5,limiar_10,0,0,0,74
15,28,1-12,longo,83,dijkstra,111,5,limiar_25,0,0,0,74
15,28,1-12,longo,83,dijkstra,111,5,limiar_50,1,1,35,111
15,28,1-12,longo,83,dijkstra,111,5,otimo,1,1,35,111
15,28,10-5,medio,12,dijkstra,25,2,guloso,1,2,5,25
15,28,10-5,medio,12,dijkstra,25,2,todo_centro,1,2,5,25
15,28,10-5,medio,12,dijkstra,25,2,limiar_10,0,1,0,22
15,28,10-5,medio,12,dijkstra,25,2,limiar_25,0,1,0,22
15,28,10-5,medio,12,dijkstra,25,2,limiar_50,1,2,5,25
15,28,10-5,medio,12,dijkstra,25,2,otimo,1,2,5,25
15,28,10-5,longo,19,dijkstra,25,2,guloso,1,1,0,25
15,28,10-5,longo,19,dijkstra,25,2,todo_centro,1,2,19,25
15,28,10-5,longo,19,dijkstra,25,2,limiar_10,1,1,0,25
15,28,10-5,longo,19,dijkstra,25,2,limiar_25,1,1,0,25
15,28,10-5,longo,19,dijkstra,25,2,limiar_50,1,1,7,25
15,28,10-5,longo,19,dijkstra,25,2,otimo,1,1,7,25
15,28,7-10,medio,32,dijkstra,63,4,guloso,1,2,16,63
15,28,7-10,medio,32,dijkstra,63,4,todo_centro,1,4,70,63
15,28,7-10,medio,32,dijkstra,63,4,limiar_10,0,0,0,23
15,28,7-10,medio,32,dijkstra,63,4,limiar_25,0,0,0,23
15,28,7-10,medio,32,dijkstra,63,4,limiar_50,1,2,16,63
15,28,7-10,medio,32,dijkstra,63,4,otimo,1,2,16,63
15,28,7-10,longo,47,dfs,77,3,guloso,1,2,22,77
15,28,7-10,longo,47,dfs,77,3,todo_centro,1,3,69,77
15,28,7-10,longo,47,dfs,77,3,limiar_10,0,0,0,35
15,28,7-10,longo,47,dfs,77,3,limiar_25,0,0,0,35
15,28,7-10,longo,47,dfs,77,3,limiar_50,1,2,34,77
15,28,7-10,longo,47,dfs,77,3,otimo,1,2,34,77
15,28,7-10,longo,47,bfs,77,3,guloso,1,2,22,77
15,28,7-10,longo,47,bfs,77,3,todo_centro,1,3,69,77
15,28,7-10,longo,47,bfs,77,3,limiar_10,0,0,0,35
15,28,7-10,longo,47,bfs,77,3,limiar_25,0,0,0,35
15,28,7-10,longo,47,bfs,77,3,limiar_50,1,2,34,77
15,28,7-10,longo,47,bfs,77,3,otimo,1,2,34,77
15,28,7-10,longo,47,dijkstra,63,4,guloso,1,1,28,63
15,28,7-10,longo,47,dijkstra,63,4,todo_centro,1,4,130,63
15,28,7-10,longo,47,dijkstra,63,4,limiar_10,0,0,0,45
15,28,7-10,longo,47,dijkstra,63,4,limiar_25,0,0,0,45
15,28,7-10,longo,47,dijkstra,63,4,limiar_50,0,0,0,45
15,28,7-10,longo,47,dijkstra,63,4,otimo,1,1,28,63
15,29,0-1,curto,1,dfs,1,0,guloso,1,0,0,1
15,29,0-1,curto,1,dfs,1,0,todo_centro,1,0,0,1
15,29,0-1,curto,1,dfs,1,0,limiar_10,1,0,0,1
15,29,0-1,curto,1,dfs,1,0,limiar_25,1,0,0,1
15,29,0-1,curto,1,dfs,1,0,limiar_50,1,0,0,1
15,29,0-1,curto,1,dfs,1,0,otimo,1,0,0,1
15,29,0-1,curto,1,bfs,1,0,guloso,1,0,0,1
15,29,0-1,curto,1,bfs,1,0,todo_centro,1,0,0,1
15,29,0-1,curto,1,bfs,1,0,limiar_10,1,0,0,1
15,29,0-1,curto,1,bfs,1,0,limiar_25,1,0,0,1
15,29,0-1,curto,1,bfs,1,0,limiar_50,1,0,0,1
15,29,0-1,curto,1,bfs,1,0,otimo,1,0,0,1
15,29,0-1,curto,1,dijkstra,1,0,guloso,1,0,0,1
15,29,0-1,curto,1,dijkstra,1,0,todo_centro,1,0,0,1
15,29,0-1,curto,1,dijkstra,1,0,limiar_10,1,0,0,1
15,29,0-1,curto,1,dijkstra,1,0,limiar_25,1,0,0,1
15,29,0-1,curto,1,dijkstra,1,0,limiar_50,1,0,0,1
15,29,0-1,curto,1,dijkstra,1,0,otimo,1,0,0,1
15,29,0-1,medio,1,dfs,1,0,guloso,1,0,0,1
15,29,0-1,medio,1,dfs,1,0,todo_centro,1,0,0,1
15,29,0-1,medio,1,dfs,1,0,limiar_10,1,0,0,1
15,29,0-1,medio,1,dfs,1,0,limiar_25,1,0,0,1
15,29,0-1,medio,1,dfs,1,0,limiar_50,1,0,0,1
15,29,0-1,medio,1,dfs,1,0,otimo,1,0,0,1
15,29,0-1,medio,1,bfs,1,0,guloso,1,0,0,1
15,29,0-1,medio,1,bfs,1,0,todo_centro,1,0,0,1
15,29,0-1,medio,1,bfs,1,0,limiar_10,1,0,0,1
15,29,0-1,medio,1,bfs,1,0,limiar_25,1,0,0,1
15,29,0-1,medio,1,bfs,1,0,limiar_50,1,0,0,1
15,29,0-1,medio,1,bfs,1,0,otimo,1,0,0,1
15,29,0-1,medio,1,dijkstra,1,0,guloso,1,0,0,1
15,29,0-1,medio,1,dijkstra,1,0,todo_centro,1,0,0,1
15,29,0-1,medio,1,dijkstra,1,0,limiar_10,1,0,0,1
15,29,0-1,medio,1,dijkstra,1,0,limiar_25,1,0,0,1
15,29,0-1,medio,1,dijkstra,1,0,limiar_50,1,0,0,1
15,29,0-1,medio,1,dijkstra,1,0,otimo,1,0,0,1
15,29,0-1,longo,1,dfs,1,0,guloso,1,0,0,1
15,29,0-1,longo,1,dfs,1,0,todo_centro,1,0,0,1
15,29,0-1,longo,1,dfs,1,0,limiar_10,1,0,0,1
15,29,0-1,longo,1,dfs,1,0,limiar_25,1,0,0,1
15,29,0-1,longo,1,dfs,1,0,limiar_50,1,0,0,1
15,29,0-1,longo,1,dfs,1,0,otimo,1,0,0,1
15,29,0-1,longo,1,bfs,1,0,guloso,1,0,0,1
15,29,0-1,longo,1,bfs,1,0,todo_centro,1,0,0,1
15,29,0-1,longo,1,bfs,1,0,limiar_10,1,0,0,1
15,29,0-1,longo,1,bfs,1,0,limiar_25,1,0,0,1
15,29,0-1,longo,1,bfs,1,0,limiar_50,1,0,0,1
15,29,0-1,longo,1,bfs,1,0,otimo,1,0,0,1
15,29,0-1,longo,1,dijkstra,1,0,guloso,1,0,0,1
15,29,0-1,longo,1,dijkstra,1,0,todo_centro,1,0,0,1
15,29,0-1,longo,1,dijkstra,1,0,limiar_10,1,0,0,1
15,29,0-1,longo,1,dijkstra,1,0,limiar_25,1,0,0,1
15,29,0-1,longo,1,dijkstra,1,0,limiar_50,1,0,0,1
15,29,0-1,longo,1,dijkstra,1,0,otimo,1,0,0,1
30,1,7-6,longo,50,bfs,71,1,guloso,1,1,0,71
30,1,7-6,longo,50,bfs,71,1,todo_centro,1,1,0,71
30,1,7-6,longo,50,bfs,71,1,limiar_10,1,1,0,71
30,1,7-6,longo,50,bfs,71,1,limiar_25,1,1,0,71
30,1,7-6,longo,50,bfs,71,1,limiar_50,1,1,0,71
30,1,7-6,longo,50,bfs,71,1,otimo,1,1,0,71
30,1,7-6,longo,50,dijkstra,67,2,guloso,1,1,2,67
30,1,7-6,longo,50,dijkstra,67,2,todo_centro,1,2,43,67
30,1,7-6,longo,50,dijkstra,67,2,limiar_10,1,1,2,67
30,1,7-6,longo,50,dijkstra,67,2,limiar_25,1,1,2,67
30,1,7-6,longo,50,dijkstra,67,2,limiar_50,1,1,2,67
30,1,7-6,longo,50,dijkstra,67,2,otimo,1,1,2,67
30,1,1-12,longo,67,dfs,99,3,guloso,1,1,28,99
30,1,1-12,longo,67,dfs,99,3,todo_centro,1,3,105,99
30,1,1-12,longo,67,dfs,99,3,limiar_10,0,0,0,63
30,1,1-12,longo,67,dfs,99,3,limiar_25,0,0,0,63
30,1,1-12,longo,67,dfs,99,3,limiar_50,1,2,38,99
30,1,1-12,longo,67,dfs,99,3,otimo,1,1,29,99
30,1,1-12,longo,67,bfs,99,3,guloso,1,1,28,99
30,1,1-12,longo,67,bfs,99,3,todo_centro,1,3,105,99
30,1,1-12,longo,67,bfs,99,3,limiar_10,0,0,0,63
30,1,1-12,longo,67,bfs,99,3,limiar_25,0,0,0,63
30,1,1-12,longo,67,bfs,99,3,limiar_50,1,2,38,99
30,1,1-12,longo,67,bfs,99,3,otimo,1,1,29,99
30,1,1-12,longo,67,dijkstra,89,2,guloso,1,1,17,89
30,1,1-12,longo,67,dijkstra,89,2,todo_centro,1,2,48,89
30,1,1-12,longo,67,dijkstra,89,2,limiar_10,0,0,0,67
30,1,1-12,longo,67,dijkstra,89,2,limiar_25,0,0,0,67
30,1,1-12,longo,67,dijkstra,89,2,limiar_50,1,2,48,89
30,1,1-12,longo,67,dijkstra,89,2,otimo,1,1,17,89
30,1,2-9,longo,47,dfs,63,2,guloso,1,1,8,63
30,1,2-9,longo,47,dfs,63,2,todo_centro,1,2,55,63
30,1,2-9,longo,47,dfs,63,2,limiar_10,0,0,0,39
30,1,2-9,longo,47,dfs,63,2,limiar_25,1,1,9,63
30,1,2-9,longo,47,dfs,63,2,limiar_50,1,1,9,63
30,1,2-9,longo,47,dfs,63,2,otimo,1,1,9,63
30,1,2-9,longo,47,bfs,63,2,guloso,1,1,8,63
30,1,2-9,longo,47,bfs,63,2,todo_centro,1,2,55,63
30,1,2-9,longo,47,bfs,63,2,limiar_10,0,0,0,39
30,1,2-9,longo,47,bfs,63,2,limiar_25,1,1,9,63
30,1,2-9,longo,47,bfs,63,2,limiar_50,1,1,9,63
30,1,2-9,longo,47,bfs,63,2,otimo,1,1,9,63
30,1,2-9,longo,47,dijkstra,63,2,guloso,1,1,8,63
30,1,2-9,longo,47,dijkstra,63,2,todo_centro,1,2,55,63
30,1,2-9,longo,47,dijkstra,63,2,limiar_10,0,0,0,39
30,1,2-9,longo,47,dijkstra,63,2,limiar_25,1,1,9,63
30,1,2-9,longo,47,dijkstra,63,2,limiar_50,1,1,9,63
30,1,2-9,longo,47,dijkstra,63,2,otimo,1,1,9,63
30,1,8-1,longo,53,bfs,75,1,guloso,1,1,5,75
30,1,8-1,longo,53,bfs,75,1,todo_centro,1,1,5,75
30,1,8-1,longo,53,bfs,75,1,limiar_10,1,1,5,75
30,1,8-1,longo,53,bfs,75,1,limiar_25,1,1,5,75
30,1,8-1,longo,53,bfs,75,1,limiar_50,1,1,5,75
30,1,8-1,longo,53,bfs,75,1,otimo,1,1,5,75
30,1,8-1,longo,53,dijkstra,71,1,guloso,1,1,5,71
30,1,8-1,longo,53,dijkstra,71,1,todo_centro,1,1,5,71
30,1,8-1,longo,53,dijkstra,71,1,limiar_10,1,1,5,71
30,1,8-1,longo,53,dijkstra,71,1,limiar_25,1,1,5,71
30,1,8-1,longo,53,dijkstra,71,1,limiar_50,1,1,5,71
30,1,8-1,longo,53,dijkstra,71,1,otimo,1,1,5,71
30,1,6-6,longo,52,bfs,70,1,guloso,1,1,2,70
30,1,6-6,longo,52,bfs,70,1,todo_centro,1,1,2,70
30,1,6-6,longo,52,bfs,70,1,limiar_10,1,1,2,70
30,1,6-6,longo,52,bfs,70,1,limiar_25,1,1,2,70
30,1,6-6,longo,52,bfs,70,1,limiar_50,1,1,2,70
30,1,6-6,longo,52,bfs,70,1,otimo,1,1,2,70
30,1,6-6,longo,52,dijkstra,70,1,guloso,1,1,2,70
30,1,6-6,longo,52,dijkstra,70,1,todo_centro,1,1,2,70
30,1,6-6,longo,52,dijkstra,70,1,limiar_10,1,1,2,70
30,1,6-6,longo,52,dijkstra,70,1,limiar_25,1,1,2,70
30,1,6-6,longo,52,dijkstra,70,1,limiar_50,1,1,2,70
30,1,6-6,longo,52,dijkstra,70,1,otimo,1,1,2,70
30,3,11-3,medio,55,dijkstra,110,4,guloso,1,2,48,110
30,3,11-3,medio,55,dijkstra,110,4,todo_centro,1,4,142,110
30,3,11-3,medio,55,dijkstra,110,4,limiar_10,0,0,0,53
30,3,11-3,medio,55,dijkstra,110,4,limiar_25,0,0,0,53
30,3,11-3,medio,55,dijkstra,110,4,limiar_50,0,0,0,53
30,3,11-3,medio,55,dijkstra,110,4,otimo,1,2,48,110
30,3,11-3,longo,82,dfs,474,15,guloso,1,7,152,474
30,3,11-3,longo,82,dfs,474,15,todo_centro,1,15,808,474
30,3,11-3,longo,82,dfs,474,15,limiar_10,0,0,0,74
30,3,11-3,longo,82,dfs,474,15,limiar_25,0,1,14,149
30,3,11-3,longo,82,dfs,474,15,limiar_50,1,7,182,474
30,3,11-3,longo,82,dfs,474,15,otimo,1,7,182,474
30,3,11-3,longo,82,bfs,124,3,guloso,1,1,14,124
30,3,11-3,longo,82,bfs,124,3,todo_centro,1,3,162,124
30,3,11-3,longo,82,bfs,124,3,limiar_10,0,0,0,68
30,3,11-3,longo,82,bfs,124,3,limiar_25,1,1,14,124
30,3,11-3,longo,82,bfs,124,3,limiar_50,1,1,14,124
30,3,11-3,longo,82,bfs,124,3,otimo,1,1,14,124
30,3,11-3,longo,82,dijkstra,110,4,guloso,1,1,4,110
30,3,11-3,longo,82,dijkstra,110,4,todo_centro,1,4,250,110
30,3,11-3,longo,82,dijkstra,110,4,limiar_10,1,1,4,110
30,3,11-3,longo,82,dijkstra,110,4,limiar_25,1,1,20,110
30,3,11-3,longo,82,dijkstra,110,4,limiar_50,1,1,20,110
30,3,11-3,longo,82,dijkstra,110,4,otimo,1,1,20,110
30,3,11-0,medio,52,dijkstra,103,5,guloso,1,2,42,103
30,3,11-0,medio,52,dijkstra,103,5,todo_centro,1,5,160,103
30,3,11-0,medio,52,dijkstra,103,5,limiar_10,0,0,0,50
30,3,11-0,medio,52,dijkstra,103,5,limiar_25,0,0,0,50
30,3,11-0,medio,52,dijkstra,103,5,limiar_50,0,0,0,50
30,3,11-0,medio,52,dijkstra,103,5,otimo,1,2,42,103
30,3,11-0,longo,77,dfs,483,16,guloso,1,7,117,483
30,3,11-0,longo,77,dfs,483,16,todo_centro,1,16,752,483
30,3,11-0,longo,77,dfs,483,16,limiar_10,0,0,0,74
30,3,11-0,longo,77,dfs,483,16,limiar_25,0,1,9,145
30,3,11-0,longo,77,dfs,483,16,limiar_50,0,7,147,459
30,3,11-0,longo,77,dfs,483,16,otimo,1,7,117,483
30,3,11-0,longo,77,bfs,131,4,guloso,1,1,9,131
30,3,11-0,longo,77,bfs,131,4,todo_centro,1,4,180,131
30,3,11-0,longo,77,bfs,131,4,limiar_10,0,0,0,68
30,3,11-0,longo,77,bfs,131,4,limiar_25,1,2,26,131
30,3,11-0,longo,77,bfs,131,4,limiar_50,1,2,26,131
30,3,11-0,longo,77,bfs,131,4,otimo,1,1,9,131
30,3,11-0,longo,77,dijkstra,103,5,guloso,1,1,15,103
30,3,11-0,longo,77,dijkstra,103,5,todo_centro,1,5,285,103
30,3,11-0,longo,77,dijkstra,103,5,limiar_10,0,0,0,77
30,3,11-0,longo,77,dijkstra,103,5,limiar_25,1,1,15,103
30,3,11-0,longo,77,dijkstra,103,5,limiar_50,1,1,15,103
30,3,11-0,longo,77,dijkstra,103,5,otimo,1,1,15,103
30,3,14-15,medio,56,dijkstra,113,7,guloso,1,2,28,113
30,3,14-15,medio,56,dijkstra,113,7,todo_centro,1,7,308,113
30,3,14-15,medio,56,dijkstra,113,7,limiar_10,0,1,3,104
30,3,14-15,medio,56,dijkstra,113,7,limiar_25,0,1,12,98
30,3,14-15,medio,56,dijkstra,113,7,limiar_50,1,2,40,113
30,3,14-15,medio,56,dijkstra,113,7,otimo,1,2,50,113
30,3,14-15,longo,85,dfs,267,9,guloso,1,3,61,267
30,3,14-15,longo,85,dfs,267,9,todo_centro,1,9,527,267
30,3,14-15,longo,85,dfs,267,9,limiar_10,0,0,0,83
30,3,14-15,longo,85,dfs,267,9,limiar_25,0,1,17,152
30,3,14-15,longo,85,dfs,267,9,limiar_50,1,4,106,267
30,3,14-15,longo,85,dfs,267,9,otimo,1,3,61,267
30,3,14-15,longo,85,bfs,137,5,guloso,1,1,24,137
30,3,14-15,longo,85,bfs,137,5,todo_centro,1,5,297,137
30,3,14-15,longo,85,bfs,137,5,limiar_10,0,0,0,81
30,3,14-15,longo,85,bfs,137,5,limiar_25,0,0,0,81
30,3,14-15,longo,85,bfs,137,5,limiar_50,1,2,54,137
30,3,14-15,longo,85,bfs,137,5,otimo,1,1,24,137
30,3,14-15,longo,85,dijkstra,113,7,guloso,1,1,1,113
30,3,14-15,longo,85,dijkstra,113,7,todo_centro,1,7,511,113
30,3,14-15,longo,85,dijkstra,113,7,limiar_10,1,1,1,113
30,3,14-15,longo,85,dijkstra,113,7,limiar_25,1,1,16,113
30,3,14-15,longo,85,dijkstra,113,7,limiar_50,1,1,41,113
30,3,14-15,longo,85,dijkstra,113,7,otimo,1,1,41,113
30,3,28-20,curto,55,dijkstra,182,9,guloso,1,3,35,182
30,3,28-20,curto,55,dijkstra,182,9,todo_centro,1,9,321,182
30,3,28-20,curto,55,dijkstra,182,9,limiar_10,0,1,2,100
30,3,28-20,curto,55,dijkstra,182,9,limiar_25,0,1,11,89
30,3,28-20,curto,55,dijkstra,182,9,limiar_50,1,4,46,182
30,3,28-20,curto,55,dijkstra,182,9,otimo,1,3,35,182
30,3,28-20,medio,91,dfs,382,13,guloso,1,5,139,382
30,3,28-20,medio,91,dfs,382,13,todo_centro,1,13,827,382
30,3,28-20,medio,91,dfs,382,13,limiar_10,0,0,0,86
30,3,28-20,medio,91,dfs,382,13,limiar_25,0,0,0,86
30,3,28-20,medio,91,dfs,382,13,limiar_50,1,6,190,382
30,3,28-20,medio,91,dfs,382,13,otimo,1,5,139,382
30,3,28-20,medio,91,bfs,204,10,guloso,1,2,30,204
30,3,28-20,medio,91,bfs,204,10,todo_centro,1,10,714,204
30,3,28-20,medio,91,bfs,204,10,limiar_10,0,1,9,165
30,3,28-20,medio,91,bfs,204,10,limiar_25,1,2,30,204
30,3,28-20,medio,91,bfs,204,10,limiar_50,1,3,77,204
30,3,28-20,medio,91,bfs,204,10,otimo,1,2,39,204
30,3,28-20,medio,91,dijkstra,182,9,guloso,1,2,8,182
30,3,28-20,medio,91,dijkstra,182,9,todo_centro,1,9,645,182
30,3,28-20,medio,91,dijkstra,182,9,limiar_10,1,2,8,182
30,3,28-20,medio,91,dijkstra,182,9,limiar_25,1,2,8,182
30,3,28-20,medio,91,dijkstra,182,9,limiar_50,1,3,99,182
30,3,28-20,medio,91,dijkstra,182,9,otimo,1,2,59,182
30,3,28-20,longo,136,dfs,382,13,guloso,1,2,16,382
30,3,28-20,longo,136,dfs,382,13,todo_centro,1,13,1412,382
30,3,28-20,longo,136,dfs,382,13,limiar_10,1,2,16,382
30,3,28-20,longo,136,dfs,382,13,limiar_25,1,3,52,382
30,3,28-20,longo,136,dfs,382,13,limiar_50,1,4,188,382
30,3,28-20,longo,136,dfs,382,13,otimo,1,2,16,382
30,3,28-20,longo,136,bfs,204,10,guloso,1,1,34,204
30,3,28-20,longo,136,bfs,204,10,todo_centro,1,10,1164,204
30,3,28-20,longo,136,bfs,204,10,limiar_10,0,0,0,131
30,3,28-20,longo,136,bfs,204,10,limiar_25,1,1,34,204
30,3,28-20,longo,136,bfs,204,10,limiar_50,1,2,120,204
30,3,28-20,longo,136,bfs,204,10,otimo,1,1,60,204
30,3,28-20,longo,136,dijkstra,182,9,guloso,1,1,6,182
30,3,28-20,longo,136,dijkstra,182,9,todo_centro,1,9,1050,182
30,3,28-20,longo,136,dijkstra,182,9,limiar_10,1,1,13,182
30,3,28-20,longo,136,dijkstra,182,9,limiar_25,1,1,13,182
30,3,28-20,longo,136,dijkstra,182,9,limiar_50,1,2,98,182
30,3,28-20,longo,136,dijkstra,182,9,otimo,1,1,83,182
30,3,19-26,curto,44,dijkstra,145,9,guloso,1,3,9,145
30,3,19-26,curto,44,dijkstra,145,9,todo_centro,1,9,258,145
30,3,19-26,curto,44,dijkstra,145,9,limiar_10,0,2,4,127
30,3,19-26,curto,44,dijkstra,145,9,limiar_25,1,3,9,145
30,3,19-26,curto,44,dijkstra,145,9,limiar_50,1,3,9,145
30,3,19-26,curto,44,dijkstra,145,9,otimo,1,3,9,145
30,3,19-26,medio,72,dfs,237,9,guloso,1,3,22,237
30,3,19-26,medio,72,dfs,237,9,todo_centro,1,9,418,237
30,3,19-26,medio,72,dfs,237,9,limiar_10,0,1,4,133
30,3,19-26,medio,72,dfs,237,9,limiar_25,1,3,22,237
30,3,19-26,medio,72,dfs,237,9,limiar_50,1,4,66,237
30,3,19-26,medio,72,dfs,237,9,otimo,1,3,45,237
30,3,19-26,medio,72,bfs,169,9,guloso,1,2,42,169
30,3,19-26,medio,72,bfs,169,9,todo_centro,1,9,486,169
30,3,19-26,medio,72,bfs,169,9,limiar_10,0,1,5,137
30,3,19-26,medio,72,bfs,169,9,limiar_25,0,1,11,131
30,3,19-26,medio,72,bfs,169,9,limiar_50,1,3,62,169
30,3,19-26,medio,72,bfs,169,9,otimo,1,2,42,169
30,3,19-26,medio,72,dijkstra,145,9,guloso,1,2,14,145
30,3,19-26,medio,72,dijkstra,145,9,todo_centro,1,9,510,145
30,3,19-26,medio,72,dijkstra,145,9,limiar_10,0,0,0,68
30,3,19-26,medio,72,dijkstra,145,9,limiar_25,1,2,21,145
30,3,19-26,medio,72,dijkstra,145,9,limiar_50,1,3,93,145
30,3,19-26,medio,72,dijkstra,145,9,otimo,1,2,60,145
30,3,19-26,longo,109,dfs,237,9,guloso,1,2,24,237
30,3,19-26,longo,109,dfs,237,9,todo_centro,1,9,751,237
30,3,19-26,longo,109,dfs,237,9,limiar_10,0,1,7,205
30,3,19-26,longo,109,dfs,237,9,limiar_25,1,2,24,237
30,3,19-26,longo,109,dfs,237,9,limiar_50,1,3,133,237
30,3,19-26,longo,109,dfs,237,9,otimo,1,2,47,237
30,3,19-26,longo,109,bfs,169,9,guloso,1,1,7,169
30,3,19-26,longo,109,bfs,169,9,todo_centro,1,9,819,169
30,3,19-26,longo,109,bfs,169,9,limiar_10,1,1,7,169
30,3,19-26,longo,109,bfs,169,9,limiar_25,1,1,27,169
30,3,19-26,longo,109,bfs,169,9,limiar_50,1,2,64,169
30,3,19-26,longo,109,bfs,169,9,otimo,1,1,48,169
30,3,19-26,longo,109,dijkstra,145,9,guloso,1,1,25,145
30,3,19-26,longo,109,dijkstra,145,9,todo_centro,1,9,843,145
30,3,19-26,longo,109,dijkstra,145,9,limiar_10,0,0,0,100
30,3,19-26,longo,109,dijkstra,145,9,limiar_25,1,1,25,145
30,3,19-26,longo,109,dijkstra,145,9,limiar_50,1,2,95,145
30,3,19-26,longo,109,dijkstra,145,9,otimo,1,1,65,145
30,3,19-21,curto,41,dijkstra,138,8,guloso,1,4,41,138
30,3,19-21,curto,41,dijkstra,138,8,todo_centro,1,8,198,138
30,3,19-21,curto,41,dijkstra,138,8,limiar_10,0,0,0,39
30,3,19-21,curto,41,dijkstra,138,8,limiar_25,0,0,0,39
30,3,19-21,curto,41,dijkstra,138,8,limiar_50,0,0,0,39
30,3,19-21,curto,41,dijkstra,138,8,otimo,1,4,41,138
30,3,19-21,medio,69,dfs,238,9,guloso,1,3,13,238
30,3,19-21,medio,69,dfs,238,9,todo_centro,1,9,391,238
30,3,19-21,medio,69,dfs,238,9,limiar_10,0,1,1,133
30,3,19-21,medio,69,dfs,238,9,limiar_25,1,3,13,238
30,3,19-21,medio,69,dfs,238,9,limiar_50,1,4,54,238
30,3,19-21,medio,69,dfs,238,9,otimo,1,3,36,238
30,3,19-21,medio,69,bfs,160,9,guloso,1,2,36,160
30,3,19-21,medio,69,bfs,160,9,todo_centro,1,9,469,160
30,3,19-21,medio,69,bfs,160,9,limiar_10,0,1,2,131
30,3,19-21,medio,69,bfs,160,9,limiar_25,0,1,8,120
30,3,19-21,medio,69,bfs,160,9,limiar_50,1,3,64,160
30,3,19-21,medio,69,bfs,160,9,otimo,1,2,36,160
30,3,19-21,medio,69,dijkstra,138,8,guloso,1,2,8,138
30,3,19-21,medio,69,dijkstra,138,8,todo_centro,1,8,422,138
30,3,19-21,medio,69,dijkstra,138,8,limiar_10,1,2,8,138
30,3,19-21,medio,69,dijkstra,138,8,limiar_25,0,1,16,122
30,3,19-21,medio,69,dijkstra,138,8,limiar_50,1,3,84,138
30,3,19-21,medio,69,dijkstra,138,8,otimo,1,2,54,138
30,3,19-21,longo,104,dfs,238,9,guloso,1,2,14,238
30,3,19-21,longo,104,dfs,238,9,todo_centro,1,9,706,238
30,3,19-21,longo,104,dfs,238,9,limiar_10,1,2,14,238
30,3,19-21,longo,104,dfs,238,9,limiar_25,1,2,14,238
30,3,19-21,longo,104,dfs,238,9,limiar_50,1,3,118,238
30,3,19-21,longo,104,dfs,238,9,otimo,1,2,37,238
30,3,19-21,longo,104,bfs,160,9,guloso,1,1,2,160
30,3,19-21,longo,104,bfs,160,9,todo_centro,1,9,784,160
30,3,19-21,longo,104,bfs,160,9,limiar_10,1,1,2,160
30,3,19-21,longo,104,bfs,160,9,limiar_25,1,1,24,160
30,3,19-21,longo,104,bfs,160,9,limiar_50,1,2,65,160
30,3,19-21,longo,104,bfs,160,9,otimo,1,1,43,160
30,3,19-21,longo,104,dijkstra,138,8,guloso,1,1,20,138
30,3,19-21,longo,104,dijkstra,138,8,todo_centro,1,8,702,138
30,3,19-21,longo,104,dijkstra,138,8,limiar_10,0,0,0,100
30,3,19-21,longo,104,dijkstra,138,8,limiar_25,1,1,20,138
30,3,19-21,longo,104,dijkstra,138,8,limiar_50,1,2,85,138
30,3,19-21,longo,104,dijkstra,138,8,otimo,1,1,60,138
30,3,11-6,longo,62,dijkstra,83,4,guloso,1,1,0,83
30,3,11-6,longo,62,dijkstra,83,4,todo_centro,1,4,170,83
30,3,11-6,longo,62,dijkstra,83,4,limiar_10,1,1,0,83
30,3,11-6,longo,62,dijkstra,83,4,limiar_25,1,1,0,83
30,3,11-6,longo,62,dijkstra,83,4,limiar_50,1,1,0,83
30,3,11-6,longo,62,dijkstra,83,4,otimo,1,1,0,83
30,3,22-12,curto,73,dfs,456,16,guloso,1,7,74,456
30,3,22-12,curto,73,dfs,456,16,todo_centro,1,16,731,456
30,3,22-12,curto,73,dfs,456,16,limiar_10,0,1,5,133
30,3,22-12,curto,73,dfs,456,16,limiar_25,1,7,77,456
30,3,22-12,curto,73,dfs,456,16,limiar_50,0,6,82,429
30,3,22-12,curto,73,dfs,456,16,otimo,1,7,77,456
30,3,22-12,curto,73,bfs,280,12,guloso,1,4,78,280
30,3,22-12,curto,73,bfs,280,12,todo_centro,1,12,615,280
30,3,22-12,curto,73,bfs,280,12,limiar_10,0,1,6,131
30,3,22-12,curto,73,bfs,280,12,limiar_25,0,1,12,131
30,3,22-12,curto,73,bfs,280,12,limiar_50,1,5,107,280
30,3,22-12,curto,73,bfs,280,12,otimo,1,4,78,280
30,3,22-12,curto,73,dijkstra,244,12,guloso,1,3,22,244
30,3,22-12,curto,73,dijkstra,244,12,todo_centro,1,12,651,244
30,3,22-12,curto,73,dijkstra,244,12,limiar_10,0,0,0,68
30,3,22-12,curto,73,dijkstra,244,12,limiar_25,1,3,27,244
30,3,22-12,curto,73,dijkstra,244,12,limiar_50,1,4,100,244
30,3,22-12,curto,73,dijkstra,244,12,otimo,1,3,27,244
30,3,22-12,medio,122,dfs,456,16,guloso,1,4,51,456
30,3,22-12,medio,122,dfs,456,16,todo_centro,1,16,1515,456
30,3,22-12,medio,122,dfs,456,16,limiar_10,0,0,0,121
30,3,22-12,medio,122,dfs,456,16,limiar_25,0,3,78,410
30,3,22-12,medio,122,dfs,456,16,limiar_50,1,5,176,456
30,3,22-12,medio,122,dfs,456,16,otimo,1,4,132,456
30,3,22-12,medio,122,bfs,280,12,guloso,1,2,30,280
30,3,22-12,medio,122,bfs,280,12,todo_centro,1,12,1203,280
30,3,22-12,medio,122,bfs,280,12,limiar_10,0,0,0,120
30,3,22-12,medio,122,bfs,280,12,limiar_25,1,2,30,280
30,3,22-12,medio,122,bfs,280,12,limiar_50,1,3,152,280
30,3,22-12,medio,122,bfs,280,12,otimo,1,2,30,280
30,3,22-12,medio,122,dijkstra,244,12,guloso,1,2,47,244
30,3,22-12,medio,122,dijkstra,244,12,todo_centro,1,12,1239,244
30,3,22-12,medio,122,dijkstra,244,12,limiar_10,0,0,0,122
30,3,22-12,medio,122,dijkstra,244,12,limiar_25,0,0,0,122
30,3,22-12,medio,122,dijkstra,244,12,limiar_50,1,3,174,244
30,3,22-12,medio,122,dijkstra,244,12,otimo,1,2,121,244
30,3,22-12,longo,183,dfs,456,16,guloso,1,2,50,456
30,3,22-12,longo,183,dfs,456,16,todo_centro,1,16,2491,456
30,3,22-12,longo,183,dfs,456,16,limiar_10,0,1,12,353
30,3,22-12,longo,183,dfs,456,16,limiar_25,1,2,50,456
30,3,22-12,longo,183,dfs,456,16,limiar_50,1,4,298,456
30,3,22-12,longo,183,dfs,456,16,otimo,1,2,78,456
30,3,22-12,longo,183,bfs,280,12,guloso,1,1,31,280
30,3,22-12,longo,183,bfs,280,12,todo_centro,1,12,1935,280
30,3,22-12,longo,183,bfs,280,12,limiar_10,0,0,0,181
30,3,22-12,longo,183,bfs,280,12,limiar_25,1,1,40,280
30,3,22-12,longo,183,bfs,280,12,limiar_50,1,2,152,280
30,3,22-12,longo,183,bfs,280,12,otimo,1,1,81,280
30,3,22-12,longo,183,dijkstra,244,12,guloso,1,1,53,244
30,3,22-12,longo,183,dijkstra,244,12,todo_centro,1,12,1971,244
30,3,22-12,longo,183,dijkstra,244,12,limiar_10,0,0,0,173
30,3,22-12,longo,183,dijkstra,244,12,limiar_25,0,0,0,173
30,3,22-12,longo,183,dijkstra,244,12,limiar_50,1,2,144,244
30,3,22-12,longo,183,dijkstra,244,12,otimo,1,1,121,244
30,3,13-25,medio,64,bfs,148,7,guloso,1,2,26,148
30,3,13-25,medio,64,bfs,148,7,todo_centro,1,7,346,148
30,3,13-25,medio,64,bfs,148,7,limiar_10,0,1,3,120
30,3,13-25,medio,64,bfs,148,7,limiar_25,0,1,3,120
30,3,13-25,medio,64,bfs,148,7,limiar_50,1,2,26,148
30,3,13-25,medio,64,bfs,148,7,otimo,1,2,26,148
30,3,13-25,medio,64,dijkstra,128,6,guloso,1,1,0,128
30,3,13-25,medio,64,dijkstra,128,6,todo_centro,1,6,300,128
30,3,13-25,medio,64,dijkstra,128,6,limiar_10,0,1,2,117
30,3,13-25,medio,64,dijkstra,128,6,limiar_25,0,1,11,117
30,3,13-25,medio,64,dijkstra,128,6,limiar_50,1,2,44,128
30,3,13-25,medio,64,dijkstra,128,6,otimo,1,1,0,128
30,3,13-25,longo,96,dfs,206,7,guloso,1,2,67,206
30,3,13-25,longo,96,dfs,206,7,todo_centro,1,7,478,206
30,3,13-25,longo,96,dfs,206,7,limiar_10,0,0,0,95
30,3,13-25,longo,96,dfs,206,7,limiar_25,0,0,0,95
30,3,13-25,longo,96,dfs,206,7,limiar_50,1,3,94,206
30,3,13-25,longo,96,dfs,206,7,otimo,1,2,67,206
30,3,13-25,longo,96,bfs,148,7,guloso,1,1,14,148
30,3,13-25,longo,96,bfs,148,7,todo_centro,1,7,570,148
30,3,13-25,longo,96,bfs,148,7,limiar_10,0,0,0,95
30,3,13-25,longo,96,bfs,148,7,limiar_25,1,1,20,148
30,3,13-25,longo,96,bfs,148,7,limiar_50,1,1,35,148
30,3,13-25,longo,96,bfs,148,7,otimo,1,1,35,148
30,3,13-25,longo,96,dijkstra,128,6,guloso,1,1,12,128
30,3,13-25,longo,96,dijkstra,128,6,todo_centro,1,6,492,128
30,3,13-25,longo,96,dijkstra,128,6,limiar_10,0,0,0,89
30,3,13-25,longo,96,dijkstra,128,6,limiar_25,1,1,12,128
30,3,13-25,longo,96,dijkstra,128,6,limiar_50,1,1,43,128
30,3,13-25,longo,96,dijkstra,128,6,otimo,1,1,52,128
30,4,25-25,curto,65,dijkstra,218,10,guloso,1,4,96,218
30,4,25-25,curto,65,dijkstra,218,10,todo_centro,1,10,434,218
30,4,25-25,curto,65,dijkstra,218,10,limiar_10,0,0,0,62
30,4,25-25,curto,65,dijkstra,218,10,limiar_25,0,0,0,62
30,4,25-25,curto,65,dijkstra,218,10,limiar_50,0,0,0,62
30,4,25-25,curto,65,dijkstra,218,10,otimo,1,4,103,218
30,4,25-25,medio,109,dfs,340,15,guloso,1,4,100,340
30,4,25-25,medio,109,dfs,340,15,todo_centro,1,15,1297,340
30,4,25-25,medio,109,dfs,340,15,limiar_10,0,0,0,105
30,4,25-25,medio,109,dfs,340,15,limiar_25,0,1,17,190
30,4,25-25,medio,109,dfs,340,15,limiar_50,1,4,100,340
30,4,25-25,medio,109,dfs,340,15,otimo,1,4,100,340
30,4,25-25,medio,109,dijkstra,218,10,guloso,1,2,54,218
30,4,25-25,medio,109,dijkstra,218,10,todo_centro,1,10,874,218
30,4,25-25,medio,109,dijkstra,218,10,limiar_10,0,0,0,100
30,4,25-25,medio,109,dijkstra,218,10,limiar_25,0,0,0,100
30,4,25-25,medio,109,dijkstra,218,10,limiar_50,1,3,115,218
30,4,25-25,medio,109,dijkstra,218,10,otimo,1,2,86,218
30,4,25-25,longo,164,dfs,340,15,guloso,1,2,101,340
30,4,25-25,longo,164,dfs,340,15,todo_centro,1,15,2122,340
30,4,25-25,longo,164,dfs,340,15,limiar_10,0,1,12,312
30,4,25-25,longo,164,dfs,340,15,limiar_25,0,1,18,296
30,4,25-25,longo,164,dfs,340,15,limiar_50,1,3,156,340
30,4,25-25,longo,164,dfs,340,15,otimo,1,2,101,340
30,4,25-25,longo,164,bfs,242,10,guloso,1,1,72,242
30,4,25-25,longo,164,bfs,242,10,todo_centro,1,10,1400,242
30,4,25-25,longo,164,bfs,242,10,limiar_10,0,0,0,164
30,4,25-25,longo,164,bfs,242,10,limiar_25,0,0,0,164
30,4,25-25,longo,164,bfs,242,10,limiar_50,1,2,92,242
30,4,25-25,longo,164,bfs,242,10,otimo,1,1,72,242
30,4,25-25,longo,164,dijkstra,218,10,guloso,1,1,0,218
30,4,25-25,longo,164,dijkstra,218,10,todo_centro,1,10,1424,218
30,4,25-25,longo,164,dijkstra,218,10,limiar_10,1,1,7,218
30,4,25-25,longo,164,dijkstra,218,10,limiar_25,1,1,32,218
30,4,25-25,longo,164,dijkstra,218,10,limiar_50,1,2,112,218
30,4,25-25,longo,164,dijkstra,218,10,otimo,1,1,86,218
30,4,3-23,medio,73,dfs,162,11,guloso,1,2,54,162
30,4,3-23,medio,73,dfs,162,11,todo_centro,1,11,642,162
30,4,3-23,medio,73,dfs,162,11,limiar_10,0,0,0,73
30,4,3-23,medio,73,dfs,162,11,limiar_25,0,0,0,73
30,4,3-23,medio,73,dfs,162,11,limiar_50,1,3,73,162
30,4,3-23,medio,73,dfs,162,11,otimo,1,2,54,162
30,4,3-23,medio,73,bfs,162,11,guloso,1,2,54,162
30,4,3-23,medio,73,bfs,162,11,todo_centro,1,11,642,162
30,4,3-23,medio,73,bfs,162,11,limiar_10,0,0,0,73
30,4,3-23,medio,73,bfs,162,11,limiar_25,0,0,0,73
30,4,3-23,medio,73,bfs,162,11,limiar_50,1,3,73,162
30,4,3-23,medio,73,bfs,162,11,otimo,1,2,54,162
30,4,3-23,medio,73,dijkstra,146,7,guloso,1,2,68,146
30,4,3-23,medio,73,dijkstra,146,7,todo_centro,1,7,373,146
30,4,3-23,medio,73,dijkstra,146,7,limiar_10,0,0,0,62
30,4,3-23,medio,73,dijkstra,146,7,limiar_25,0,0,0,62
30,4,3-23,medio,73,dijkstra,146,7,limiar_50,0,0,0,62
30,4,3-23,medio,73,dijkstra,146,7,otimo,1,2,68,146
30,4,3-23,longo,110,dfs,162,11,guloso,1,1,18,162
30,4,3-23,longo,110,dfs,162,11,todo_centro,1,11,1049,162
30,4,3-23,longo,110,dfs,162,11,limiar_10,0,0,0,105
30,4,3-23,longo,110,dfs,162,11,limiar_25,1,1,18,162
30,4,3-23,longo,110,dfs,162,11,limiar_50,1,2,68,162
30,4,3-23,longo,110,dfs,162,11,otimo,1,1,56,162
30,4,3-23,longo,110,bfs,162,11,guloso,1,1,18,162
30,4,3-23,longo,110,bfs,162,11,todo_centro,1,11,1049,162
30,4,3-23,longo,110,bfs,162,11,limiar_10,0,0,0,105
30,4,3-23,longo,110,bfs,162,11,limiar_25,1,1,18,162
30,4,3-23,longo,110,bfs,162,11,limiar_50,1,2,68,162
30,4,3-23,longo,110,bfs,162,11,otimo,1,1,56,162
30,4,3-23,longo,110,dijkstra,146,7,guloso,1,1,32,146
30,4,3-23,longo,110,dijkstra,146,7,todo_centro,1,7,632,146
30,4,3-23,longo,110,dijkstra,146,7,limiar_10,0,0,0,100
30,4,3-23,longo,110,dijkstra,146,7,limiar_25,0,0,0,100
30,4,3-23,longo,110,dijkstra,146,7,limiar_50,1,2,82,146
30,4,3-23,longo,110,dijkstra,146,7,otimo,1,1,32,146
30,4,17-2,medio,52,bfs,129,9,guloso,1,2,10,129
30,4,17-2,medio,52,bfs,129,9,todo_centro,1,9,374,129
30,4,17-2,medio,52,bfs,129,9,limiar_10,0,0,0,44
30,4,17-2,medio,52,bfs,129,9,limiar_25,1,2,10,129
30,4,17-2,medio,52,bfs,129,9,limiar_50,1,2,26,129
30,4,17-2,medio,52,bfs,129,9,otimo,1,2,26,129
30,4,17-2,medio,52,dijkstra,105,6,guloso,1,2,22,105
30,4,17-2,medio,52,dijkstra,105,6,todo_centro,1,6,230,105
30,4,17-2,medio,52,dijkstra,105,6,limiar_10,0,1,3,96
30,4,17-2,medio,52,dijkstra,105,6,limiar_25,0,1,3,96
30,4,17-2,medio,52,dijkstra,105,6,limiar_50,1,2,22,105
30,4,17-2,medio,52,dijkstra,105,6,otimo,1,2,49,105
30,4,17-2,longo,79,bfs,129,9,guloso,1,1,1,129
30,4,17-2,longo,79,bfs,129,9,todo_centro,1,9,617,129
30,4,17-2,longo,79,bfs,129,9,limiar_10,1,1,1,129
30,4,17-2,longo,79,bfs,129,9,limiar_25,1,1,1,129
30,4,17-2,longo,79,bfs,129,9,limiar_50,1,2,64,129
30,4,17-2,longo,79,bfs,129,9,otimo,1,1,24,129
30,4,17-2,longo,79,dijkstra,105,6,guloso,1,1,13,105
30,4,17-2,longo,79,dijkstra,105,6,todo_centro,1,6,392,105
30,4,17-2,longo,79,dijkstra,105,6,limiar_10,0,0,0,79
30,4,17-2,longo,79,dijkstra,105,6,limiar_25,1,1,13,105
30,4,17-2,longo,79,dijkstra,105,6,limiar_50,1,1,30,105
30,4,17-2,longo,79,dijkstra,105,6,otimo,1,1,30,105
30,4,12-20,longo,136,dfs,508,19,guloso,1,4,76,508
30,4,12-20,longo,136,dfs,508,19,todo_centro,1,19,2116,508
30,4,12-20,longo,136,dfs,508,19,limiar_10,0,0,0,128
30,4,12-20,longo,136,dfs,508,19,limiar_25,0,0,0,128
30,4,12-20,longo,136,dfs,508,19,limiar_50,1,4,108,508
30,4,12-20,longo,136,dfs,508,19,otimo,1,4,108,508
30,4,12-20,longo,136,bfs,196,8,guloso,1,1,75,196
30,4,12-20,longo,136,bfs,196,8,todo_centro,1,8,1027,196
30,4,12-20,longo,136,bfs,196,8,limiar_10,0,0,0,130
30,4,12-20,longo,136,bfs,196,8,limiar_25,0,0,0,130
30,4,12-20,longo,136,bfs,196,8,limiar_50,0,0,0,130
30,4,12-20,longo,136,bfs,196,8,otimo,1,1,75,196
30,4,12-20,longo,136,dijkstra,182,5,guloso,1,1,62,182
30,4,12-20,longo,136,dijkstra,182,5,todo_centro,1,5,606,182
30,4,12-20,longo,136,dijkstra,182,5,limiar_10,0,0,0,131
30,4,12-20,longo,136,dijkstra,182,5,limiar_25,0,0,0,131
30,4,12-20,longo,136,dijkstra,182,5,limiar_50,1,1,62,182
30,4,12-20,longo,136,dijkstra,182,5,otimo,1,1,87,182
30,4,24-7,medio,78,dijkstra,157,8,guloso,1,2,17,157
30,4,24-7,medio,78,dijkstra,157,8,todo_centro,1,8,485,157
30,4,24-7,medio,78,dijkstra,157,8,limiar_10,0,0,0,78
30,4,24-7,medio,78,dijkstra,157,8,limiar_25,1,2,18,157
30,4,24-7,medio,78,dijkstra,157,8,limiar_50,0,1,29,124
30,4,24-7,medio,78,dijkstra,157,8,otimo,1,2,74,157
30,4,24-7,longo,118,dfs,737,24,guloso,1,8,240,737
30,4,24-7,longo,118,dfs,737,24,todo_centro,1,24,2111,737
30,4,24-7,longo,118,dfs,737,24,limiar_10,0,0,0,114
30,4,24-7,longo,118,dfs,737,24,limiar_25,0,1,26,203
30,4,24-7,longo,118,dfs,737,24,limiar_50,1,8,263,737
30,4,24-7,longo,118,bfs,197,11,guloso,1,1,24,197
30,4,24-7,longo,118,bfs,197,11,todo_centro,1,11,1119,197
30,4,24-7,longo,118,bfs,197,11,limiar_10,0,0,0,105
30,4,24-7,longo,118,bfs,197,11,limiar_25,1,1,24,197
30,4,24-7,longo,118,bfs,197,11,limiar_50,1,2,58,197
30,4,24-7,longo,118,bfs,197,11,otimo,1,1,24,197
30,4,24-7,longo,118,dijkstra,157,8,guloso,1,1,36,157
30,4,24-7,longo,118,dijkstra,157,8,todo_centro,1,8,805,157
30,4,24-7,longo,118,dijkstra,157,8,limiar_10,0,0,0,115
30,4,24-7,longo,118,dijkstra,157,8,limiar_25,0,0,0,115
30,4,24-7,longo,118,dijkstra,157,8,limiar_50,1,2,98,157
30,4,24-7,longo,118,dijkstra,157,8,otimo,1,1,69,157
30,4,23-21,curto,63,dijkstra,210,11,guloso,1,4,58,210
30,4,23-21,curto,63,dijkstra,210,11,todo_centro,1,11,485,210
30,4,23-21,curto,63,dijkstra,210,11,limiar_10,0,0,0,62
30,4,23-21,curto,63,dijkstra,210,11,limiar_25,0,0,0,62
30,4,23-21,curto,63,dijkstra,210,11,limiar_50,0,0,0,62
30,4,23-21,curto,63,dijkstra,210,11,otimo,1,4,95,210
30,4,23-21,medio,105,dijkstra,210,11,guloso,1,2,36,210
30,4,23-21,medio,105,dijkstra,210,11,todo_centro,1,11,947,210
30,4,23-21,medio,105,dijkstra,210,11,limiar_10,0,0,0,100
30,4,23-21,medio,105,dijkstra,210,11,limiar_25,0,0,0,100
30,4,23-21,medio,105,dijkstra,210,11,limiar_50,1,3,121,210
30,4,23-21,medio,105,dijkstra,210,11,otimo,1,2,78,210
30,4,23-21,longo,158,dfs,454,17,guloso,1,3,132,454
30,4,23-21,longo,158,dfs,454,17,todo_centro,1,17,2250,454
30,4,23-21,longo,158,dfs,454,17,limiar_10,0,1,12,296
30,4,23-21,longo,158,dfs,454,17,limiar_25,0,1,12,296
30,4,23-21,longo,158,dfs,454,17,limiar_50,1,4,196,454
30,4,23-21,longo,158,dfs,454,17,otimo,1,3,138,454
30,4,23-21,longo,158,bfs,234,11,guloso,1,2,100,234
30,4,23-21,longo,158,bfs,234,11,todo_centro,1,11,1508,234
30,4,23-21,longo,158,bfs,234,11,limiar_10,0,0,0,158
30,4,23-21,longo,158,bfs,234,11,limiar_25,0,0,0,158
30,4,23-21,longo,158,bfs,234,11,limiar_50,0,0,0,158
30,4,23-21,longo,158,bfs,234,11,otimo,1,2,120,234
30,4,23-21,longo,158,dijkstra,210,11,guloso,1,1,1,210
30,4,23-21,longo,158,dijkstra,210,11,todo_centro,1,11,1530,210
30,4,23-21,longo,158,dijkstra,210,11,limiar_10,1,1,1,210
30,4,23-21,longo,158,dijkstra,210,11,limiar_25,1,1,26,210
30,4,23-21,longo,158,dijkstra,210,11,limiar_50,1,1,26,210
30,4,23-21,longo,158,dijkstra,210,11,otimo,1,1,80,210
30,4,4-5,longo,25,bfs,33,4,guloso,1,1,11,33
30,4,4-5,longo,25,bfs,33,4,todo_centro,1,4,86,33
30,4,4-5,longo,25,bfs,33,4,limiar_10,0,0,0,21
30,4,4-5,longo,25,bfs,33,4,limiar_25,0,0,0,21
30,4,4-5,longo,25,bfs,33,4,limiar_50,1,1,11,33
30,4,4-5,longo,25,bfs,33,4,otimo,1,1,14,33
30,4,4-5,longo,25,dijkstra,33,2,guloso,1,1,11,33
30,4,4-5,longo,25,dijkstra,33,2,todo_centro,1,2,36,33
30,4,4-5,longo,25,dijkstra,33,2,limiar_10,0,0,0,21
30,4,4-5,longo,25,dijkstra,33,2,limiar_25,0,0,0,21
30,4,4-5,longo,25,dijkstra,33,2,limiar_50,1,1,11,33
30,4,4-5,longo,25,dijkstra,33,2,otimo,1,1,14,33
30,4,20-28,curto,67,dijkstra,224,8,guloso,1,4,104,224
30,4,20-28,curto,67,dijkstra,224,8,todo_centro,1,8,372,224
30,4,20-28,curto,67,dijkstra,224,8,limiar_10,0,0,0,62
30,4,20-28,curto,67,dijkstra,224,8,limiar_25,0,0,0,62
30,4,20-28,curto,67,dijkstra,224,8,limiar_50,0,0,0,62
30,4,20-28,curto,67,dijkstra,224,8,otimo,1,4,111,224
30,4,20-28,medio,112,dfs,296,12,guloso,1,3,109,296
30,4,20-28,medio,112,dfs,296,12,todo_centro,1,12,1117,296
30,4,20-28,medio,112,dfs,296,12,limiar_10,0,0,0,105
30,4,20-28,medio,112,dfs,296,12,limiar_25,0,1,20,203
30,4,20-28,medio,112,dfs,296,12,limiar_50,1,3,109,296
30,4,20-28,medio,112,dfs,296,12,otimo,1,3,109,296
30,4,20-28,medio,112,dijkstra,224,8,guloso,1,2,60,224
30,4,20-28,medio,112,dijkstra,224,8,todo_centro,1,8,732,224
30,4,20-28,medio,112,dijkstra,224,8,limiar_10,0,0,0,111
30,4,20-28,medio,112,dijkstra,224,8,limiar_25,0,0,0,111
30,4,20-28,medio,112,dijkstra,224,8,limiar_50,1,2,67,224
30,4,20-28,medio,112,dijkstra,224,8,otimo,1,2,92,224
30,4,20-28,longo,168,dfs,296,12,guloso,1,1,11,296
30,4,20-28,longo,168,dfs,296,12,todo_centro,1,12,1789,296
30,4,20-28,longo,168,dfs,296,12,limiar_10,1,1,16,296
30,4,20-28,longo,168,dfs,296,12,limiar_25,1,1,22,296
30,4,20-28,longo,168,dfs,296,12,limiar_50,1,2,109,296
30,4,20-28,longo,168,dfs,296,12,otimo,1,1,22,296
30,4,20-28,longo,168,bfs,248,8,guloso,1,1,76,248
30,4,20-28,longo,168,bfs,248,8,todo_centro,1,8,1252,248
30,4,20-28,longo,168,bfs,248,8,limiar_10,0,0,0,167
30,4,20-28,longo,168,bfs,248,8,limiar_25,0,0,0,167
30,4,20-28,longo,168,bfs,248,8,limiar_50,1,1,76,248
30,4,20-28,longo,168,bfs,248,8,otimo,1,1,76,248
30,4,20-28,longo,168,dijkstra,224,8,guloso,1,1,4,224
30,4,20-28,longo,168,dijkstra,224,8,todo_centro,1,8,1180,224
30,4,20-28,longo,168,dijkstra,224,8,limiar_10,1,1,11,224
30,4,20-28,longo,168,dijkstra,224,8,limiar_25,1,1,36,224
30,4,20-28,longo,168,dijkstra,224,8,limiar_50,1,1,36,224
30,4,20-28,longo,168,dijkstra,224,8,otimo,1,1,90,224
30,4,2-5,medio,8,dfs,17,4,guloso,1,2,5,17
30,4,2-5,medio,8,dfs,17,4,todo_centro,1,4,18,17
30,4,2-5,medio,8,dfs,17,4,limiar_10,0,0,0,8
30,4,2-5,medio,8,dfs,17,4,limiar_25,0,0,0,8
30,4,2-5,medio,8,dfs,17,4,limiar_50,1,2,5,17
30,4,2-5,medio,8,dfs,17,4,otimo,1,2,5,17
30,4,2-5,medio,8,bfs,17,4,guloso,1,2,5,17
30,4,2-5,medio,8,bfs,17,4,todo_centro,1,4,18,17
30,4,2-5,medio,8,bfs,17,4,limiar_10,0,0,0,8
30,4,2-5,medio,8,bfs,17,4,limiar_25,0,0,0,8
30,4,2-5,medio,8,bfs,17,4,limiar_50,1,2,5,17
30,4,2-5,medio,8,bfs,17,4,otimo,1,2,5,17
30,4,2-5,longo,13,dfs,17,4,guloso,1,1,2,17
30,4,2-5,longo,13,dfs,17,4,todo_centro,1,4,38,17
30,4,2-5,longo,13,dfs,17,4,limiar_10,0,0,0,11
30,4,2-5,longo,13,dfs,17,4,limiar_25,1,1,2,17
30,4,2-5,longo,13,dfs,17,4,limiar_50,1,1,2,17
30,4,2-5,longo,13,dfs,17,4,otimo,1,1,9,17
30,4,2-5,longo,13,bfs,17,4,guloso,1,1,2,17
30,4,2-5,longo,13,bfs,17,4,todo_centro,1,4,38,17
30,4,2-5,longo,13,bfs,17,4,limiar_10,0,0,0,11
30,4,2-5,longo,13,bfs,17,4,limiar_25,1,1,2,17
30,4,2-5,longo,13,bfs,17,4,limiar_50,1,1,2,17
30,4,2-5,longo,13,bfs,17,4,otimo,1,1,9,17
30,4,2-5,longo,13,dijkstra,17,2,guloso,1,1,2,17
30,4,2-5,longo,13,dijkstra,17,2,todo_centro,1,2,12,17
30,4,2-5,longo,13,dijkstra,17,2,limiar_10,0,0,0,11
30,4,2-5,longo,13,dijkstra,17,2,limiar_25,1,1,2,17
30,4,2-5,longo,13,dijkstra,17,2,limiar_50,1,1,2,17
30,4,2-5,longo,13,dijkstra,17,2,otimo,1,1,2,17
30,4,16-12,medio,62,dijkstra,124,5,guloso,1,2,50,124
30,4,16-12,medio,62,dijkstra,124,5,todo_centro,1,5,236,124
30,4,16-12,medio,62,dijkstra,124,5,limiar_10,0,0,0,55
30,4,16-12,medio,62,dijkstra,124,5,limiar_25,0,1,13,111
30,4,16-12,medio,62,dijkstra,124,5,limiar_50,0,1,13,111
30,4,16-12,medio,62,dijkstra,124,5,otimo,1,2,50,124
30,4,16-12,longo,93,bfs,146,8,guloso,1,1,32,146
30,4,16-12,longo,93,bfs,146,8,todo_centro,1,8,683,146
30,4,16-12,longo,93,bfs,146,8,limiar_10,0,0,0,88
30,4,16-12,longo,93,bfs,146,8,limiar_25,0,0,0,88
30,4,16-12,longo,93,bfs,146,8,limiar_50,1,1,38,146
30,4,16-12,longo,93,bfs,146,8,otimo,1,1,38,146
30,4,16-12,longo,93,dijkstra,124,5,guloso,1,1,19,124
30,4,16-12,longo,93,dijkstra,124,5,todo_centro,1,5,391,124
30,4,16-12,longo,93,dijkstra,124,5,limiar_10,0,0,0,84
30,4,16-12,longo,93,dijkstra,124,5,limiar_25,1,1,19,124
30,4,16-12,longo,93,dijkstra,124,5,limiar_50,1,1,44,124
30,4,16-12,longo,93,dijkstra,124,5,otimo,1,1,44,124
30,6,16-14,longo,60,dijkstra,80,2,guloso,1,1,11,80
30,6,16-14,longo,60,dijkstra,80,2,todo_centro,1,2,71,80
30,6,16-14,longo,60,dijkstra,80,2,limiar_10,0,0,0,58
30,6,16-14,longo,60,dijkstra,80,2,limiar_25,1,1,11,80
30,6,16-14,longo,60,dijkstra,80,2,limiar_50,1,1,11,80
30,6,16-14,longo,60,dijkstra,80,2,otimo,1,1,11,80
30,6,20-19,medio,84,dfs,555,22,guloso,1,8,173,555
30,6,20-19,medio,84,dfs,555,22,todo_centro,1,22,1332,555
30,6,20-19,medio,84,dfs,555,22,limiar_10,0,2,13,227
30,6,20-19,medio,84,dfs,555,22,limiar_25,0,1,19,141
30,6,20-19,medio,84,dfs,555,22,limiar_50,0,1,19,141
30,6,20-19,medio,84,dijkstra,167,4,guloso,1,2,65,167
30,6,20-19,medio,84,dijkstra,167,4,todo_centro,1,4,233,167
30,6,20-19,medio,84,dijkstra,167,4,limiar_10,0,0,0,82
30,6,20-19,medio,84,dijkstra,167,4,limiar_25,0,0,0,82
30,6,20-19,medio,84,dijkstra,167,4,limiar_50,1,2,65,167
30,6,20-19,medio,84,dijkstra,167,4,otimo,1,2,83,167
30,6,20-19,longo,125,dfs,555,22,guloso,1,5,109,555
30,6,20-19,longo,125,dfs,555,22,todo_centro,1,22,2234,555
30,6,20-19,longo,125,dfs,555,22,limiar_10,0,0,0,116
30,6,20-19,longo,125,dfs,555,22,limiar_25,0,4,75,549
30,6,20-19,longo,125,dfs,555,22,limiar_50,1,6,264,555
30,6,20-19,longo,125,bfs,223,4,guloso,1,1,8,223
30,6,20-19,longo,125,bfs,223,4,todo_centro,1,4,365,223
30,6,20-19,longo,125,bfs,223,4,limiar_10,1,1,8,223
30,6,20-19,longo,125,bfs,223,4,limiar_25,1,1,8,223
30,6,20-19,longo,125,bfs,223,4,limiar_50,0,1,50,199
30,6,20-19,longo,125,bfs,223,4,otimo,1,1,8,223
30,6,20-19,longo,125,dijkstra,167,4,guloso,1,1,22,167
30,6,20-19,longo,125,dijkstra,167,4,todo_centro,1,4,397,167
30,6,20-19,longo,125,dijkstra,167,4,limiar_10,0,0,0,124
30,6,20-19,longo,125,dijkstra,167,4,limiar_25,1,1,22,167
30,6,20-19,longo,125,dijkstra,167,4,limiar_50,1,1,40,167
30,6,20-19,longo,125,dijkstra,167,4,otimo,1,1,76,167
30,6,1-26,curto,45,bfs,181,8,guloso,1,5,71,181
30,6,1-26,curto,45,bfs,181,8,todo_centro,1,8,188,181
30,6,1-26,curto,45,bfs,181,8,limiar_10,0,0,0,36
30,6,1-26,curto,45,bfs,181,8,limiar_25,0,0,0,36
30,6,1-26,curto,45,bfs,181,8,limiar_50,0,0,0,36
30,6,1-26,curto,45,bfs,181,8,otimo,1,5,71,181
30,6,1-26,curto,45,dijkstra,151,9,guloso,1,4,38,151
30,6,1-26,curto,45,dijkstra,151,9,todo_centro,1,9,263,151
30,6,1-26,curto,45,dijkstra,151,9,limiar_10,0,0,0,45
30,6,1-26,curto,45,dijkstra,151,9,limiar_25,0,1,9,72
30,6,1-26,curto,45,dijkstra,151,9,limiar_50,0,1,9,72
30,6,1-26,curto,45,dijkstra,151,9,otimo,1,4,54,151
30,6,1-26,medio,76,dfs,255,10,guloso,1,4,110,255
30,6,1-26,medio,76,dfs,255,10,todo_centro,1,10,566,255
30,6,1-26,medio,76,dfs,255,10,limiar_10,0,0,0,65
30,6,1-26,medio,76,dfs,255,10,limiar_25,0,1,11,141
30,6,1-26,medio,76,dfs,255,10,limiar_50,0,1,11,141
30,6,1-26,medio,76,dfs,255,10,otimo,1,4,110,255
30,6,1-26,medio,76,bfs,181,8,guloso,1,2,29,181
30,6,1-26,medio,76,bfs,181,8,todo_centro,1,8,436,181
30,6,1-26,medio,76,bfs,181,8,limiar_10,0,1,1,144
30,6,1-26,medio,76,bfs,181,8,limiar_25,0,1,1,144
30,6,1-26,medio,76,bfs,181,8,limiar_50,1,3,56,181
30,6,1-26,medio,76,bfs,181,8,otimo,1,2,32,181
30,6,1-26,medio,76,dijkstra,151,9,guloso,1,2,26,151
30,6,1-26,medio,76,dijkstra,151,9,todo_centro,1,9,542,151
30,6,1-26,medio,76,dijkstra,151,9,limiar_10,0,0,0,72
30,6,1-26,medio,76,dijkstra,151,9,limiar_25,1,2,26,151
30,6,1-26,medio,76,dijkstra,151,9,limiar_50,1,3,86,151
30,6,1-26,medio,76,dijkstra,151,9,otimo,1,2,56,151
30,6,1-26,longo,113,dfs,255,10,guloso,1,2,32,255
30,6,1-26,longo,113,dfs,255,10,todo_centro,1,10,936,255
30,6,1-26,longo,113,dfs,255,10,limiar_10,0,1,11,201
30,6,1-26,longo,113,dfs,255,10,limiar_25,1,2,32,255
30,6,1-26,longo,113,dfs,255,10,limiar_50,1,2,71,255
30,6,1-26,longo,113,dfs,255,10,otimo,1,2,71,255
30,6,1-26,longo,113,bfs,181,8,guloso,1,1,35,181
30,6,1-26,longo,113,bfs,181,8,todo_centro,1,8,732,181
30,6,1-26,longo,113,bfs,181,8,limiar_10,0,0,0,107
30,6,1-26,longo,113,bfs,181,8,limiar_25,0,0,0,107
30,6,1-26,longo,113,bfs,181,8,limiar_50,1,2,72,181
30,6,1-26,longo,113,bfs,181,8,otimo,1,1,38,181
30,6,1-26,longo,113,dijkstra,151,9,guloso,1,1,14,151
30,6,1-26,longo,113,dijkstra,151,9,todo_centro,1,9,875,151
30,6,1-26,longo,113,dijkstra,151,9,limiar_10,0,0,0,107
30,6,1-26,longo,113,dijkstra,151,9,limiar_25,1,1,17,151
30,6,1-26,longo,113,dijkstra,151,9,limiar_50,1,2,100,151
30,6,1-26,longo,113,dijkstra,151,9,otimo,1,1,63,151
30,6,5-12,medio,30,dijkstra,59,2,guloso,1,2,24,59
30,6,5-12,medio,30,dijkstra,59,2,todo_centro,1,2,24,59
30,6,5-12,medio,30,dijkstra,59,2,limiar_10,0,0,0,24
30,6,5-12,medio,30,dijkstra,59,2,limiar_25,0,0,0,24
30,6,5-12,medio,30,dijkstra,59,2,limiar_50,0,0,0,24
30,6,5-12,medio,30,dijkstra,59,2,otimo,1,2,24,59
30,6,5-12,longo,44,bfs,85,2,guloso,1,2,38,85
30,6,5-12,longo,44,bfs,85,2,todo_centro,1,2,38,85
30,6,5-12,longo,44,bfs,85,2,limiar_10,0,0,0,36
30,6,5-12,longo,44,bfs,85,2,limiar_25,0,0,0,36
30,6,5-12,longo,44,bfs,85,2,limiar_50,0,0,0,36
30,6,5-12,longo,44,bfs,85,2,otimo,1,2,38,85
30,6,5-12,longo,44,dijkstra,59,2,guloso,1,1,8,59
30,6,5-12,longo,44,dijkstra,59,2,todo_centro,1,2,52,59
30,6,5-12,longo,44,dijkstra,59,2,limiar_10,0,0,0,42
30,6,5-12,longo,44,dijkstra,59,2,limiar_25,1,1,8,59
30,6,5-12,longo,44,dijkstra,59,2,limiar_50,1,1,8,59
30,6,5-12,longo,44,dijkstra,59,2,otimo,1,1,8,59
30,6,25-20,curto,43,dijkstra,143,4,guloso,1,4,69,143
30,6,25-20,curto,43,dijkstra,143,4,todo_centro,1,4,69,143
30,6,25-20,curto,43,dijkstra,143,4,limiar_10,0,0,0,35
30,6,25-20,curto,43,dijkstra,143,4,limiar_25,0,0,0,35
30,6,25-20,curto,43,dijkstra,143,4,limiar_50,0,0,0,35
30,6,25-20,curto,43,dijkstra,143,4,otimo,1,4,69,143
30,6,25-20,medio,72,dfs,545,22,guloso,1,9,158,545
30,6,25-20,medio,72,dfs,545,22,todo_centro,1,22,1068,545
30,6,25-20,medio,72,dfs,545,22,limiar_10,0,1,7,132
30,6,25-20,medio,72,dfs,545,22,limiar_25,0,1,7,132
30,6,25-20,medio,72,dfs,545,22,limiar_50,0,6,130,374
30,6,25-20,medio,72,bfs,199,4,guloso,1,3,81,199
30,6,25-20,medio,72,bfs,199,4,todo_centro,1,4,153,199
30,6,25-20,medio,72,bfs,199,4,limiar_10,0,0,0,72
30,6,25-20,medio,72,bfs,199,4,limiar_25,0,0,0,72
30,6,25-20,medio,72,bfs,199,4,limiar_50,0,0,0,72
30,6,25-20,medio,72,bfs,199,4,otimo,1,3,81,199
30,6,25-20,medio,72,dijkstra,143,4,guloso,1,2,41,143
30,6,25-20,medio,72,dijkstra,143,4,todo_centro,1,4,185,143
30,6,25-20,medio,72,dijkstra,143,4,limiar_10,0,0,0,68
30,6,25-20,medio,72,dijkstra,143,4,limiar_25,0,0,0,68
30,6,25-20,medio,72,dijkstra,143,4,limiar_50,1,2,59,143
30,6,25-20,medio,72,dijkstra,143,4,otimo,1,2,59,143
30,6,25-20,longo,107,dfs,545,22,guloso,1,6,126,545
30,6,25-20,longo,107,dfs,545,22,todo_centro,1,22,1838,545
30,6,25-20,longo,107,dfs,545,22,limiar_10,0,1,8,201
30,6,25-20,longo,107,dfs,545,22,limiar_25,0,2,20,301
30,6,25-20,longo,107,dfs,545,22,limiar_50,1,6,156,545
30,6,25-20,longo,107,bfs,199,4,guloso,1,2,79,199
30,6,25-20,longo,107,bfs,199,4,todo_centro,1,4,293,199
30,6,25-20,longo,107,bfs,199,4,limiar_10,0,0,0,100
30,6,25-20,longo,107,bfs,199,4,limiar_25,0,0,0,100
30,6,25-20,longo,107,bfs,199,4,limiar_50,1,2,79,199
30,6,25-20,longo,107,bfs,199,4,otimo,1,2,97,199
30,6,25-20,longo,107,dijkstra,143,4,guloso,1,1,4,143
30,6,25-20,longo,107,dijkstra,143,4,todo_centro,1,4,325,143
30,6,25-20,longo,107,dijkstra,143,4,limiar_10,1,1,4,143
30,6,25-20,longo,107,dijkstra,143,4,limiar_25,1,1,22,143
30,6,25-20,longo,107,dijkstra,143,4,limiar_50,1,1,22,143
30,6,25-20,longo,107,dijkstra,143,4,otimo,1,1,58,143
30,6,5-26,curto,40,dijkstra,135,8,guloso,1,3,24,135
30,6,5-26,curto,40,dijkstra,135,8,todo_centro,1,8,194,135
30,6,5-26,curto,40,dijkstra,135,8,limiar_10,0,1,4,72
30,6,5-26,curto,40,dijkstra,135,8,limiar_25,0,1,4,72
30,6,5-26,curto,40,dijkstra,135,8,limiar_50,1,4,34,135
30,6,5-26,curto,40,dijkstra,135,8,otimo,1,3,24,135
30,6,5-26,medio,68,dfs,273,11,guloso,1,5,84,273
30,6,5-26,medio,68,dfs,273,11,todo_centro,1,11,492,273
30,6,5-26,medio,68,dfs,273,11,limiar_10,0,1,3,132
30,6,5-26,medio,68,dfs,273,11,limiar_25,0,1,3,132
30,6,5-26,medio,68,dfs,273,11,limiar_50,1,5,84,273
30,6,5-26,medio,68,dfs,273,11,otimo,1,5,84,273
30,6,5-26,medio,68,bfs,183,6,guloso,1,3,81,183
30,6,5-26,medio,68,bfs,183,6,todo_centro,1,6,285,183
30,6,5-26,medio,68,bfs,183,6,limiar_10,0,0,0,59
30,6,5-26,medio,68,bfs,183,6,limiar_25,0,0,0,59
30,6,5-26,medio,68,bfs,183,6,limiar_50,0,1,18,117
30,6,5-26,medio,68,bfs,183,6,otimo,1,3,84,183
30,6,5-26,medio,68,dijkstra,135,8,guloso,1,2,10,135
30,6,5-26,medio,68,dijkstra,135,8,todo_centro,1,8,418,135
30,6,5-26,medio,68,dijkstra,135,8,limiar_10,0,0,0,58
30,6,5-26,medio,68,dijkstra,135,8,limiar_25,0,1,13,116
30,6,5-26,medio,68,dijkstra,135,8,limiar_50,1,2,40,135
30,6,5-26,medio,68,dijkstra,135,8,otimo,1,2,40,135
30,6,5-26,longo,101,dfs,273,11,guloso,1,2,8,273
30,6,5-26,longo,101,dfs,273,11,todo_centro,1,11,855,273
30,6,5-26,longo,101,dfs,273,11,limiar_10,1,2,8,273
30,6,5-26,longo,101,dfs,273,11,limiar_25,1,3,47,273
30,6,5-26,longo,101,dfs,273,11,limiar_50,1,3,47,273
30,6,5-26,longo,101,dfs,273,11,otimo,1,2,8,273
30,6,5-26,longo,101,bfs,183,6,guloso,1,2,79,183
30,6,5-26,longo,101,bfs,183,6,todo_centro,1,6,483,183
30,6,5-26,longo,101,bfs,183,6,limiar_10,0,0,0,92
30,6,5-26,longo,101,bfs,183,6,limiar_25,0,1,23,169
30,6,5-26,longo,101,bfs,183,6,limiar_50,0,1,26,169
30,6,5-26,longo,101,bfs,183,6,otimo,1,2,82,183
30,6,5-26,longo,101,dijkstra,135,8,guloso,1,1,2,135
30,6,5-26,longo,101,dijkstra,135,8,todo_centro,1,8,682,135
30,6,5-26,longo,101,dijkstra,135,8,limiar_10,1,1,5,135
30,6,5-26,longo,101,dijkstra,135,8,limiar_25,1,1,5,135
30,6,5-26,longo,101,dijkstra,135,8,limiar_50,1,2,76,135
30,6,5-26,longo,101,dijkstra,135,8,otimo,1,1,65,135
30,6,27-19,medio,77,dfs,582,23,guloso,1,10,201,582
30,6,27-19,medio,77,dfs,582,23,todo_centro,1,23,1202,582
30,6,27-19,medio,77,dfs,582,23,limiar_10,0,0,0,65
30,6,27-19,medio,77,dfs,582,23,limiar_25,0,1,12,141
30,6,27-19,medio,77,dfs,582,23,limiar_50,0,1,12,141
30,6,27-19,medio,77,bfs,210,4,guloso,1,2,19,210
30,6,27-19,medio,77,bfs,210,4,todo_centro,1,4,173,210
30,6,27-19,medio,77,bfs,210,4,limiar_10,0,1,2,138
30,6,27-19,medio,77,bfs,210,4,limiar_25,1,2,19,210
30,6,27-19,medio,77,bfs,210,4,limiar_50,0,2,37,193
30,6,27-19,medio,77,bfs,210,4,otimo,1,2,19,210
30,6,27-19,medio,77,dijkstra,154,4,guloso,1,2,51,154
30,6,27-19,medio,77,dijkstra,154,4,todo_centro,1,4,205,154
30,6,27-19,medio,77,dijkstra,154,4,limiar_10,0,0,0,68
30,6,27-19,medio,77,dijkstra,154,4,limiar_25,0,0,0,68
30,6,27-19,medio,77,dijkstra,154,4,limiar_50,1,2,51,154
30,6,27-19,medio,77,dijkstra,154,4,otimo,1,2,69,154
30,6,27-19,longo,116,dfs,582,23,guloso,1,5,81,582
30,6,27-19,longo,116,dfs,582,23,todo_centro,1,23,2099,582
30,6,27-19,longo,116,dfs,582,23,limiar_10,0,0,0,116
30,6,27-19,longo,116,dfs,582,23,limiar_25,0,3,46,418
30,6,27-19,longo,116,dfs,582,23,limiar_50,1,7,243,582
30,6,27-19,longo,116,bfs,210,4,guloso,1,2,97,210
30,6,27-19,longo,116,bfs,210,4,todo_centro,1,4,329,210
30,6,27-19,longo,116,bfs,210,4,limiar_10,0,0,0,114
30,6,27-19,longo,116,bfs,210,4,limiar_25,0,0,0,114
30,6,27-19,longo,116,bfs,210,4,limiar_50,1,2,97,210
30,6,27-19,longo,116,bfs,210,4,otimo,1,2,115,210
30,6,27-19,longo,116,dijkstra,154,4,guloso,1,1,13,154
30,6,27-19,longo,116,dijkstra,154,4,todo_centro,1,4,361,154
30,6,27-19,longo,116,dijkstra,154,4,limiar_10,0,0,0,109
30,6,27-19,longo,116,dijkstra,154,4,limiar_25,1,1,13,154
30,6,27-19,longo,116,dijkstra,154,4,limiar_50,1,1,31,154
30,6,27-19,longo,116,dijkstra,154,4,otimo,1,1,67,154
30,6,5-2,longo,16,dijkstra,21,1,guloso,1,1,10,21
30,6,5-2,longo,16,dijkstra,21,1,todo_centro,1,1,10,21
30,6,5-2,longo,16,dijkstra,21,1,limiar_10,0,0,0,16
30,6,5-2,longo,16,dijkstra,21,1,limiar_25,0,0,0,16
30,6,5-2,longo,16,dijkstra,21,1,limiar_50,0,0,0,16
30,6,5-2,longo,16,dijkstra,21,1,otimo,1,1,10,21
30,6,3-3,longo,12,dfs,16,1,guloso,1,1,6,16
30,6,3-3,longo,12,dfs,16,1,todo_centro,1,1,6,16
30,6,3-3,longo,12,dfs,16,1,limiar_10,0,0,0,12
30,6,3-3,longo,12,dfs,16,1,limiar_25,0,0,0,12
30,6,3-3,longo,12,dfs,16,1,limiar_50,1,1,6,16
30,6,3-3,longo,12,dfs,16,1,otimo,1,1,6,16
30,6,3-3,longo,12,bfs,16,1,guloso,1,1,6,16
30,6,3-3,longo,12,bfs,16,1,todo_centro,1,1,6,16
30,6,3-3,longo,12,bfs,16,1,limiar_10,0,0,0,12
30,6,3-3,longo,12,bfs,16,1,limiar_25,0,0,0,12
30,6,3-3,longo,12,bfs,16,1,limiar_50,1,1,6,16
30,6,3-3,longo,12,bfs,16,1,otimo,1,1,6,16
30,6,3-3,longo,12,dijkstra,16,1,guloso,1,1,6,16
30,6,3-3,longo,12,dijkstra,16,1,todo_centro,1,1,6,16
30,6,3-3,longo,12,dijkstra,16,1,limiar_10,0,0,0,12
30,6,3-3,longo,12,dijkstra,16,1,limiar_25,0,0,0,12
30,6,3-3,longo,12,dijkstra,16,1,limiar_50,1,1,6,16
30,6,3-3,longo,12,dijkstra,16,1,otimo,1,1,6,16
30,7,1-0,curto,1,dfs,1,0,guloso,1,0,0,1
30,7,1-0,curto,1,dfs,1,0,todo_centro,1,0,0,1
30,7,1-0,curto,1,dfs,1,0,limiar_10,1,0,0,1
30,7,1-0,curto,1,dfs,1,0,limiar_25,1,0,0,1
30,7,1-0,curto,1,dfs,1,0,limiar_50,1,0,0,1
30,7,1-0,curto,1,dfs,1,0,otimo,1,0,0,1
30,7,1-0,curto,1,bfs,1,0,guloso,1,0,0,1
30,7,1-0,curto,1,bfs,1,0,todo_centro,1,0,0,1
30,7,1-0,curto,1,bfs,1,0,limiar_10,1,0,0,1
30,7,1-0,curto,1,bfs,1,0,limiar_25,1,0,0,1
30,7,1-0,curto,1,bfs,1,0,limiar_50,1,0,0,1
30,7,1-0,curto,1,bfs,1,0,otimo,1,0,0,1
30,7,1-0,curto,1,dijkstra,1,0,guloso,1,0,0,1
30,7,1-0,curto,1,dijkstra,1,0,todo_centro,1,0,0,1
30,7,1-0,curto,1,dijkstra,1,0,limiar_10,1,0,0,1
30,7,1-0,curto,1,dijkstra,1,0,limiar_25,1,0,0,1
30,7,1-0,curto,1,dijkstra,1,0,limiar_50,1,0,0,1
30,7,1-0,curto,1,dijkstra,1,0,otimo,1,0,0,1
30,7,1-0,medio,1,dfs,1,0,guloso,1,0,0,1
30,7,1-0,medio,1,dfs,1,0,todo_centro,1,0,0,1
30,7,1-0,medio,1,dfs,1,0,limiar_10,1,0,0,1
30,7,1-0,medio,1,dfs,1,0,limiar_25,1,0,0,1
30,7,1-0,medio,1,dfs,1,0,limiar_50,1,0,0,1
30,7,1-0,medio,1,dfs,1,0,otimo,1,0,0,1
30,7,1-0,medio,1,bfs,1,0,guloso,1,0,0,1
30,7,1-0,medio,1,bfs,1,0,todo_centro,1,0,0,1
30,7,1-0,medio,1,bfs,1,0,limiar_10,1,0,0,1
30,7,1-0,medio,1,bfs,1,0,limiar_25,1,0,0,1
30,7,1-0,medio,1,bfs,1,0,limiar_50,1,0,0,1
30,7,1-0,medio,1,bfs,1,0,otimo,1,0,0,1
30,7,1-0,medio,1,dijkstra,1,0,guloso,1,0,0,1
30,7,1-0,medio,1,dijkstra,1,0,todo_centro,1,0,0,1
30,7,1-0,medio,1,dijkstra,1,0,limiar_10,1,0,0,1
30,7,1-0,medio,1,dijkstra,1,0,limiar_25,1,0,0,1
30,7,1-0,medio,1,dijkstra,1,0,limiar_50,1,0,0,1
30,7,1-0,medio,1,dijkstra,1,0,otimo,1,0,0,1
30,7,1-0,longo,1,dfs,1,0,guloso,1,0,0,1
30,7,1-0,longo,1,dfs,1,0,todo_centro,1,0,0,1
30,7,1-0,longo,1,dfs,1,0,limiar_10,1,0,0,1
30,7,1-0,longo,1,dfs,1,0,limiar_25,1,0,0,1
30,7,1-0,longo,1,dfs,1,0,limiar_50,1,0,0,1
30,7,1-0,longo,1,dfs,1,0,otimo,1,0,0,1
30,7,1-0,longo,1,bfs,1,0,guloso,1,0,0,1
30,7,1-0,longo,1,bfs,1,0,todo_centro,1,0,0,1
30,7,1-0,longo,1,bfs,1,0,limiar_10,1,0,0,1
30,7,1-0,longo,1,bfs,1,0,limiar_25,1,0,0,1
30,7,1-0,longo,1,bfs,1,0,limiar_50,1,0,0,1
30,7,1-0,longo,1,bfs,1,0,otimo,1,0,0,1
30,7,1-0,longo,1,dijkstra,1,0,guloso,1,0,0,1
30,7,1-0,longo,1,dijkstra,1,0,todo_centro,1,0,0,1
30,7,1-0,longo,1,dijkstra,1,0,limiar_10,1,0,0,1
30,7,1-0,longo,1,dijkstra,1,0,limiar_25,1,0,0,1
30,7,1-0,longo,1,dijkstra,1,0,limiar_50,1,0,0,1
30,7,1-0,longo,1,dijkstra,1,0,otimo,1,0,0,1
30,9,3-0,medio,6,dfs,13,2,guloso,1,2,5,13
30,9,3-0,medio,6,dfs,13,2,todo_centro,1,2,5,13
30,9,3-0,medio,6,dfs,13,2,limiar_10,0,0,0,4
30,9,3-0,medio,6,dfs,13,2,limiar_25,0,0,0,4
30,9,3-0,medio,6,dfs,13,2,limiar_50,1,2,5,13
30,9,3-0,medio,6,dfs,13,2,otimo,1,2,5,13
30,9,3-0,medio,6,bfs,13,2,guloso,1,2,5,13
30,9,3-0,medio,6,bfs,13,2,todo_centro,1,2,5,13
30,9,3-0,medio,6,bfs,13,2,limiar_10,0,0,0,4
30,9,3-0,medio,6,bfs,13,2,limiar_25,0,0,0,4
30,9,3-0,medio,6,bfs,13,2,limiar_50,1,2,5,13
30,9,3-0,medio,6,bfs,13,2,otimo,1,2,5,13
30,9,3-0,medio,6,dijkstra,13,2,guloso,1,2,5,13
30,9,3-0,medio,6,dijkstra,13,2,todo_centro,1,2,5,13
30,9,3-0,medio,6,dijkstra,13,2,limiar_10,0,0,0,4
30,9,3-0,medio,6,dijkstra,13,2,limiar_25,0,0,0,4
30,9,3-0,medio,6,dijkstra,13,2,limiar_50,1,2,5,13
30,9,3-0,medio,6,dijkstra,13,2,otimo,1,2,5,13
30,9,3-0,longo,10,dfs,13,2,guloso,1,1,3,13
30,9,3-0,longo,10,dfs,13,2,todo_centro,1,2,13,13
30,9,3-0,longo,10,dfs,13,2,limiar_10,0,0,0,10
30,9,3-0,longo,10,dfs,13,2,limiar_25,0,0,0,10
30,9,3-0,longo,10,dfs,13,2,limiar_50,1,1,3,13
30,9,3-0,longo,10,dfs,13,2,otimo,1,1,6,13
30,9,3-0,longo,10,bfs,13,2,guloso,1,1,3,13
30,9,3-0,longo,10,bfs,13,2,todo_centro,1,2,13,13
30,9,3-0,longo,10,bfs,13,2,limiar_10,0,0,0,10
30,9,3-0,longo,10,bfs,13,2,limiar_25,0,0,0,10
30,9,3-0,longo,10,bfs,13,2,limiar_50,1,1,3,13
30,9,3-0,longo,10,bfs,13,2,otimo,1,1,6,13
30,9,3-0,longo,10,dijkstra,13,2,guloso,1,1,3,13
30,9,3-0,longo,10,dijkstra,13,2,todo_centro,1,2,13,13
30,9,3-0,longo,10,dijkstra,13,2,limiar_10,0,0,0,10
30,9,3-0,longo,10,dijkstra,13,2,limiar_25,0,0,0,10
30,9,3-0,longo,10,dijkstra,13,2,limiar_50,1,1,3,13
30,9,3-0,longo,10,dijkstra,13,2,otimo,1,1,6,13
30,9,4-26,medio,91,bfs,218,5,guloso,1,2,44,218
30,9,4-26,medio,91,bfs,218,5,todo_centro,1,5,317,218
30,9,4-26,medio,91,bfs,218,5,limiar_10,0,0,0,91
30,9,4-26,medio,91,bfs,218,5,limiar_25,0,0,0,91
30,9,4-26,medio,91,bfs,218,5,limiar_50,0,2,74,192
30,9,4-26,medio,91,bfs,218,5,otimo,1,2,44,218
30,9,4-26,medio,91,dijkstra,182,6,guloso,1,2,80,182
30,9,4-26,medio,91,dijkstra,182,6,todo_centro,1,6,444,182
30,9,4-26,medio,91,dijkstra,182,6,limiar_10,0,0,0,89
30,9,4-26,medio,91,dijkstra,182,6,limiar_25,0,1,19,156
30,9,4-26,medio,91,dijkstra,182,6,limiar_50,1,2,80,182
30,9,4-26,medio,91,dijkstra,182,6,otimo,1,2,80,182
30,9,4-26,longo,136,dfs,292,6,guloso,1,2,96,292
30,9,4-26,longo,136,dfs,292,6,todo_centro,1,6,527,292
30,9,4-26,longo,136,dfs,292,6,limiar_10,0,0,0,134
30,9,4-26,longo,136,dfs,292,6,limiar_25,0,0,0,134
30,9,4-26,longo,136,dfs,292,6,limiar_50,0,0,0,134
30,9,4-26,longo,136,dfs,292,6,otimo,1,2,96,292
30,9,4-26,longo,136,bfs,218,5,guloso,1,1,28,218
30,9,4-26,longo,136,bfs,218,5,todo_centro,1,5,542,218
30,9,4-26,longo,136,bfs,218,5,limiar_10,0,0,0,135
30,9,4-26,longo,136,bfs,218,5,limiar_25,1,1,28,218
30,9,4-26,longo,136,bfs,218,5,limiar_50,1,1,28,218
30,9,4-26,longo,136,bfs,218,5,otimo,1,1,28,218
30,9,4-26,longo,136,dijkstra,182,6,guloso,1,1,34,182
30,9,4-26,longo,136,dijkstra,182,6,todo_centro,1,6,714,182
30,9,4-26,longo,136,dijkstra,182,6,limiar_10,0,0,0,135
30,9,4-26,longo,136,dijkstra,182,6,limiar_25,1,1,34,182
30,9,4-26,longo,136,dijkstra,182,6,limiar_50,1,1,64,182
30,9,4-26,longo,136,dijkstra,182,6,otimo,1,1,89,182
30,9,13-3,medio,69,bfs,170,6,guloso,1,2,22,170
30,9,13-3,medio,69,bfs,170,6,todo_centro,1,6,293,170
30,9,13-3,medio,69,bfs,170,6,limiar_10,0,0,0,66
30,9,13-3,medio,69,bfs,170,6,limiar_25,0,0,0,66
30,9,13-3,medio,69,bfs,170,6,limiar_50,1,2,37,170
30,9,13-3,medio,69,bfs,170,6,otimo,1,2,37,170
30,9,13-3,medio,69,dijkstra,138,7,guloso,1,2,45,138
30,9,13-3,medio,69,dijkstra,138,7,todo_centro,1,7,390,138
30,9,13-3,medio,69,dijkstra,138,7,limiar_10,0,0,0,67
30,9,13-3,medio,69,dijkstra,138,7,limiar_25,0,0,0,67
30,9,13-3,medio,69,dijkstra,138,7,limiar_50,1,2,50,138
30,9,13-3,medio,69,dijkstra,138,7,otimo,1,2,65,138
30,9,13-3,longo,104,dfs,394,10,guloso,1,5,173,394
30,9,13-3,longo,104,dfs,394,10,todo_centro,1,10,649,394
30,9,13-3,longo,104,dfs,394,10,limiar_10,0,0,0,96
30,9,13-3,longo,104,dfs,394,10,limiar_25,0,0,0,96
30,9,13-3,longo,104,dfs,394,10,limiar_50,0,0,0,96
30,9,13-3,longo,104,dfs,394,10,otimo,1,5,176,394
30,9,13-3,longo,104,bfs,170,6,guloso,1,1,3,170
30,9,13-3,longo,104,bfs,170,6,todo_centro,1,6,503,170
30,9,13-3,longo,104,bfs,170,6,limiar_10,1,1,3,170
30,9,13-3,longo,104,bfs,170,6,limiar_25,1,1,3,170
30,9,13-3,longo,104,bfs,170,6,limiar_50,1,1,3,170
30,9,13-3,longo,104,bfs,170,6,otimo,1,1,3,170
30,9,13-3,longo,104,dijkstra,138,7,guloso,1,1,11,138
30,9,13-3,longo,104,dijkstra,138,7,todo_centro,1,7,635,138
30,9,13-3,longo,104,dijkstra,138,7,limiar_10,0,0,0,93
30,9,13-3,longo,104,dijkstra,138,7,limiar_25,1,1,16,138
30,9,13-3,longo,104,dijkstra,138,7,limiar_50,1,1,31,138
30,9,13-3,longo,104,dijkstra,138,7,otimo,1,1,57,138
30,9,27-15,curto,77,dijkstra,256,14,guloso,1,3,42,256
30,9,27-15,curto,77,dijkstra,256,14,todo_centro,1,14,834,256
30,9,27-15,curto,77,dijkstra,256,14,limiar_10,0,1,4,146
30,9,27-15,curto,77,dijkstra,256,14,limiar_25,0,1,4,146
30,9,27-15,curto,77,dijkstra,256,14,limiar_50,1,4,73,256
30,9,27-15,curto,77,dijkstra,256,14,otimo,1,3,44,256
30,9,27-15,medio,128,dfs,452,13,guloso,1,4,142,452
30,9,27-15,medio,128,dfs,452,13,todo_centro,1,13,1224,452
30,9,27-15,medio,128,dfs,452,13,limiar_10,0,0,0,121
30,9,27-15,medio,128,dfs,452,13,limiar_25,0,0,0,121
30,9,27-15,medio,128,dfs,452,13,limiar_50,0,0,0,121
30,9,27-15,medio,128,dfs,452,13,otimo,1,4,157,452
30,9,27-15,medio,128,bfs,302,12,guloso,1,2,21,302
30,9,27-15,medio,128,bfs,302,12,todo_centro,1,12,1246,302
30,9,27-15,medio,128,bfs,302,12,limiar_10,1,2,23,302
30,9,27-15,medio,128,bfs,302,12,limiar_25,1,2,51,302
30,9,27-15,medio,128,bfs,302,12,limiar_50,1,3,103,302
30,9,27-15,medio,128,bfs,302,12,otimo,1,2,51,302
30,9,27-15,medio,128,dijkstra,256,14,guloso,1,2,12,256
30,9,27-15,medio,128,dijkstra,256,14,todo_centro,1,14,1548,256
30,9,27-15,medio,128,dijkstra,256,14,limiar_10,1,2,12,256
30,9,27-15,medio,128,dijkstra,256,14,limiar_25,1,2,21,256
30,9,27-15,medio,128,dijkstra,256,14,limiar_50,1,3,149,256
30,9,27-15,medio,128,dijkstra,256,14,otimo,1,2,97,256
30,9,27-15,longo,192,dfs,452,13,guloso,1,3,136,452
30,9,27-15,longo,192,dfs,452,13,todo_centro,1,13,2056,452
30,9,27-15,longo,192,dfs,452,13,limiar_10,0,0,0,192
30,9,27-15,longo,192,dfs,452,13,limiar_25,0,0,0,192
30,9,27-15,longo,192,dfs,452,13,limiar_50,1,3,221,452
30,9,27-15,longo,192,dfs,452,13,otimo,1,3,221,452
30,9,27-15,longo,192,bfs,302,12,guloso,1,1,71,302
30,9,27-15,longo,192,bfs,302,12,todo_centro,1,12,2014,302
30,9,27-15,longo,192,bfs,302,12,limiar_10,0,0,0,192
30,9,27-15,longo,192,bfs,302,12,limiar_25,0,0,0,192
30,9,27-15,longo,192,bfs,302,12,limiar_50,1,2,179,302
30,9,27-15,longo,192,bfs,302,12,otimo,1,1,76,302
30,9,27-15,longo,192,dijkstra,256,14,guloso,1,1,3,256
30,9,27-15,longo,192,dijkstra,256,14,todo_centro,1,14,2444,256
30,9,27-15,longo,192,dijkstra,256,14,limiar_10,1,1,18,256
30,9,27-15,longo,192,dijkstra,256,14,limiar_25,1,1,33,256
30,9,27-15,longo,192,dijkstra,256,14,limiar_50,1,2,149,256
30,9,27-15,longo,192,dijkstra,256,14,otimo,1,1,119,256
30,9,9-13,medio,38,dijkstra,76,5,guloso,1,2,29,76
30,9,9-13,medio,38,dijkstra,76,5,todo_centro,1,5,117,76
30,9,9-13,medio,38,dijkstra,76,5,limiar_10,0,0,0,32
30,9,9-13,medio,38,dijkstra,76,5,limiar_25,0,0,0,32
30,9,9-13,medio,38,dijkstra,76,5,limiar_50,0,0,0,32
30,9,9-13,medio,38,dijkstra,76,5,otimo,1,2,29,76
30,9,9-13,longo,57,bfs,104,4,guloso,1,1,10,104
30,9,9-13,longo,57,bfs,104,4,todo_centro,1,4,127,104
30,9,9-13,longo,57,bfs,104,4,limiar_10,0,0,0,47
30,9,9-13,longo,57,bfs,104,4,limiar_25,1,2,13,104
30,9,9-13,longo,57,bfs,104,4,limiar_50,1,2,13,104
30,9,9-13,longo,57,bfs,104,4,otimo,1,1,10,104
30,9,9-13,longo,57,dijkstra,76,5,guloso,1,1,6,76
30,9,9-13,longo,57,dijkstra,76,5,todo_centro,1,5,212,76
30,9,9-13,longo,57,dijkstra,76,5,limiar_10,0,0,0,55
30,9,9-13,longo,57,dijkstra,76,5,limiar_25,1,1,10,76
30,9,9-13,longo,57,dijkstra,76,5,limiar_50,1,1,10,76
30,9,9-13,longo,57,dijkstra,76,5,otimo,1,1,10,76
30,9,11-26,curto,110,dijkstra,365,20,guloso,1,3,32,365
30,9,11-26,curto,110,dijkstra,365,20,todo_centro,1,20,1847,365
30,9,11-26,curto,110,dijkstra,365,20,limiar_10,0,0,0,109
30,9,11-26,curto,110,dijkstra,365,20,limiar_25,0,2,46,277
30,9,11-26,curto,110,dijkstra,365,20,limiar_50,1,5,198,365
30,9,11-26,curto,110,dijkstra,365,20,otimo,1,3,35,365
30,9,11-26,medio,182,dfs,647,16,guloso,1,5,289,647
30,9,11-26,medio,182,dfs,647,16,todo_centro,1,16,2291,647
30,9,11-26,medio,182,dfs,647,16,limiar_10,0,0,0,177
30,9,11-26,medio,182,dfs,647,16,limiar_25,0,1,44,309
30,9,11-26,medio,182,dfs,647,16,limiar_50,0,3,191,533
30,9,11-26,medio,182,dfs,647,16,otimo,1,5,296,647
30,9,11-26,medio,182,bfs,487,13,guloso,1,3,90,487
30,9,11-26,medio,182,bfs,487,13,todo_centro,1,13,1910,487
30,9,11-26,medio,182,bfs,487,13,limiar_10,0,0,0,179
30,9,11-26,medio,182,bfs,487,13,limiar_25,0,0,0,179
30,9,11-26,medio,182,bfs,487,13,limiar_50,0,2,159,383
30,9,11-26,medio,182,bfs,487,13,otimo,1,3,90,487
30,9,11-26,medio,182,dijkstra,365,20,guloso,1,2,11,365
30,9,11-26,medio,182,dijkstra,365,20,todo_centro,1,20,3287,365
30,9,11-26,medio,182,dijkstra,365,20,limiar_10,1,2,12,365
30,9,11-26,medio,182,dijkstra,365,20,limiar_25,1,2,66,365
30,9,11-26,medio,182,dijkstra,365,20,limiar_50,1,3,251,365
30,9,11-26,medio,182,dijkstra,365,20,otimo,1,2,177,365
30,9,11-26,longo,274,dfs,647,16,guloso,1,2,108,647
30,9,11-26,longo,274,dfs,647,16,todo_centro,1,16,3763,647
30,9,11-26,longo,274,dfs,647,16,limiar_10,0,1,23,525
30,9,11-26,longo,274,dfs,647,16,limiar_25,1,2,108,647
30,9,11-26,longo,274,dfs,647,16,limiar_50,1,3,208,647
30,9,11-26,longo,274,dfs,647,16,otimo,1,2,165,647
30,9,11-26,longo,274,bfs,487,13,guloso,1,1,39,487
30,9,11-26,longo,274,bfs,487,13,todo_centro,1,13,3106,487
30,9,11-26,longo,274,bfs,487,13,limiar_10,0,0,0,271
30,9,11-26,longo,274,bfs,487,13,limiar_25,1,2,92,487
30,9,11-26,longo,274,bfs,487,13,limiar_50,1,2,92,487
30,9,11-26,longo,274,bfs,487,13,otimo,1,1,54,487
30,9,11-26,longo,274,dijkstra,365,20,guloso,1,1,30,365
30,9,11-26,longo,274,dijkstra,365,20,todo_centro,1,20,5127,365
30,9,11-26,longo,274,dijkstra,365,20,limiar_10,0,0,0,268
30,9,11-26,longo,274,dijkstra,365,20,limiar_25,1,1,39,365
30,9,11-26,longo,274,dijkstra,365,20,limiar_50,1,2,250,365
30,9,11-26,longo,274,dijkstra,365,20,otimo,1,1,182,365
30,9,22-2,curto,52,dijkstra,174,9,guloso,1,3,32,174
30,9,22-2,curto,52,dijkstra,174,9,todo_centro,1,9,309,174
30,9,22-2,curto,52,dijkstra,174,9,limiar_10,0,1,5,93
30,9,22-2,curto,52,dijkstra,174,9,limiar_25,0,2,16,133
30,9,22-2,curto,52,dijkstra,174,9,limiar_50,1,4,49,174
30,9,22-2,curto,52,dijkstra,174,9,otimo,1,3,32,174
30,9,22-2,medio,87,bfs,220,7,guloso,1,3,56,220
30,9,22-2,medio,87,bfs,220,7,todo_centro,1,7,404,220
30,9,22-2,medio,87,bfs,220,7,limiar_10,0,0,0,83
30,9,22-2,medio,87,bfs,220,7,limiar_25,0,0,0,83
30,9,22-2,medio,87,bfs,220,7,limiar_50,0,2,73,179
30,9,22-2,medio,87,bfs,220,7,otimo,1,3,56,220
30,9,22-2,medio,87,dijkstra,174,9,guloso,1,2,15,174
30,9,22-2,medio,87,dijkstra,174,9,todo_centro,1,9,624,174
30,9,22-2,medio,87,dijkstra,174,9,limiar_10,0,0,0,87
30,9,22-2,medio,87,dijkstra,174,9,limiar_25,1,2,15,174
30,9,22-2,medio,87,dijkstra,174,9,limiar_50,1,3,102,174
30,9,22-2,medio,87,dijkstra,174,9,otimo,1,2,86,174
30,9,22-2,longo,130,dfs,370,8,guloso,1,3,139,370
30,9,22-2,longo,130,dfs,370,8,todo_centro,1,8,685,370
30,9,22-2,longo,130,dfs,370,8,limiar_10,0,0,0,121
30,9,22-2,longo,130,dfs,370,8,limiar_25,0,0,0,121
30,9,22-2,longo,130,dfs,370,8,limiar_50,0,0,0,121
30,9,22-2,longo,130,dfs,370,8,otimo,1,3,144,370
30,9,22-2,longo,130,bfs,220,7,guloso,1,1,9,220
30,9,22-2,longo,130,bfs,220,7,todo_centro,1,7,705,220
30,9,22-2,longo,130,bfs,220,7,limiar_10,1,1,9,220
30,9,22-2,longo,130,bfs,220,7,limiar_25,1,2,55,220
30,9,22-2,longo,130,bfs,220,7,limiar_50,1,2,55,220
30,9,22-2,longo,130,bfs,220,7,otimo,1,1,29,220
30,9,22-2,longo,130,dijkstra,174,9,guloso,1,1,6,174
30,9,22-2,longo,130,dijkstra,174,9,todo_centro,1,9,1011,174
30,9,22-2,longo,130,dijkstra,174,9,limiar_10,1,1,6,174
30,9,22-2,longo,130,dijkstra,174,9,limiar_25,1,1,6,174
30,9,22-2,longo,130,dijkstra,174,9,limiar_50,1,2,101,174
30,9,22-2,longo,130,dijkstra,174,9,otimo,1,1,83,174
30,9,28-2,curto,59,dijkstra,196,12,guloso,1,4,62,196
30,9,28-2,curto,59,dijkstra,196,12,todo_centro,1,12,519,196
30,9,28-2,curto,59,dijkstra,196,12,limiar_10,0,0,0,58
30,9,28-2,curto,59,dijkstra,196,12,limiar_25,0,2,26,146
30,9,28-2,curto,59,dijkstra,196,12,limiar_50,1,5,106,196
30,9,28-2,curto,59,dijkstra,196,12,otimo,1,4,77,196
30,9,28-2,medio,98,bfs,242,10,guloso,1,3,89,242
30,9,28-2,medio,98,bfs,242,10,todo_centro,1,10,745,242
30,9,28-2,medio,98,bfs,242,10,limiar_10,0,0,0,98
30,9,28-2,medio,98,bfs,242,10,limiar_25,0,0,0,98
30,9,28-2,medio,98,bfs,242,10,limiar_50,0,0,0,98
30,9,28-2,medio,98,bfs,242,10,otimo,1,3,89,242
30,9,28-2,medio,98,dijkstra,196,12,guloso,1,2,7,196
30,9,28-2,medio,98,dijkstra,196,12,todo_centro,1,12,987,196
30,9,28-2,medio,98,dijkstra,196,12,limiar_10,1,2,9,196
30,9,28-2,medio,98,dijkstra,196,12,limiar_25,1,2,22,196
30,9,28-2,medio,98,dijkstra,196,12,limiar_50,1,3,120,196
30,9,28-2,medio,98,dijkstra,196,12,otimo,1,2,72,196
30,9,28-2,longo,147,dfs,392,11,guloso,1,2,43,392
30,9,28-2,longo,147,dfs,392,11,todo_centro,1,11,1232,392
30,9,28-2,longo,147,dfs,392,11,limiar_10,0,1,9,284
30,9,28-2,longo,147,dfs,392,11,limiar_25,1,3,71,392
30,9,28-2,longo,147,dfs,392,11,limiar_50,1,3,86,392
30,9,28-2,longo,147,dfs,392,11,otimo,1,2,48,392
30,9,28-2,longo,147,bfs,242,10,guloso,1,1,26,242
30,9,28-2,longo,147,bfs,242,10,todo_centro,1,10,1235,242
30,9,28-2,longo,147,bfs,242,10,limiar_10,0,0,0,139
30,9,28-2,longo,147,bfs,242,10,limiar_25,1,2,61,242
30,9,28-2,longo,147,bfs,242,10,limiar_50,1,2,89,242
30,9,28-2,longo,147,bfs,242,10,otimo,1,1,46,242
30,9,28-2,longo,147,dijkstra,196,12,guloso,1,1,23,196
30,9,28-2,longo,147,dijkstra,196,12,todo_centro,1,12,1575,196
30,9,28-2,longo,147,dijkstra,196,12,limiar_10,0,0,0,146
30,9,28-2,longo,147,dijkstra,196,12,limiar_25,1,1,23,196
30,9,28-2,longo,147,dijkstra,196,12,limiar_50,1,2,120,196
30,9,28-2,longo,147,dijkstra,196,12,otimo,1,1,96,196
30,9,11-21,curto,112,dijkstra,374,20,guloso,1,3,38,374
30,9,11-21,curto,112,dijkstra,374,20,todo_centro,1,20,1881,374
30,9,11-21,curto,112,dijkstra,374,20,limiar_10,0,0,0,109
30,9,11-21,curto,112,dijkstra,374,20,limiar_25,0,2,50,277
30,9,11-21,curto,112,dijkstra,374,20,limiar_50,1,5,204,374
30,9,11-21,curto,112,dijkstra,374,20,otimo,1,3,41,374
30,9,11-21,medio,187,dfs,632,15,guloso,1,4,131,632
30,9,11-21,medio,187,dfs,632,15,todo_centro,1,15,2188,632
30,9,11-21,medio,187,dfs,632,15,limiar_10,0,0,0,177
30,9,11-21,medio,187,dfs,632,15,limiar_25,0,0,0,177
30,9,11-21,medio,187,dfs,632,15,limiar_50,0,3,206,533
30,9,11-21,medio,187,dfs,632,15,otimo,1,4,134,632
30,9,11-21,medio,187,bfs,464,15,guloso,1,2,84,464
30,9,11-21,medio,187,bfs,464,15,todo_centro,1,15,2356,464
30,9,11-21,medio,187,bfs,464,15,limiar_10,0,0,0,179
30,9,11-21,medio,187,bfs,464,15,limiar_25,0,0,0,179
30,9,11-21,medio,187,bfs,464,15,limiar_50,0,2,169,383
30,9,11-21,medio,187,bfs,464,15,otimo,1,2,93,464
30,9,11-21,medio,187,dijkstra,374,20,guloso,1,1,0,374
30,9,11-21,medio,187,dijkstra,374,20,todo_centro,1,20,3381,374
30,9,11-21,medio,187,dijkstra,374,20,limiar_10,1,2,24,374
30,9,11-21,medio,187,dijkstra,374,20,limiar_25,1,2,72,374
30,9,11-21,medio,187,dijkstra,374,20,limiar_50,1,3,211,374
30,9,11-21,medio,187,dijkstra,374,20,otimo,1,1,0,374
30,9,11-21,longo,280,dfs,632,15,guloso,1,2,120,632
30,9,11-21,longo,280,dfs,632,15,todo_centro,1,15,3583,632
30,9,11-21,longo,280,dfs,632,15,limiar_10,0,0,0,269
30,9,11-21,longo,280,dfs,632,15,limiar_25,0,1,49,506
30,9,11-21,longo,280,dfs,632,15,limiar_50,1,3,226,632
30,9,11-21,longo,280,dfs,632,15,otimo,1,2,205,632
30,9,11-21,longo,280,bfs,464,15,guloso,1,1,45,464
30,9,11-21,longo,280,bfs,464,15,todo_centro,1,15,3751,464
30,9,11-21,longo,280,bfs,464,15,limiar_10,0,0,0,280
30,9,11-21,longo,280,bfs,464,15,limiar_25,1,2,120,464
30,9,11-21,longo,280,bfs,464,15,limiar_50,1,2,120,464
30,9,11-21,longo,280,bfs,464,15,otimo,1,1,75,464
30,9,11-21,longo,280,dijkstra,374,20,guloso,1,1,36,374
30,9,11-21,longo,280,dijkstra,374,20,todo_centro,1,20,5241,374
30,9,11-21,longo,280,dijkstra,374,20,limiar_10,0,0,0,277
30,9,11-21,longo,280,dijkstra,374,20,limiar_25,1,1,45,374
30,9,11-21,longo,280,dijkstra,374,20,limiar_50,1,2,258,374
30,9,11-21,longo,280,dijkstra,374,20,otimo,1,1,156,374
30,9,9-7,medio,53,dijkstra,106,7,guloso,1,2,13,106
30,9,9-7,medio,53,dijkstra,106,7,todo_centro,1,7,278,106
30,9,9-7,medio,53,dijkstra,106,7,limiar_10,0,1,2,93
30,9,9-7,medio,53,dijkstra,106,7,limiar_25,1,2,18,106
30,9,9-7,medio,53,dijkstra,106,7,limiar_50,1,2,18,106
30,9,9-7,medio,53,dijkstra,106,7,otimo,1,2,33,106
30,9,9-7,longo,80,bfs,134,6,guloso,1,2,39,134
30,9,9-7,longo,80,bfs,134,6,todo_centro,1,6,359,134
30,9,9-7,longo,80,bfs,134,6,limiar_10,0,0,0,80
30,9,9-7,longo,80,bfs,134,6,limiar_25,0,0,0,80
30,9,9-7,longo,80,bfs,134,6,limiar_50,1,2,59,134
30,9,9-7,longo,80,bfs,134,6,otimo,1,2,59,134
30,9,9-7,longo,80,dijkstra,106,7,guloso,1,1,7,106
30,9,9-7,longo,80,dijkstra,106,7,todo_centro,1,7,467,106
30,9,9-7,longo,80,dijkstra,106,7,limiar_10,1,1,7,106
30,9,9-7,longo,80,dijkstra,106,7,limiar_25,1,1,7,106
30,9,9-7,longo,80,dijkstra,106,7,limiar_50,1,2,72,106
30,9,9-7,longo,80,dijkstra,106,7,otimo,1,1,33,106
30,10,22-0,medio,54,dijkstra,108,4,guloso,1,2,36,108
30,10,22-0,medio,54,dijkstra,108,4,todo_centro,1,4,144,108
30,10,22-0,medio,54,dijkstra,108,4,limiar_10,0,0,0,54
30,10,22-0,medio,54,dijkstra,108,4,limiar_25,0,1,11,92
30,10,22-0,medio,54,dijkstra,108,4,limiar_50,1,2,36,108
30,10,22-0,medio,54,dijkstra,108,4,otimo,1,2,36,108
30,10,22-0,longo,81,bfs,132,3,guloso,1,1,24,132
30,10,22-0,longo,81,bfs,132,3,todo_centro,1,3,115,132
30,10,22-0,longo,81,bfs,132,3,limiar_10,0,0,0,80
30,10,22-0,longo,81,bfs,132,3,limiar_25,0,0,0,80
30,10,22-0,longo,81,bfs,132,3,limiar_50,1,2,34,132
30,10,22-0,longo,81,bfs,132,3,otimo,1,1,24,132
30,10,22-0,longo,81,dijkstra,108,4,guloso,1,1,9,108
30,10,22-0,longo,81,dijkstra,108,4,todo_centro,1,4,252,108
30,10,22-0,longo,81,dijkstra,108,4,limiar_10,0,0,0,74
30,10,22-0,longo,81,dijkstra,108,4,limiar_25,1,1,9,108
30,10,22-0,longo,81,dijkstra,108,4,limiar_50,1,1,38,108
30,10,22-0,longo,81,dijkstra,108,4,otimo,1,1,45,108
30,10,17-6,longo,52,dijkstra,69,3,guloso,1,1,9,69
30,10,17-6,longo,52,dijkstra,69,3,todo_centro,1,3,113,69
30,10,17-6,longo,52,dijkstra,69,3,limiar_10,0,0,0,52
30,10,17-6,longo,52,dijkstra,69,3,limiar_25,1,1,9,69
30,10,17-6,longo,52,dijkstra,69,3,limiar_50,1,1,16,69
30,10,17-6,longo,52,dijkstra,69,3,otimo,1,1,16,69
30,10,22-12,curto,38,dijkstra,126,5,guloso,1,3,15,126
30,10,22-12,curto,38,dijkstra,126,5,todo_centro,1,5,91,126
30,10,22-12,curto,38,dijkstra,126,5,limiar_10,0,2,2,111
30,10,22-12,curto,38,dijkstra,126,5,limiar_25,0,2,2,111
30,10,22-12,curto,38,dijkstra,126,5,limiar_50,1,3,15,126
30,10,22-12,curto,38,dijkstra,126,5,otimo,1,3,15,126
30,10,22-12,medio,63,bfs,140,3,guloso,1,2,13,140
30,10,22-12,medio,63,bfs,140,3,todo_centro,1,3,76,140
30,10,22-12,medio,63,bfs,140,3,limiar_10,0,1,6,114
30,10,22-12,medio,63,bfs,140,3,limiar_25,1,2,13,140
30,10,22-12,medio,63,bfs,140,3,limiar_50,1,2,13,140
30,10,22-12,medio,63,bfs,140,3,otimo,1,2,38,140
30,10,22-12,medio,63,dijkstra,126,5,guloso,1,2,27,126
30,10,22-12,medio,63,dijkstra,126,5,todo_centro,1,5,216,126
30,10,22-12,medio,63,dijkstra,126,5,limiar_10,0,0,0,63
30,10,22-12,medio,63,dijkstra,126,5,limiar_25,0,0,0,63
30,10,22-12,medio,63,dijkstra,126,5,limiar_50,1,2,52,126
30,10,22-12,medio,63,dijkstra,126,5,otimo,1,2,52,126
30,10,22-12,longo,94,bfs,140,3,guloso,1,1,6,140
30,10,22-12,longo,94,bfs,140,3,todo_centro,1,3,169,140
30,10,22-12,longo,94,bfs,140,3,limiar_10,1,1,6,140
30,10,22-12,longo,94,bfs,140,3,limiar_25,1,1,6,140
30,10,22-12,longo,94,bfs,140,3,limiar_50,1,2,75,140
30,10,22-12,longo,94,bfs,140,3,otimo,1,1,37,140
30,10,22-12,longo,94,dijkstra,126,5,guloso,1,1,20,126
30,10,22-12,longo,94,dijkstra,126,5,todo_centro,1,5,371,126
30,10,22-12,longo,94,dijkstra,126,5,limiar_10,0,0,0,94
30,10,22-12,longo,94,dijkstra,126,5,limiar_25,1,1,20,126
30,10,22-12,longo,94,dijkstra,126,5,limiar_50,1,1,20,126
30,10,22-12,longo,94,dijkstra,126,5,otimo,1,1,58,126
30,10,7-26,medio,60,dijkstra,119,3,guloso,1,2,50,119
30,10,7-26,medio,60,dijkstra,119,3,todo_centro,1,3,110,119
30,10,7-26,medio,60,dijkstra,119,3,limiar_10,0,0,0,59
30,10,7-26,medio,60,dijkstra,119,3,limiar_25,0,1,13,105
30,10,7-26,medio,60,dijkstra,119,3,limiar_50,0,1,13,105
30,10,7-26,medio,60,dijkstra,119,3,otimo,1,2,54,119
30,10,7-26,longo,89,dfs,181,4,guloso,1,2,65,181
30,10,7-26,longo,89,dfs,181,4,todo_centro,1,4,243,181
30,10,7-26,longo,89,dfs,181,4,limiar_10,0,0,0,87
30,10,7-26,longo,89,dfs,181,4,limiar_25,0,1,11,167
30,10,7-26,longo,89,dfs,181,4,limiar_50,1,2,65,181
30,10,7-26,longo,89,dfs,181,4,otimo,1,2,65,181
30,10,7-26,longo,89,bfs,159,3,guloso,1,1,11,159
30,10,7-26,longo,89,bfs,159,3,todo_centro,1,3,189,159
30,10,7-26,longo,89,bfs,159,3,limiar_10,0,0,0,87
30,10,7-26,longo,89,bfs,159,3,limiar_25,1,1,11,159
30,10,7-26,longo,89,bfs,159,3,limiar_50,0,1,34,144
30,10,7-26,longo,89,bfs,159,3,otimo,1,1,11,159
30,10,7-26,longo,89,dijkstra,119,3,guloso,1,1,19,119
30,10,7-26,longo,89,dijkstra,119,3,todo_centro,1,3,197,119
30,10,7-26,longo,89,dijkstra,119,3,limiar_10,0,0,0,87
30,10,7-26,longo,89,dijkstra,119,3,limiar_25,1,1,19,119
30,10,7-26,longo,89,dijkstra,119,3,limiar_50,1,1,42,119
30,10,7-26,longo,89,dijkstra,119,3,otimo,1,1,42,119
30,10,20-20,medio,72,dijkstra,144,4,guloso,1,2,15,144
30,10,20-20,medio,72,dijkstra,144,4,todo_centro,1,4,159,144
30,10,20-20,medio,72,dijkstra,144,4,limiar_10,0,1,6,134
30,10,20-20,medio,72,dijkstra,144,4,limiar_25,1,2,15,144
30,10,20-20,medio,72,dijkstra,144,4,limiar_50,0,1,25,117
30,10,20-20,medio,72,dijkstra,144,4,otimo,1,2,15,144
30,10,20-20,longo,108,dijkstra,144,4,guloso,1,1,38,144
30,10,20-20,longo,108,dijkstra,144,4,todo_centro,1,4,303,144
30,10,20-20,longo,108,dijkstra,144,4,limiar_10,0,0,0,106
30,10,20-20,longo,108,dijkstra,144,4,limiar_25,0,0,0,106
30,10,20-20,longo,108,dijkstra,144,4,limiar_50,1,2,87,144
30,10,20-20,longo,108,dijkstra,144,4,otimo,1,1,61,144
30,10,17-12,medio,48,bfs,145,5,guloso,1,3,39,145
30,10,17-12,medio,48,bfs,145,5,todo_centro,1,5,135,145
30,10,17-12,medio,48,bfs,145,5,limiar_10,0,0,0,48
30,10,17-12,medio,48,bfs,145,5,limiar_25,0,2,18,118
30,10,17-12,medio,48,bfs,145,5,limiar_50,1,3,40,145
30,10,17-12,medio,48,bfs,145,5,otimo,1,3,40,145
30,10,17-12,medio,48,dijkstra,95,6,guloso,1,2,28,95
30,10,17-12,medio,48,dijkstra,95,6,todo_centro,1,6,220,95
30,10,17-12,medio,48,dijkstra,95,6,limiar_10,0,0,0,43
30,10,17-12,medio,48,dijkstra,95,6,limiar_25,0,1,12,84
30,10,17-12,medio,48,dijkstra,95,6,limiar_50,1,2,30,95
30,10,17-12,medio,48,dijkstra,95,6,otimo,1,2,30,95
30,10,17-12,longo,71,bfs,145,5,guloso,1,2,37,145
30,10,17-12,longo,71,bfs,145,5,todo_centro,1,5,250,145
30,10,17-12,longo,71,bfs,145,5,limiar_10,0,0,0,65
30,10,17-12,longo,71,bfs,145,5,limiar_25,0,1,16,118
30,10,17-12,longo,71,bfs,145,5,limiar_50,1,2,64,145
30,10,17-12,longo,71,bfs,145,5,otimo,1,2,64,145
30,10,17-12,longo,71,dijkstra,95,6,guloso,1,1,3,95
30,10,17-12,longo,71,dijkstra,95,6,todo_centro,1,6,358,95
30,10,17-12,longo,71,dijkstra,95,6,limiar_10,1,1,5,95
30,10,17-12,longo,71,dijkstra,95,6,limiar_25,1,1,5,95
30,10,17-12,longo,71,dijkstra,95,6,limiar_50,1,1,35,95
30,10,17-12,longo,71,dijkstra,95,6,otimo,1,1,35,95
30,10,18-7,longo,50,dijkstra,67,3,guloso,1,1,7,67
30,10,18-7,longo,50,dijkstra,67,3,todo_centro,1,3,107,67
30,10,18-7,longo,50,dijkstra,67,3,limiar_10,0,0,0,43
30,10,18-7,longo,50,dijkstra,67,3,limiar_25,1,1,7,67
30,10,18-7,longo,50,dijkstra,67,3,limiar_50,1,1,14,67
30,10,18-7,longo,50,dijkstra,67,3,otimo,1,1,14,67
30,10,25-6,medio,44,dijkstra,89,4,guloso,1,2,14,89
30,10,25-6,medio,44,dijkstra,89,4,todo_centro,1,4,102,89
30,10,25-6,medio,44,dijkstra,89,4,limiar_10,0,1,1,87
30,10,25-6,medio,44,dijkstra,89,4,limiar_25,1,2,14,89
30,10,25-6,medio,44,dijkstra,89,4,limiar_50,1,2,14,89
30,10,25-6,medio,44,dijkstra,89,4,otimo,1,2,14,89
30,10,25-6,longo,67,bfs,103,2,guloso,1,1,10,103
30,10,25-6,longo,67,bfs,103,2,todo_centro,1,2,46,103
30,10,25-6,longo,67,bfs,103,2,limiar_10,0,0,0,67
30,10,25-6,longo,67,bfs,103,2,limiar_25,1,1,10,103
30,10,25-6,longo,67,bfs,103,2,limiar_50,1,1,10,103
30,10,25-6,longo,67,bfs,103,2,otimo,1,1,10,103
30,10,25-6,longo,67,dijkstra,89,4,guloso,1,1,24,89
30,10,25-6,longo,67,dijkstra,89,4,todo_centro,1,4,194,89
30,10,25-6,longo,67,dijkstra,89,4,limiar_10,0,0,0,67
30,10,25-6,longo,67,dijkstra,89,4,limiar_25,0,0,0,67
30,10,25-6,longo,67,dijkstra,89,4,limiar_50,1,2,60,89
30,10,25-6,longo,67,dijkstra,89,4,otimo,1,1,31,89
30,10,25-3,medio,52,dijkstra,104,6,guloso,1,2,14,104
30,10,25-3,medio,52,dijkstra,104,6,todo_centro,1,6,210,104
30,10,25-3,medio,52,dijkstra,104,6,limiar_10,0,0,0,52
30,10,25-3,medio,52,dijkstra,104,6,limiar_25,1,2,14,104
30,10,25-3,medio,52,dijkstra,104,6,limiar_50,1,3,54,104
30,10,25-3,medio,52,dijkstra,104,6,otimo,1,2,30,104
30,10,25-3,longo,78,bfs,120,3,guloso,1,1,21,120
30,10,25-3,longo,78,bfs,120,3,todo_centro,1,3,116,120
30,10,25-3,longo,78,bfs,120,3,limiar_10,0,0,0,77
30,10,25-3,longo,78,bfs,120,3,limiar_25,0,0,0,77
30,10,25-3,longo,78,bfs,120,3,limiar_50,1,2,56,120
30,10,25-3,longo,78,bfs,120,3,otimo,1,1,21,120
30,10,25-3,longo,78,dijkstra,104,6,guloso,1,1,4,104
30,10,25-3,longo,78,dijkstra,104,6,todo_centro,1,6,366,104
30,10,25-3,longo,78,dijkstra,104,6,limiar_10,1,1,4,104
30,10,25-3,longo,78,dijkstra,104,6,limiar_25,1,1,4,104
30,10,25-3,longo,78,dijkstra,104,6,limiar_50,1,2,66,104
30,10,25-3,longo,78,dijkstra,104,6,otimo,1,1,42,104
30,10,25-29,curto,53,dijkstra,178,11,guloso,1,4,52,178
30,10,25-29,curto,53,dijkstra,178,11,todo_centro,1,11,423,178
30,10,25-29,curto,53,dijkstra,178,11,limiar_10,0,0,0,53
30,10,25-29,curto,53,dijkstra,178,11,limiar_25,0,1,10,96
30,10,25-29,curto,53,dijkstra,178,11,limiar_50,1,4,77,178
30,10,25-29,curto,53,dijkstra,178,11,otimo,1,4,77,178
30,10,25-29,medio,89,dijkstra,178,11,guloso,1,2,18,178
30,10,25-29,medio,89,dijkstra,178,11,todo_centro,1,11,819,178
30,10,25-29,medio,89,dijkstra,178,11,limiar_10,0,0,0,88
30,10,25-29,medio,89,dijkstra,178,11,limiar_25,1,2,21,178
30,10,25-29,medio,89,dijkstra,178,11,limiar_50,1,2,56,178
30,10,25-29,medio,89,dijkstra,178,11,otimo,1,2,79,178
30,10,25-29,longo,134,dijkstra,178,11,guloso,1,1,12,178
30,10,25-29,longo,134,dijkstra,178,11,todo_centro,1,11,1314,178
30,10,25-29,longo,134,dijkstra,178,11,limiar_10,1,1,12,178
30,10,25-29,longo,134,dijkstra,178,11,limiar_25,1,1,32,178
30,10,25-29,longo,134,dijkstra,178,11,limiar_50,1,2,111,178
30,10,25-29,longo,134,dijkstra,178,11,otimo,1,1,60,178
30,11,15-10,medio,60,dijkstra,121,5,guloso,1,2,2,121
30,11,15-10,medio,60,dijkstra,121,5,todo_centro,1,5,182,121
30,11,15-10,medio,60,dijkstra,121,5,limiar_10,1,2,2,121
30,11,15-10,medio,60,dijkstra,121,5,limiar_25,1,2,2,121
30,11,15-10,medio,60,dijkstra,121,5,limiar_50,1,2,2,121
30,11,15-10,medio,60,dijkstra,121,5,otimo,1,2,2,121
30,11,15-10,longo,91,dijkstra,121,5,guloso,1,1,31,121
30,11,15-10,longo,91,dijkstra,121,5,todo_centro,1,5,337,121
30,11,15-10,longo,91,dijkstra,121,5,limiar_10,0,0,0,90
30,11,15-10,longo,91,dijkstra,121,5,limiar_25,0,0,0,90
30,11,15-10,longo,91,dijkstra,121,5,limiar_50,1,2,64,121
30,11,15-10,longo,91,dijkstra,121,5,otimo,1,1,31,121
30,11,22-20,medio,93,bfs,242,9,guloso,1,3,73,242
30,11,22-20,medio,93,bfs,242,9,todo_centro,1,9,605,242
30,11,22-20,medio,93,bfs,242,9,limiar_10,0,0,0,90
30,11,22-20,medio,93,bfs,242,9,limiar_25,0,0,0,90
30,11,22-20,medio,93,bfs,242,9,limiar_50,1,3,73,242
30,11,22-20,medio,93,bfs,242,9,otimo,1,3,114,242
30,11,22-20,medio,93,dijkstra,186,10,guloso,1,2,35,186
30,11,22-20,medio,93,dijkstra,186,10,todo_centro,1,10,754,186
30,11,22-20,medio,93,dijkstra,186,10,limiar_10,0,0,0,90
30,11,22-20,medio,93,dijkstra,186,10,limiar_25,0,0,0,90
30,11,22-20,medio,93,dijkstra,186,10,limiar_50,1,3,104,186
30,11,22-20,medio,93,dijkstra,186,10,otimo,1,2,68,186
30,11,22-20,longo,140,dfs,498,14,guloso,1,4,65,498
30,11,22-20,longo,140,dfs,498,14,todo_centro,1,14,1465,498
30,11,22-20,longo,140,dfs,498,14,limiar_10,0,1,5,275
30,11,22-20,longo,140,dfs,498,14,limiar_25,0,1,5,275
30,11,22-20,longo,140,dfs,498,14,limiar_50,1,5,231,498
30,11,22-20,longo,140,dfs,498,14,otimo,1,4,91,498
30,11,22-20,longo,140,bfs,242,9,guloso,1,1,15,242
30,11,22-20,longo,140,bfs,242,9,todo_centro,1,9,1028,242
30,11,22-20,longo,140,bfs,242,9,limiar_10,0,0,0,136
30,11,22-20,longo,140,bfs,242,9,limiar_25,1,2,49,242
30,11,22-20,longo,140,bfs,242,9,limiar_50,1,2,74,242
30,11,22-20,longo,140,bfs,242,9,otimo,1,1,15,242
30,11,22-20,longo,140,dijkstra,186,10,guloso,1,1,0,186
30,11,22-20,longo,140,dijkstra,186,10,todo_centro,1,10,1224,186
30,11,22-20,longo,140,dijkstra,186,10,limiar_10,1,1,0,186
30,11,22-20,longo,140,dijkstra,186,10,limiar_25,1,1,22,186
30,11,22-20,longo,140,dijkstra,186,10,limiar_50,1,1,22,186
30,11,22-20,longo,140,dijkstra,186,10,otimo,1,1,80,186
30,11,19-23,medio,88,bfs,232,7,guloso,1,3,58,232
30,11,19-23,medio,88,bfs,232,7,todo_centro,1,7,410,232
30,11,19-23,medio,88,bfs,232,7,limiar_10,0,0,0,75
30,11,19-23,medio,88,bfs,232,7,limiar_25,0,0,0,75
30,11,19-23,medio,88,bfs,232,7,limiar_50,1,3,58,232
30,11,19-23,medio,88,bfs,232,7,otimo,1,3,99,232
30,11,19-23,medio,88,dijkstra,176,8,guloso,1,2,31,176
30,11,19-23,medio,88,dijkstra,176,8,todo_centro,1,8,553,176
30,11,19-23,medio,88,dijkstra,176,8,limiar_10,0,0,0,87
30,11,19-23,medio,88,dijkstra,176,8,limiar_25,0,0,0,87
30,11,19-23,medio,88,dijkstra,176,8,limiar_50,1,2,58,176
30,11,19-23,medio,88,dijkstra,176,8,otimo,1,2,58,176
30,11,19-23,longo,132,dfs,472,11,guloso,1,4,172,472
30,11,19-23,longo,132,dfs,472,11,todo_centro,1,11,983,472
30,11,19-23,longo,132,dfs,472,11,limiar_10,0,0,0,132
30,11,19-23,longo,132,dfs,472,11,limiar_25,0,0,0,132
30,11,19-23,longo,132,dfs,472,11,limiar_50,0,4,197,463
30,11,19-23,longo,132,dfs,472,11,otimo,1,4,172,472
30,11,19-23,longo,132,bfs,232,7,guloso,1,1,7,232
30,11,19-23,longo,132,bfs,232,7,todo_centro,1,7,718,232
30,11,19-23,longo,132,bfs,232,7,limiar_10,1,1,7,232
30,11,19-23,longo,132,bfs,232,7,limiar_25,1,1,7,232
30,11,19-23,longo,132,bfs,232,7,limiar_50,1,2,58,232
30,11,19-23,longo,132,bfs,232,7,otimo,1,1,7,232
30,11,19-23,longo,132,dijkstra,176,8,guloso,1,1,14,176
30,11,19-23,longo,132,dijkstra,176,8,todo_centro,1,8,905,176
30,11,19-23,longo,132,dijkstra,176,8,limiar_10,0,0,0,122
30,11,19-23,longo,132,dijkstra,176,8,limiar_25,1,1,14,176
30,11,19-23,longo,132,dijkstra,176,8,limiar_50,1,1,14,176
30,11,19-23,longo,132,dijkstra,176,8,otimo,1,1,72,176
30,11,27-17,curto,61,dijkstra,204,11,guloso,1,3,7,204
30,11,27-17,curto,61,dijkstra,204,11,todo_centro,1,11,471,204
30,11,27-17,curto,61,dijkstra,204,11,limiar_10,1,3,8,204
30,11,27-17,curto,61,dijkstra,204,11,limiar_25,1,3,8,204
30,11,27-17,curto,61,dijkstra,204,11,limiar_50,1,4,44,204
30,11,27-17,curto,61,dijkstra,204,11,otimo,1,3,38,204
30,11,27-17,medio,102,bfs,272,8,guloso,1,3,100,272
30,11,27-17,medio,102,bfs,272,8,todo_centro,1,8,548,272
30,11,27-17,medio,102,bfs,272,8,limiar_10,0,0,0,90
30,11,27-17,medio,102,bfs,272,8,limiar_25,0,0,0,90
30,11,27-17,medio,102,bfs,272,8,limiar_50,1,4,140,272
30,11,27-17,medio,102,bfs,272,8,otimo,1,3,100,272
30,11,27-17,medio,102,dijkstra,204,11,guloso,1,2,53,204
30,11,27-17,medio,102,dijkstra,204,11,todo_centro,1,11,922,204
30,11,27-17,medio,102,dijkstra,204,11,limiar_10,0,0,0,102
30,11,27-17,medio,102,dijkstra,204,11,limiar_25,0,0,0,102
30,11,27-17,medio,102,dijkstra,204,11,limiar_50,1,3,131,204
30,11,27-17,medio,102,dijkstra,204,11,otimo,1,2,86,204
30,11,27-17,longo,153,dfs,516,15,guloso,1,4,117,516
30,11,27-17,longo,153,dfs,516,15,todo_centro,1,15,1783,516
30,11,27-17,longo,153,dfs,516,15,limiar_10,0,0,0,146
30,11,27-17,longo,153,dfs,516,15,limiar_25,0,2,21,431
30,11,27-17,longo,153,dfs,516,15,limiar_50,1,4,143,516
30,11,27-17,longo,153,dfs,516,15,otimo,1,4,143,516
30,11,27-17,longo,153,bfs,272,8,guloso,1,1,28,272
30,11,27-17,longo,153,bfs,272,8,todo_centro,1,8,956,272
30,11,27-17,longo,153,bfs,272,8,limiar_10,0,0,0,149
30,11,27-17,longo,153,bfs,272,8,limiar_25,1,2,38,272
30,11,27-17,longo,153,bfs,272,8,limiar_50,1,2,100,272
30,11,27-17,longo,153,bfs,272,8,otimo,1,1,28,272
30,11,27-17,longo,153,dijkstra,204,11,guloso,1,1,2,204
30,11,27-17,longo,153,dijkstra,204,11,todo_centro,1,11,1483,204
30,11,27-17,longo,153,dijkstra,204,11,limiar_10,1,1,13,204
30,11,27-17,longo,153,dijkstra,204,11,limiar_25,1,1,35,204
30,11,27-17,longo,153,dijkstra,204,11,limiar_50,1,2,106,204
30,11,27-17,longo,153,dijkstra,204,11,otimo,1,1,93,204
30,11,15-0,medio,82,bfs,169,5,guloso,1,2,42,169
30,11,15-0,medio,82,bfs,169,5,todo_centro,1,5,288,169
30,11,15-0,medio,82,bfs,169,5,limiar_10,0,0,0,75
30,11,15-0,medio,82,bfs,169,5,limiar_25,0,0,0,75
30,11,15-0,medio,82,bfs,169,5,limiar_50,1,2,42,169
30,11,15-0,medio,82,bfs,169,5,otimo,1,2,42,169
30,11,15-0,medio,82,dijkstra,163,5,guloso,1,2,48,163
30,11,15-0,medio,82,dijkstra,163,5,todo_centro,1,5,294,163
30,11,15-0,medio,82,dijkstra,163,5,limiar_10,0,0,0,73
30,11,15-0,medio,82,dijkstra,163,5,limiar_25,0,0,0,73
30,11,15-0,medio,82,dijkstra,163,5,limiar_50,1,2,48,163
30,11,15-0,medio,82,dijkstra,163,5,otimo,1,2,48,163
30,11,15-0,longo,122,dfs,739,20,guloso,1,7,162,739
30,11,15-0,longo,122,dfs,739,20,todo_centro,1,20,1748,739
30,11,15-0,longo,122,dfs,739,20,limiar_10,0,0,0,115
30,11,15-0,longo,122,dfs,739,20,limiar_25,0,0,0,115
30,11,15-0,longo,122,dfs,739,20,limiar_50,0,4,157,453
30,11,15-0,longo,122,dfs,739,20,otimo,1,7,220,739
30,11,15-0,longo,122,bfs,169,5,guloso,1,1,0,169
30,11,15-0,longo,122,bfs,169,5,todo_centro,1,5,488,169
30,11,15-0,longo,122,bfs,169,5,limiar_10,1,1,0,169
30,11,15-0,longo,122,bfs,169,5,limiar_25,1,1,0,169
30,11,15-0,longo,122,bfs,169,5,limiar_50,1,1,0,169
30,11,15-0,longo,122,bfs,169,5,otimo,1,1,62,169
30,11,15-0,longo,122,dijkstra,163,5,guloso,1,1,6,163
30,11,15-0,longo,122,dijkstra,163,5,todo_centro,1,5,494,163
30,11,15-0,longo,122,dijkstra,163,5,limiar_10,1,1,6,163
30,11,15-0,longo,122,dijkstra,163,5,limiar_25,1,1,6,163
30,11,15-0,longo,122,dijkstra,163,5,limiar_50,1,1,6,163
30,11,15-0,longo,122,dijkstra,163,5,otimo,1,1,62,163
30,11,20-10,medio,64,dijkstra,128,7,guloso,1,2,6,128
30,11,20-10,medio,64,dijkstra,128,7,todo_centro,1,7,321,128
30,11,20-10,medio,64,dijkstra,128,7,limiar_10,1,2,10,128
30,11,20-10,medio,64,dijkstra,128,7,limiar_25,1,2,10,128
30,11,20-10,medio,64,dijkstra,128,7,limiar_50,1,2,10,128
30,11,20-10,medio,64,dijkstra,128,7,otimo,1,2,10,128
30,11,20-10,longo,96,dijkstra,128,7,guloso,1,1,36,128
30,11,20-10,longo,96,dijkstra,128,7,todo_centro,1,7,545,128
30,11,20-10,longo,96,dijkstra,128,7,limiar_10,0,0,0,90
30,11,20-10,longo,96,dijkstra,128,7,limiar_25,0,0,0,90
30,11,20-10,longo,96,dijkstra,128,7,limiar_50,1,2,74,128
30,11,20-10,longo,96,dijkstra,128,7,otimo,1,1,36,128
30,11,12-8,medio,57,dijkstra,114,4,guloso,1,2,54,114
30,11,12-8,medio,57,dijkstra,114,4,todo_centro,1,4,168,114
30,11,12-8,medio,57,dijkstra,114,4,limiar_10,0,0,0,56
30,11,12-8,medio,57,dijkstra,114,4,limiar_25,0,0,0,56
30,11,12-8,medio,57,dijkstra,114,4,limiar_50,0,0,0,56
30,11,12-8,medio,57,dijkstra,114,4,otimo,1,2,54,114
30,11,12-8,longo,86,bfs,128,5,guloso,1,1,26,128
30,11,12-8,longo,86,bfs,128,5,todo_centro,1,5,305,128
30,11,12-8,longo,86,bfs,128,5,limiar_10,0,0,0,75
30,11,12-8,longo,86,bfs,128,5,limiar_25,0,0,0,75
30,11,12-8,longo,86,bfs,128,5,limiar_50,1,2,47,128
30,11,12-8,longo,86,bfs,128,5,otimo,1,1,26,128
30,11,12-8,longo,86,dijkstra,114,4,guloso,1,1,26,114
30,11,12-8,longo,86,dijkstra,114,4,todo_centro,1,4,284,114
30,11,12-8,longo,86,dijkstra,114,4,limiar_10,0,0,0,84
30,11,12-8,longo,86,dijkstra,114,4,limiar_25,0,0,0,84
30,11,12-8,longo,86,dijkstra,114,4,limiar_50,1,1,26,114
30,11,12-8,longo,86,dijkstra,114,4,otimo,1,1,26,114
30,11,26-29,curto,68,bfs,287,8,guloso,1,5,103,287
30,11,26-29,curto,68,bfs,287,8,todo_centro,1,8,307,287
30,11,26-29,curto,68,bfs,287,8,limiar_10,0,0,0,60
30,11,26-29,curto,68,bfs,287,8,limiar_25,0,2,11,183
30,11,26-29,curto,68,bfs,287,8,limiar_50,0,4,66,268
30,11,26-29,curto,68,bfs,287,8,otimo,1,5,103,287
30,11,26-29,curto,68,dijkstra,225,10,guloso,1,3,28,225
30,11,26-29,curto,68,dijkstra,225,10,todo_centro,1,10,504,225
30,11,26-29,curto,68,dijkstra,225,10,limiar_10,0,0,0,60
30,11,26-29,curto,68,dijkstra,225,10,limiar_25,1,3,29,225
30,11,26-29,curto,68,dijkstra,225,10,limiar_50,1,3,29,225
30,11,26-29,curto,68,dijkstra,225,10,otimo,1,3,29,225
30,11,26-29,medio,112,bfs,287,8,guloso,1,3,99,287
30,11,26-29,medio,112,bfs,287,8,todo_centro,1,8,659,287
30,11,26-29,medio,112,bfs,287,8,limiar_10,0,0,0,105
30,11,26-29,medio,112,bfs,287,8,limiar_25,0,0,0,105
30,11,26-29,medio,112,bfs,287,8,limiar_50,1,3,130,287
30,11,26-29,medio,112,bfs,287,8,otimo,1,3,130,287
30,11,26-29,medio,112,dijkstra,225,10,guloso,1,2,73,225
30,11,26-29,medio,112,dijkstra,225,10,todo_centro,1,10,944,225
30,11,26-29,medio,112,dijkstra,225,10,limiar_10,0,0,0,111
30,11,26-29,medio,112,dijkstra,225,10,limiar_25,0,0,0,111
30,11,26-29,medio,112,dijkstra,225,10,limiar_50,1,3,161,225
30,11,26-29,medio,112,dijkstra,225,10,otimo,1,2,106,225
30,11,26-29,longo,169,dfs,481,10,guloso,1,2,7,481
30,11,26-29,longo,169,dfs,481,10,todo_centro,1,10,1334,481
30,11,26-29,longo,169,dfs,481,10,limiar_10,1,2,7,481
30,11,26-29,longo,169,dfs,481,10,limiar_25,0,2,53,449
30,11,26-29,longo,169,dfs,481,10,limiar_50,1,3,176,481
30,11,26-29,longo,169,dfs,481,10,otimo,1,2,7,481
30,11,26-29,longo,169,bfs,287,8,guloso,1,1,4,287
30,11,26-29,longo,169,bfs,287,8,todo_centro,1,8,1115,287
30,11,26-29,longo,169,bfs,287,8,limiar_10,1,1,4,287
30,11,26-29,longo,169,bfs,287,8,limiar_25,1,1,4,287
30,11,26-29,longo,169,bfs,287,8,limiar_50,1,2,101,287
30,11,26-29,longo,169,bfs,287,8,otimo,1,1,44,287
30,11,26-29,longo,169,dijkstra,225,10,guloso,1,1,18,225
30,11,26-29,longo,169,dijkstra,225,10,todo_centro,1,10,1514,225
30,11,26-29,longo,169,dijkstra,225,10,limiar_10,0,0,0,168
30,11,26-29,longo,169,dijkstra,225,10,limiar_25,1,1,29,225
30,11,26-29,longo,169,dijkstra,225,10,limiar_50,1,1,51,225
30,11,26-29,longo,169,dijkstra,225,10,otimo,1,1,109,225
30,11,17-6,medio,66,bfs,145,8,guloso,1,2,7,145
30,11,17-6,medio,66,bfs,145,8,todo_centro,1,8,386,145
30,11,17-6,medio,66,bfs,145,8,limiar_10,1,2,7,145
30,11,17-6,medio,66,bfs,145,8,limiar_25,1,2,7,145
30,11,17-6,medio,66,bfs,145,8,limiar_50,1,2,7,145
30,11,17-6,medio,66,bfs,145,8,otimo,1,2,7,145
30,11,17-6,medio,66,dijkstra,131,7,guloso,1,2,11,131
30,11,17-6,medio,66,dijkstra,131,7,todo_centro,1,7,334,131
30,11,17-6,medio,66,dijkstra,131,7,limiar_10,1,2,11,131
30,11,17-6,medio,66,dijkstra,131,7,limiar_25,1,2,14,131
30,11,17-6,medio,66,dijkstra,131,7,limiar_50,1,2,14,131
30,11,17-6,medio,66,dijkstra,131,7,otimo,1,2,14,131
30,11,17-6,longo,98,bfs,145,8,guloso,1,1,38,145
30,11,17-6,longo,98,bfs,145,8,todo_centro,1,8,642,145
30,11,17-6,longo,98,bfs,145,8,limiar_10,0,0,0,90
30,11,17-6,longo,98,bfs,145,8,limiar_25,0,0,0,90
30,11,17-6,longo,98,bfs,145,8,limiar_50,1,2,71,145
30,11,17-6,longo,98,bfs,145,8,otimo,1,1,38,145
30,11,17-6,longo,98,dijkstra,131,7,guloso,1,1,38,131
30,11,17-6,longo,98,dijkstra,131,7,todo_centro,1,7,558,131
30,11,17-6,longo,98,dijkstra,131,7,limiar_10,0,0,0,90
30,11,17-6,longo,98,dijkstra,131,7,limiar_25,0,0,0,90
30,11,17-6,longo,98,dijkstra,131,7,limiar_50,1,2,78,131
30,11,17-6,longo,98,dijkstra,131,7,otimo,1,1,38,131
30,11,25-22,curto,59,dijkstra,197,10,guloso,1,4,60,197
30,11,25-22,curto,59,dijkstra,197,10,todo_centro,1,10,414,197
30,11,25-22,curto,59,dijkstra,197,10,limiar_10,0,0,0,59
30,11,25-22,curto,59,dijkstra,197,10,limiar_25,0,0,0,59
30,11,25-22,curto,59,dijkstra,197,10,limiar_50,0,0,0,59
30,11,25-22,curto,59,dijkstra,197,10,otimo,1,4,96,197
30,11,25-22,medio,98,bfs,253,9,guloso,1,3,88,253
30,11,25-22,medio,98,bfs,253,9,todo_centro,1,9,650,253
30,11,25-22,medio,98,bfs,253,9,limiar_10,0,0,0,90
30,11,25-22,medio,98,bfs,253,9,limiar_25,0,0,0,90
30,11,25-22,medio,98,bfs,253,9,limiar_50,1,3,88,253
30,11,25-22,medio,98,bfs,253,9,otimo,1,3,129,253
30,11,25-22,medio,98,dijkstra,197,10,guloso,1,2,45,197
30,11,25-22,medio,98,dijkstra,197,10,todo_centro,1,10,804,197
30,11,25-22,medio,98,dijkstra,197,10,limiar_10,0,0,0,90
30,11,25-22,medio,98,dijkstra,197,10,limiar_25,0,0,0,90
30,11,25-22,medio,98,dijkstra,197,10,limiar_50,1,3,119,197
30,11,25-22,medio,98,dijkstra,197,10,otimo,1,2,78,197
30,11,25-22,longo,148,dfs,503,13,guloso,1,3,88,503
30,11,25-22,longo,148,dfs,503,13,todo_centro,1,13,1442,503
30,11,25-22,longo,148,dfs,503,13,limiar_10,0,1,13,275
30,11,25-22,longo,148,dfs,503,13,limiar_25,0,1,13,275
30,11,25-22,longo,148,dfs,503,13,limiar_50,1,4,123,503
30,11,25-22,longo,148,dfs,503,13,otimo,1,3,88,503
30,11,25-22,longo,148,bfs,253,9,guloso,1,1,23,253
30,11,25-22,longo,148,bfs,253,9,todo_centro,1,9,1100,253
30,11,25-22,longo,148,bfs,253,9,limiar_10,0,0,0,136
30,11,25-22,longo,148,bfs,253,9,limiar_25,1,1,23,253
30,11,25-22,longo,148,bfs,253,9,limiar_50,1,2,90,253
30,11,25-22,longo,148,bfs,253,9,otimo,1,1,23,253
30,11,25-22,longo,148,dijkstra,197,10,guloso,1,1,3,197
30,11,25-22,longo,148,dijkstra,197,10,todo_centro,1,10,1304,197
30,11,25-22,longo,148,dijkstra,197,10,limiar_10,1,1,8,197
30,11,25-22,longo,148,dijkstra,197,10,limiar_25,1,1,30,197
30,11,25-22,longo,148,dijkstra,197,10,limiar_50,1,1,30,197
30,11,25-22,longo,148,dijkstra,197,10,otimo,1,1,88,197
30,12,18-2,longo,57,dijkstra,76,2,guloso,1,1,8,76
30,12,18-2,longo,57,dijkstra,76,2,todo_centro,1,2,43,76
30,12,18-2,longo,57,dijkstra,76,2,limiar_10,0,0,0,56
30,12,18-2,longo,57,dijkstra,76,2,limiar_25,1,1,8,76
30,12,18-2,longo,57,dijkstra,76,2,limiar_50,1,1,8,76
30,12,18-2,longo,57,dijkstra,76,2,otimo,1,1,8,76
30,12,1-29,medio,134,dfs,436,9,guloso,1,4,195,436
30,12,1-29,medio,134,dfs,436,9,todo_centro,1,9,786,436
30,12,1-29,medio,134,dfs,436,9,limiar_10,0,0,0,120
30,12,1-29,medio,134,dfs,436,9,limiar_25,0,1,33,235
30,12,1-29,medio,134,dfs,436,9,limiar_50,0,3,125,402
30,12,1-29,medio,134,dfs,436,9,otimo,1,4,195,436
30,12,1-29,medio,134,bfs,368,4,guloso,1,3,50,368
30,12,1-29,medio,134,bfs,368,4,todo_centro,1,4,184,368
30,12,1-29,medio,134,bfs,368,4,limiar_10,0,0,0,131
30,12,1-29,medio,134,bfs,368,4,limiar_25,1,3,50,368
30,12,1-29,medio,134,bfs,368,4,limiar_50,1,3,50,368
30,12,1-29,medio,134,bfs,368,4,otimo,1,3,50,368
30,12,1-29,medio,134,dijkstra,268,5,guloso,1,2,117,268
30,12,1-29,medio,134,dijkstra,268,5,todo_centro,1,5,405,268
30,12,1-29,medio,134,dijkstra,268,5,limiar_10,0,0,0,130
30,12,1-29,medio,134,dijkstra,268,5,limiar_25,0,0,0,130
30,12,1-29,medio,134,dijkstra,268,5,limiar_50,1,3,148,268
30,12,1-29,medio,134,dijkstra,268,5,otimo,1,2,117,268
30,12,1-29,longo,201,dfs,436,9,guloso,1,2,61,436
30,12,1-29,longo,201,dfs,436,9,todo_centro,1,9,1389,436
30,12,1-29,longo,201,dfs,436,9,limiar_10,0,0,0,198
30,12,1-29,longo,201,dfs,436,9,limiar_25,1,2,61,436
30,12,1-29,longo,201,dfs,436,9,limiar_50,1,3,183,436
30,12,1-29,longo,201,dfs,436,9,otimo,1,2,125,436
30,12,1-29,longo,201,bfs,368,4,guloso,1,2,179,368
30,12,1-29,longo,201,bfs,368,4,todo_centro,1,4,452,368
30,12,1-29,longo,201,bfs,368,4,limiar_10,0,0,0,200
30,12,1-29,longo,201,bfs,368,4,limiar_25,0,0,0,200
30,12,1-29,longo,201,bfs,368,4,limiar_50,1,3,251,368
30,12,1-29,longo,201,bfs,368,4,otimo,1,2,179,368
30,12,1-29,longo,201,dijkstra,268,5,guloso,1,1,50,268
30,12,1-29,longo,201,dijkstra,268,5,todo_centro,1,5,740,268
30,12,1-29,longo,201,dijkstra,268,5,limiar_10,0,0,0,197
30,12,1-29,longo,201,dijkstra,268,5,limiar_25,1,1,50,268
30,12,1-29,longo,201,dijkstra,268,5,limiar_50,1,2,148,268
30,12,1-29,longo,201,dijkstra,268,5,otimo,1,1,128,268
30,12,11-28,medio,90,dijkstra,181,4,guloso,1,2,3,181
30,12,11-28,medio,90,dijkstra,181,4,todo_centro,1,4,183,181
30,12,11-28,medio,90,dijkstra,181,4,limiar_10,1,2,3,181
30,12,11-28,medio,90,dijkstra,181,4,limiar_25,0,1,17,154
30,12,11-28,medio,90,dijkstra,181,4,limiar_50,0,1,17,154
30,12,11-28,medio,90,dijkstra,181,4,otimo,1,2,12,181
30,12,11-28,longo,136,bfs,235,4,guloso,1,1,29,235
30,12,11-28,longo,136,bfs,235,4,todo_centro,1,4,313,235
30,12,11-28,longo,136,bfs,235,4,limiar_10,0,0,0,131
30,12,11-28,longo,136,bfs,235,4,limiar_25,1,2,52,235
30,12,11-28,longo,136,bfs,235,4,limiar_50,1,2,52,235
30,12,11-28,longo,136,bfs,235,4,otimo,1,1,29,235
30,12,11-28,longo,136,dijkstra,181,4,guloso,1,1,46,181
30,12,11-28,longo,136,dijkstra,181,4,todo_centro,1,4,367,181
30,12,11-28,longo,136,dijkstra,181,4,limiar_10,0,0,0,130
30,12,11-28,longo,136,dijkstra,181,4,limiar_25,0,0,0,130
30,12,11-28,longo,136,dijkstra,181,4,limiar_50,1,2,104,181
30,12,11-28,longo,136,dijkstra,181,4,otimo,1,1,63,181
30,12,6-11,longo,49,dfs,85,2,guloso,1,1,9,85
30,12,6-11,longo,49,dfs,85,2,todo_centro,1,2,58,85
30,12,6-11,longo,49,dfs,85,2,limiar_10,0,0,0,49
30,12,6-11,longo,49,dfs,85,2,limiar_25,1,1,9,85
30,12,6-11,longo,49,dfs,85,2,limiar_50,1,1,9,85
30,12,6-11,longo,49,dfs,85,2,otimo,1,1,9,85
30,12,14-23,medio,86,dijkstra,173,4,guloso,1,2,82,173
30,12,14-23,medio,86,dijkstra,173,4,todo_centro,1,4,172,173
30,12,14-23,medio,86,dijkstra,173,4,limiar_10,0,0,0,86
30,12,14-23,medio,86,dijkstra,173,4,limiar_25,0,1,13,154
30,12,14-23,medio,86,dijkstra,173,4,limiar_50,0,1,13,154
30,12,14-23,medio,86,dijkstra,173,4,otimo,1,2,82,173
30,12,14-23,longo,130,bfs,225,4,guloso,1,1,23,225
30,12,14-23,longo,130,bfs,225,4,todo_centro,1,4,296,225
30,12,14-23,longo,130,bfs,225,4,limiar_10,0,0,0,120
30,12,14-23,longo,130,bfs,225,4,limiar_25,1,2,40,225
30,12,14-23,longo,130,bfs,225,4,limiar_50,1,2,40,225
30,12,14-23,longo,130,bfs,225,4,otimo,1,1,23,225
30,12,14-23,longo,130,dijkstra,173,4,guloso,1,1,40,173
30,12,14-23,longo,130,dijkstra,173,4,todo_centro,1,4,348,173
30,12,14-23,longo,130,dijkstra,173,4,limiar_10,0,0,0,130
30,12,14-23,longo,130,dijkstra,173,4,limiar_25,0,0,0,130
30,12,14-23,longo,130,dijkstra,173,4,limiar_50,1,2,92,173
30,12,14-23,longo,130,dijkstra,173,4,otimo,1,1,57,173
30,12,6-26,medio,92,dijkstra,184,4,guloso,1,2,5,184
30,12,6-26,medio,92,dijkstra,184,4,todo_centro,1,4,189,184
30,12,6-26,medio,92,dijkstra,184,4,limiar_10,1,2,5,184
30,12,6-26,medio,92,dijkstra,184,4,limiar_25,0,1,19,154
30,12,6-26,medio,92,dijkstra,184,4,limiar_50,0,1,19,154
30,12,6-26,medio,92,dijkstra,184,4,otimo,1,2,16,184
30,12,6-26,longo,138,bfs,278,3,guloso,1,2,53,278
30,12,6-26,longo,138,bfs,278,3,todo_centro,1,3,191,278
30,12,6-26,longo,138,bfs,278,3,limiar_10,0,0,0,131
30,12,6-26,longo,138,bfs,278,3,limiar_25,1,2,53,278
30,12,6-26,longo,138,bfs,278,3,limiar_50,1,2,53,278
30,12,6-26,longo,138,bfs,278,3,otimo,1,2,53,278
30,12,6-26,longo,138,dijkstra,184,4,guloso,1,1,48,184
30,12,6-26,longo,138,dijkstra,184,4,todo_centro,1,4,373,184
30,12,6-26,longo,138,dijkstra,184,4,limiar_10,0,0,0,130
30,12,6-26,longo,138,dijkstra,184,4,limiar_25,0,0,0,130
30,12,6-26,longo,138,dijkstra,184,4,limiar_50,1,2,108,184
30,12,6-26,longo,138,dijkstra,184,4,otimo,1,1,65,184
30,12,26-8,longo,90,dfs,544,17,guloso,1,7,99,544
30,12,26-8,longo,90,dfs,544,17,todo_centro,1,17,999,544
30,12,26-8,longo,90,dfs,544,17,limiar_10,0,1,2,174
30,12,26-8,longo,90,dfs,544,17,limiar_25,0,4,32,408
30,12,26-8,longo,90,dfs,544,17,limiar_50,0,4,32,408
30,12,26-8,longo,90,dfs,544,17,otimo,1,7,157,544
30,12,26-8,longo,90,dijkstra,120,2,guloso,1,1,0,120
30,12,26-8,longo,90,dijkstra,120,2,todo_centro,1,2,65,120
30,12,26-8,longo,90,dijkstra,120,2,limiar_10,1,1,0,120
30,12,26-8,longo,90,dijkstra,120,2,limiar_25,1,1,0,120
30,12,26-8,longo,90,dijkstra,120,2,limiar_50,1,1,0,120
30,12,26-8,longo,90,dijkstra,120,2,otimo,1,1,0,120
30,13,4-9,medio,24,dijkstra,47,2,guloso,1,2,4,47
30,13,4-9,medio,24,dijkstra,47,2,todo_centro,1,2,4,47
30,13,4-9,medio,24,dijkstra,47,2,limiar_10,1,2,4,47
30,13,4-9,medio,24,dijkstra,47,2,limiar_25,1,2,4,47
30,13,4-9,medio,24,dijkstra,47,2,limiar_50,1,2,4,47
30,13,4-9,medio,24,dijkstra,47,2,otimo,1,2,4,47
30,13,4-9,longo,35,bfs,51,1,guloso,1,1,13,51
30,13,4-9,longo,35,bfs,51,1,todo_centro,1,1,13,51
30,13,4-9,longo,35,bfs,51,1,limiar_10,0,0,0,25
30,13,4-9,longo,35,bfs,51,1,limiar_25,0,0,0,25
30,13,4-9,longo,35,bfs,51,1,limiar_50,1,1,13,51
30,13,4-9,longo,35,bfs,51,1,otimo,1,1,13,51
30,13,4-9,longo,35,dijkstra,47,2,guloso,1,1,13,47
30,13,4-9,longo,35,dijkstra,47,2,todo_centro,1,2,26,47
30,13,4-9,longo,35,dijkstra,47,2,limiar_10,0,0,0,25
30,13,4-9,longo,35,dijkstra,47,2,limiar_25,0,0,0,25
30,13,4-9,longo,35,dijkstra,47,2,limiar_50,1,2,26,47
30,13,4-9,longo,35,dijkstra,47,2,otimo,1,1,13,47
30,13,5-11,medio,32,dijkstra,64,3,guloso,1,2,17,64
30,13,5-11,medio,32,dijkstra,64,3,todo_centro,1,3,49,64
30,13,5-11,medio,32,dijkstra,64,3,limiar_10,0,0,0,25
30,13,5-11,medio,32,dijkstra,64,3,limiar_25,0,0,0,25
30,13,5-11,medio,32,dijkstra,64,3,limiar_50,1,2,20,64
30,13,5-11,medio,32,dijkstra,64,3,otimo,1,2,20,64
30,13,5-11,longo,48,dijkstra,64,3,guloso,1,1,1,64
30,13,5-11,longo,48,dijkstra,64,3,todo_centro,1,3,97,64
30,13,5-11,longo,48,dijkstra,64,3,limiar_10,1,1,4,64
30,13,5-11,longo,48,dijkstra,64,3,limiar_25,1,1,4,64
30,13,5-11,longo,48,dijkstra,64,3,limiar_50,1,1,4,64
30,13,5-11,longo,48,dijkstra,64,3,otimo,1,1,26,64
30,13,2-9,longo,29,dfs,39,1,guloso,1,1,7,39
30,13,2-9,longo,29,dfs,39,1,todo_centro,1,1,7,39
30,13,2-9,longo,29,dfs,39,1,limiar_10,0,0,0,25
30,13,2-9,longo,29,dfs,39,1,limiar_25,1,1,7,39
30,13,2-9,longo,29,dfs,39,1,limiar_50,1,1,7,39
30,13,2-9,longo,29,dfs,39,1,otimo,1,1,7,39
30,13,2-9,longo,29,bfs,39,1,guloso,1,1,7,39
30,13,2-9,longo,29,bfs,39,1,todo_centro,1,1,7,39
30,13,2-9,longo,29,bfs,39,1,limiar_10,0,0,0,25
30,13,2-9,longo,29,bfs,39,1,limiar_25,1,1,7,39
30,13,2-9,longo,29,bfs,39,1,limiar_50,1,1,7,39
30,13,2-9,longo,29,bfs,39,1,otimo,1,1,7,39
30,13,2-9,longo,29,dijkstra,39,1,guloso,1,1,7,39
30,13,2-9,longo,29,dijkstra,39,1,todo_centro,1,1,7,39
30,13,2-9,longo,29,dijkstra,39,1,limiar_10,0,0,0,25
30,13,2-9,longo,29,dijkstra,39,1,limiar_25,1,1,7,39
30,13,2-9,longo,29,dijkstra,39,1,limiar_50,1,1,7,39
30,13,2-9,longo,29,dijkstra,39,1,otimo,1,1,7,39
30,13,2-8,longo,28,dfs,38,1,guloso,1,1,6,38
30,13,2-8,longo,28,dfs,38,1,todo_centro,1,1,6,38
30,13,2-8,longo,28,dfs,38,1,limiar_10,0,0,0,25
30,13,2-8,longo,28,dfs,38,1,limiar_25,1,1,6,38
30,13,2-8,longo,28,dfs,38,1,limiar_50,1,1,6,38
30,13,2-8,longo,28,dfs,38,1,otimo,1,1,6,38
30,13,2-8,longo,28,bfs,38,1,guloso,1,1,6,38
30,13,2-8,longo,28,bfs,38,1,todo_centro,1,1,6,38
30,13,2-8,longo,28,bfs,38,1,limiar_10,0,0,0,25
30,13,2-8,longo,28,bfs,38,1,limiar_25,1,1,6,38
30,13,2-8,longo,28,bfs,38,1,limiar_50,1,1,6,38
30,13,2-8,longo,28,bfs,38,1,otimo,1,1,6,38
30,13,2-8,longo,28,dijkstra,38,1,guloso,1,1,6,38
30,13,2-8,longo,28,dijkstra,38,1,todo_centro,1,1,6,38
30,13,2-8,longo,28,dijkstra,38,1,limiar_10,0,0,0,25
30,13,2-8,longo,28,dijkstra,38,1,limiar_25,1,1,6,38
30,13,2-8,longo,28,dijkstra,38,1,limiar_50,1,1,6,38
30,13,2-8,longo,28,dijkstra,38,1,otimo,1,1,6,38
30,13,3-3,longo,21,dfs,40,2,guloso,1,1,0,40
30,13,3-3,longo,21,dfs,40,2,todo_centro,1,2,5,40
30,13,3-3,longo,21,dfs,40,2,limiar_10,1,1,0,40
30,13,3-3,longo,21,dfs,40,2,limiar_25,1,2,5,40
30,13,3-3,longo,21,dfs,40,2,limiar_50,1,2,5,40
30,13,3-3,longo,21,dfs,40,2,otimo,1,1,0,40
30,13,4-8,medio,22,bfs,44,1,guloso,1,1,0,44
30,13,4-8,medio,22,bfs,44,1,todo_centro,1,1,0,44
30,13,4-8,medio,22,bfs,44,1,limiar_10,1,1,0,44
30,13,4-8,medio,22,bfs,44,1,limiar_25,1,1,0,44
30,13,4-8,medio,22,bfs,44,1,limiar_50,1,1,0,44
30,13,4-8,medio,22,bfs,44,1,otimo,1,1,0,44
30,13,4-8,medio,22,dijkstra,44,1,guloso,1,1,0,44
30,13,4-8,medio,22,dijkstra,44,1,todo_centro,1,1,0,44
30,13,4-8,medio,22,dijkstra,44,1,limiar_10,1,1,0,44
30,13,4-8,medio,22,dijkstra,44,1,limiar_25,1,1,0,44
30,13,4-8,medio,22,dijkstra,44,1,limiar_50,1,1,0,44
30,13,4-8,medio,22,dijkstra,44,1,otimo,1,1,0,44
30,13,4-8,longo,33,bfs,44,1,guloso,1,1,11,44
30,13,4-8,longo,33,bfs,44,1,todo_centro,1,1,11,44
30,13,4-8,longo,33,bfs,44,1,limiar_10,0,0,0,25
30,13,4-8,longo,33,bfs,44,1,limiar_25,0,0,0,25
30,13,4-8,longo,33,bfs,44,1,limiar_50,1,1,11,44
30,13,4-8,longo,33,bfs,44,1,otimo,1,1,11,44
30,13,4-8,longo,33,dijkstra,44,1,guloso,1,1,11,44
30,13,4-8,longo,33,dijkstra,44,1,todo_centro,1,1,11,44
30,13,4-8,longo,33,dijkstra,44,1,limiar_10,0,0,0,25
30,13,4-8,longo,33,dijkstra,44,1,limiar_25,0,0,0,25
30,13,4-8,longo,33,dijkstra,44,1,limiar_50,1,1,11,44
30,13,4-8,longo,33,dijkstra,44,1,otimo,1,1,11,44
30,14,0-1,curto,1,dfs,1,0,guloso,1,0,0,1
30,14,0-1,curto,1,dfs,1,0,todo_centro,1,0,0,1
30,14,0-1,curto,1,dfs,1,0,limiar_10,1,0,0,1
30,14,0-1,curto,1,dfs,1,0,limiar_25,1,0,0,1
30,14,0-1,curto,1,dfs,1,0,limiar_50,1,0,0,1
30,14,0-1,curto,1,dfs,1,0,otimo,1,0,0,1
30,14,0-1,curto,1,bfs,1,0,guloso,1,0,0,1
30,14,0-1,curto,1,bfs,1,0,todo_centro,1,0,0,1
30,14,0-1,curto,1,bfs,1,0,limiar_10,1,0,0,1
30,14,0-1,curto,1,bfs,1,0,limiar_25,1,0,0,1
30,14,0-1,curto,1,bfs,1,0,limiar_50,1,0,0,1
30,14,0-1,curto,1,bfs,1,0,otimo,1,0,0,1
30,14,0-1,curto,1,dijkstra,1,0,guloso,1,0,0,1
30,14,0-1,curto,1,dijkstra,1,0,todo_centro,1,0,0,1
30,14,0-1,curto,1,dijkstra,1,0,limiar_10,1,0,0,1
30,14,0-1,curto,1,dijkstra,1,0,limiar_25,1,0,0,1
30,14,0-1,curto,1,dijkstra,1,0,limiar_50,1,0,0,1
30,14,0-1,curto,1,dijkstra,1,0,otimo,1,0,0,1
30,14,0-1,medio,1,dfs,1,0,guloso,1,0,0,1
30,14,0-1,medio,1,dfs,1,0,todo_centro,1,0,0,1
30,14,0-1,medio,1,dfs,1,0,limiar_10,1,0,0,1
30,14,0-1,medio,1,dfs,1,0,limiar_25,1,0,0,1
30,14,0-1,medio,1,dfs,1,0,limiar_50,1,0,0,1
30,14,0-1,medio,1,dfs,1,0,otimo,1,0,0,1
30,14,0-1,medio,1,bfs,1,0,guloso,1,0,0,1
30,14,0-1,medio,1,bfs,1,0,todo_centro,1,0,0,1
30,14,0-1,medio,1,bfs,1,0,limiar_10,1,0,0,1
30,14,0-1,medio,1,bfs,1,0,limiar_25,1,0,0,1
30,14,0-1,medio,1,bfs,1,0,limiar_50,1,0,0,1
30,14,0-1,medio,1,bfs,1,0,otimo,1,0,0,1
30,14,0-1,medio,1,dijkstra,1,0,guloso,1,0,0,1
30,14,0-1,medio,1,dijkstra,1,0,todo_centro,1,0,0,1
30,14,0-1,medio,1,dijkstra,1,0,limiar_10,1,0,0,1
30,14,0-1,medio,1,dijkstra,1,0,limiar_25,1,0,0,1
30,14,0-1,medio,1,dijkstra,1,0,limiar_50,1,0,0,1
30,14,0-1,medio,1,dijkstra,1,0,otimo,1,0,0,1
30,14,0-1,longo,1,dfs,1,0,guloso,1,0,0,1
30,14,0-1,longo,1,dfs,1,0,todo_centro,1,0,0,1
30,14,0-1,longo,1,dfs,1,0,limiar_10,1,0,0,1
30,14,0-1,longo,1,dfs,1,0,limiar_25,1,0,0,1
30,14,0-1,longo,1,dfs,1,0,limiar_50,1,0,0,1
30,14,0-1,longo,1,dfs,1,0,otimo,1,0,0,1
30,14,0-1,longo,1,bfs,1,0,guloso,1,0,0,1
30,14,0-1,longo,1,bfs,1,0,todo_centro,1,0,0,1
30,14,0-1,longo,1,bfs,1,0,limiar_10,1,0,0,1
30,14,0-1,longo,1,bfs,1,0,limiar_25,1,0,0,1
30,14,0-1,longo,1,bfs,1,0,limiar_50,1,0,0,1
30,14,0-1,longo,1,bfs,1,0,otimo,1,0,0,1
30,14,0-1,longo,1,dijkstra,1,0,guloso,1,0,0,1
30,14,0-1,longo,1,dijkstra,1,0,todo_centro,1,0,0,1
30,14,0-1,longo,1,dijkstra,1,0,limiar_10,1,0,0,1
30,14,0-1,longo,1,dijkstra,1,0,limiar_25,1,0,0,1
30,14,0-1,longo,1,dijkstra,1,0,limiar_50,1,0,0,1
30,14,0-1,longo,1,dijkstra,1,0,otimo,1,0,0,1
30,15,0-1,curto,1,dfs,1,0,guloso,1,0,0,1
30,15,0-1,curto,1,dfs,1,0,todo_centro,1,0,0,1
30,15,0-1,curto,1,dfs,1,0,limiar_10,1,0,0,1
30,15,0-1,curto,1,dfs,1,0,limiar_25,1,0,0,1
30,15,0-1,curto,1,dfs,1,0,limiar_50,1,0,0,1
30,15,0-1,curto,1,dfs,1,0,otimo,1,0,0,1
30,15,0-1,curto,1,bfs,1,0,guloso,1,0,0,1
30,15,0-1,curto,1,bfs,1,0,todo_centro,1,0,0,1
30,15,0-1,curto,1,bfs,1,0,limiar_10,1,0,0,1
30,15,0-1,curto,1,bfs,1,0,limiar_25,1,0,0,1
30,15,0-1,curto,1,bfs,1,0,limiar_50,1,0,0,1
30,15,0-1,curto,1,bfs,1,0,otimo,1,0,0,1
30,15,0-1,curto,1,dijkstra,1,0,guloso,1,0,0,1
30,15,0-1,curto,1,dijkstra,1,0,todo_centro,1,0,0,1
30,15,0-1,curto,1,dijkstra,1,0,limiar_10,1,0,0,1
30,15,0-1,curto,1,dijkstra,1,0,limiar_25,1,0,0,1
30,15,0-1,curto,1,dijkstra,1,0,limiar_50,1,0,0,1
30,15,0-1,curto,1,dijkstra,1,0,otimo,1,0,0,1
30,15,0-1,medio,1,dfs,1,0,guloso,1,0,0,1
30,15,0-1,medio,1,dfs,1,0,todo_centro,1,0,0,1
30,15,0-1,medio,1,dfs,1,0,limiar_10,1,0,0,1
30,15,0-1,medio,1,dfs,1,0,limiar_25,1,0,0,1
30,15,0-1,medio,1,dfs,1,0,limiar_50,1,0,0,1
30,15,0-1,medio,1,dfs,1,0,otimo,1,0,0,1
30,15,0-1,medio,1,bfs,1,0,guloso,1,0,0,1
30,15,0-1,medio,1,bfs,1,0,todo_centro,1,0,0,1
30,15,0-1,medio,1,bfs,1,0,limiar_10,1,0,0,1
30,15,0-1,medio,1,bfs,1,0,limiar_25,1,0,0,1
30,15,0-1,medio,1,bfs,1,0,limiar_50,1,0,0,1
30,15,0-1,medio,1,bfs,1,0,otimo,1,0,0,1
30,15,0-1,medio,1,dijkstra,1,0,guloso,1,0,0,1
30,15,0-1,medio,1,dijkstra,1,0,todo_centro,1,0,0,1
30,15,0-1,medio,1,dijkstra,1,0,limiar_10,1,0,0,1
30,15,0-1,medio,1,dijkstra,1,0,limiar_25,1,0,0,1
30,15,0-1,medio,1,dijkstra,1,0,limiar_50,1,0,0,1
30,15,0-1,medio,1,dijkstra,1,0,otimo,1,0,0,1
30,15,0-1,longo,1,dfs,1,0,guloso,1,0,0,1
30,15,0-1,longo,1,dfs,1,0,todo_centro,1,0,0,1
30,15,0-1,longo,1,dfs,1,0,limiar_10,1,0,0,1
30,15,0-1,longo,1,dfs,1,0,limiar_25,1,0,0,1
30,15,0-1,longo,1,dfs,1,0,limiar_50,1,0,0,1
30,15,0-1,longo,1,dfs,1,0,otimo,1,0,0,1
30,15,0-1,longo,1,bfs,1,0,guloso,1,0,0,1
30,15,0-1,longo,1,bfs,1,0,todo_centro,1,0,0,1
30,15,0-1,longo,1,bfs,1,0,limiar_10,1,0,0,1
30,15,0-1,longo,1,bfs,1,0,limiar_25,1,0,0,1
30,15,0-1,longo,1,bfs,1,0,limiar_50,1,0,0,1
30,15,0-1,longo,1,bfs,1,0,otimo,1,0,0,1
30,15,0-1,longo,1,dijkstra,1,0,guloso,1,0,0,1
30,15,0-1,longo,1,dijkstra,1,0,todo_centro,1,0,0,1
30,15,0-1,longo,1,dijkstra,1,0,limiar_10,1,0,0,1
30,15,0-1,longo,1,dijkstra,1,0,limiar_25,1,0,0,1
30,15,0-1,longo,1,dijkstra,1,0,limiar_50,1,0,0,1
30,15,0-1,longo,1,dijkstra,1,0,otimo,1,0,0,1
30,16,29-20,curto,62,bfs,225,8,guloso,1,5,96,225
30,16,29-20,curto,62,bfs,225,8,todo_centro,1,8,282,225
30,16,29-20,curto,62,bfs,225,8,limiar_10,0,0,0,61
30,16,29-20,curto,62,bfs,225,8,limiar_25,0,1,7,104
30,16,29-20,curto,62,bfs,225,8,limiar_50,0,1,7,104
30,16,29-20,curto,62,bfs,225,8,otimo,1,5,124,225
30,16,29-20,medio,102,bfs,225,8,guloso,1,2,51,225
30,16,29-20,medio,102,bfs,225,8,todo_centro,1,8,602,225
30,16,29-20,medio,102,bfs,225,8,limiar_10,0,0,0,95
30,16,29-20,medio,102,bfs,225,8,limiar_25,0,0,0,95
30,16,29-20,medio,102,bfs,225,8,limiar_50,1,3,120,225
30,16,29-20,medio,102,bfs,225,8,otimo,1,2,81,225
30,16,29-20,medio,102,dijkstra,205,9,guloso,1,2,10,205
30,16,29-20,medio,102,dijkstra,205,9,todo_centro,1,9,724,205
30,16,29-20,medio,102,dijkstra,205,9,limiar_10,1,2,10,205
30,16,29-20,medio,102,dijkstra,205,9,limiar_25,1,2,32,205
30,16,29-20,medio,102,dijkstra,205,9,limiar_50,0,1,46,155
30,16,29-20,medio,102,dijkstra,205,9,otimo,1,2,32,205
30,16,29-20,longo,154,dfs,491,14,guloso,1,3,98,491
30,16,29-20,longo,154,dfs,491,14,todo_centro,1,14,1676,491
30,16,29-20,longo,154,dfs,491,14,limiar_10,0,0,0,153
30,16,29-20,longo,154,dfs,491,14,limiar_25,1,4,138,491
30,16,29-20,longo,154,dfs,491,14,limiar_50,1,4,164,491
30,16,29-20,longo,154,dfs,491,14,otimo,1,3,106,491
30,16,29-20,longo,154,bfs,225,8,guloso,1,1,1,225
30,16,29-20,longo,154,bfs,225,8,todo_centro,1,8,1018,225
30,16,29-20,longo,154,bfs,225,8,limiar_10,1,1,1,225
30,16,29-20,longo,154,bfs,225,8,limiar_25,1,1,31,225
30,16,29-20,longo,154,bfs,225,8,limiar_50,1,2,96,225
30,16,29-20,longo,154,bfs,225,8,otimo,1,1,78,225
30,16,29-20,longo,154,dijkstra,205,9,guloso,1,1,57,205
30,16,29-20,longo,154,dijkstra,205,9,todo_centro,1,9,1192,205
30,16,29-20,longo,154,dijkstra,205,9,limiar_10,0,0,0,152
30,16,29-20,longo,154,dijkstra,205,9,limiar_25,0,0,0,152
30,16,29-20,longo,154,dijkstra,205,9,limiar_50,1,2,136,205
30,16,29-20,longo,154,dijkstra,205,9,otimo,1,1,98,205
30,16,0-9,longo,31,dfs,49,3,guloso,1,1,0,49
30,16,0-9,longo,31,dfs,49,3,todo_centro,1,3,56,49
30,16,0-9,longo,31,dfs,49,3,limiar_10,1,1,0,49
30,16,0-9,longo,31,dfs,49,3,limiar_25,1,1,0,49
30,16,0-9,longo,31,dfs,49,3,limiar_50,1,1,0,49
30,16,0-9,longo,31,dfs,49,3,otimo,1,1,0,49
30,16,0-9,longo,31,bfs,49,3,guloso,1,1,0,49
30,16,0-9,longo,31,bfs,49,3,todo_centro,1,3,56,49
30,16,0-9,longo,31,bfs,49,3,limiar_10,1,1,0,49
30,16,0-9,longo,31,bfs,49,3,limiar_25,1,1,0,49
30,16,0-9,longo,31,bfs,49,3,limiar_50,1,1,0,49
30,16,0-9,longo,31,bfs,49,3,otimo,1,1,0,49
30,16,0-9,longo,31,dijkstra,41,3,guloso,1,1,2,41
30,16,0-9,longo,31,dijkstra,41,3,todo_centro,1,3,59,41
30,16,0-9,longo,31,dijkstra,41,3,limiar_10,1,1,2,41
30,16,0-9,longo,31,dijkstra,41,3,limiar_25,1,1,2,41
30,16,0-9,longo,31,dijkstra,41,3,limiar_50,1,1,2,41
30,16,0-9,longo,31,dijkstra,41,3,otimo,1,1,2,41
30,16,4-14,medio,52,dijkstra,104,5,guloso,1,2,48,104
30,16,4-14,medio,52,dijkstra,104,5,todo_centro,1,5,157,104
30,16,4-14,medio,52,dijkstra,104,5,limiar_10,0,0,0,52
30,16,4-14,medio,52,dijkstra,104,5,limiar_25,0,0,0,52
30,16,4-14,medio,52,dijkstra,104,5,limiar_50,1,3,65,104
30,16,4-14,medio,52,dijkstra,104,5,otimo,1,2,48,104
30,16,4-14,longo,78,dfs,166,7,guloso,1,2,64,166
30,16,4-14,longo,78,dfs,166,7,todo_centro,1,7,381,166
30,16,4-14,longo,78,dfs,166,7,limiar_10,0,0,0,78
30,16,4-14,longo,78,dfs,166,7,limiar_25,0,0,0,78
30,16,4-14,longo,78,dfs,166,7,limiar_50,0,0,0,78
30,16,4-14,longo,78,dfs,166,7,otimo,1,2,64,166
30,16,4-14,longo,78,bfs,140,5,guloso,1,1,12,140
30,16,4-14,longo,78,bfs,140,5,todo_centro,1,5,251,140
30,16,4-14,longo,78,bfs,140,5,limiar_10,0,0,0,76
30,16,4-14,longo,78,bfs,140,5,limiar_25,1,2,29,140
30,16,4-14,longo,78,bfs,140,5,limiar_50,1,2,29,140
30,16,4-14,longo,78,bfs,140,5,otimo,1,1,12,140
30,16,4-14,longo,78,dijkstra,104,5,guloso,1,1,22,104
30,16,4-14,longo,78,dijkstra,104,5,todo_centro,1,5,287,104
30,16,4-14,longo,78,dijkstra,104,5,limiar_10,0,0,0,72
30,16,4-14,longo,78,dijkstra,104,5,limiar_25,0,0,0,72
30,16,4-14,longo,78,dijkstra,104,5,limiar_50,1,2,53,104
30,16,4-14,longo,78,dijkstra,104,5,otimo,1,1,49,104
30,16,15-23,curto,40,dijkstra,132,7,guloso,1,3,24,132
30,16,15-23,curto,40,dijkstra,132,7,todo_centro,1,7,179,132
30,16,15-23,curto,40,dijkstra,132,7,limiar_10,0,0,0,40
30,16,15-23,curto,40,dijkstra,132,7,limiar_25,0,0,0,40
30,16,15-23,curto,40,dijkstra,132,7,limiar_50,1,3,28,132
30,16,15-23,curto,40,dijkstra,132,7,otimo,1,3,28,132
30,16,15-23,medio,66,dijkstra,132,7,guloso,1,2,31,132
30,16,15-23,medio,66,dijkstra,132,7,todo_centro,1,7,361,132
30,16,15-23,medio,66,dijkstra,132,7,limiar_10,0,0,0,56
30,16,15-23,medio,66,dijkstra,132,7,limiar_25,0,1,10,117
30,16,15-23,medio,66,dijkstra,132,7,limiar_50,1,2,40,132
30,16,15-23,medio,66,dijkstra,132,7,otimo,1,2,40,132
30,16,15-23,longo,99,dfs,238,6,guloso,1,3,90,238
30,16,15-23,longo,99,dfs,238,6,todo_centro,1,6,387,238
30,16,15-23,longo,99,dfs,238,6,limiar_10,0,1,7,190
30,16,15-23,longo,99,dfs,238,6,limiar_25,0,1,7,190
30,16,15-23,longo,99,dfs,238,6,limiar_50,0,1,7,190
30,16,15-23,longo,99,dfs,238,6,otimo,1,3,90,238
30,16,15-23,longo,99,bfs,212,4,guloso,1,2,17,212
30,16,15-23,longo,99,bfs,212,4,todo_centro,1,4,215,212
30,16,15-23,longo,99,bfs,212,4,limiar_10,0,1,7,181
30,16,15-23,longo,99,bfs,212,4,limiar_25,1,2,17,212
30,16,15-23,longo,99,bfs,212,4,limiar_50,0,1,33,164
30,16,15-23,longo,99,bfs,212,4,otimo,1,2,17,212
30,16,15-23,longo,99,dijkstra,132,7,guloso,1,1,3,132
30,16,15-23,longo,99,dijkstra,132,7,todo_centro,1,7,592,132
30,16,15-23,longo,99,dijkstra,132,7,limiar_10,1,1,7,132
30,16,15-23,longo,99,dijkstra,132,7,limiar_25,1,1,7,132
30,16,15-23,longo,99,dijkstra,132,7,limiar_50,1,1,43,132
30,16,15-23,longo,99,dijkstra,132,7,otimo,1,1,43,132
30,16,26-1,medio,64,bfs,141,4,guloso,1,2,23,141
30,16,26-1,medio,64,bfs,141,4,todo_centro,1,4,151,141
30,16,26-1,medio,64,bfs,141,4,limiar_10,0,1,0,119
30,16,26-1,medio,64,bfs,141,4,limiar_25,1,2,23,141
30,16,26-1,medio,64,bfs,141,4,limiar_50,1,2,23,141
30,16,26-1,medio,64,bfs,141,4,otimo,1,2,48,141
30,16,26-1,medio,64,dijkstra,127,4,guloso,1,1,0,127
30,16,26-1,medio,64,dijkstra,127,4,todo_centro,1,4,165,127
30,16,26-1,medio,64,dijkstra,127,4,limiar_10,1,1,0,127
30,16,26-1,medio,64,dijkstra,127,4,limiar_25,0,1,9,105
30,16,26-1,medio,64,dijkstra,127,4,limiar_50,1,2,37,127
30,16,26-1,medio,64,dijkstra,127,4,otimo,1,1,0,127
30,16,26-1,longo,95,bfs,141,4,guloso,1,1,15,141
30,16,26-1,longo,95,bfs,141,4,todo_centro,1,4,275,141
30,16,26-1,longo,95,bfs,141,4,limiar_10,0,0,0,93
30,16,26-1,longo,95,bfs,141,4,limiar_25,1,1,15,141
30,16,26-1,longo,95,bfs,141,4,limiar_50,1,2,85,141
30,16,26-1,longo,95,bfs,141,4,otimo,1,1,40,141
30,16,26-1,longo,95,dijkstra,127,4,guloso,1,1,4,127
30,16,26-1,longo,95,dijkstra,127,4,todo_centro,1,4,289,127
30,16,26-1,longo,95,dijkstra,127,4,limiar_10,1,1,4,127
30,16,26-1,longo,95,dijkstra,127,4,limiar_25,1,1,15,127
30,16,26-1,longo,95,dijkstra,127,4,limiar_50,1,1,40,127
30,16,26-1,longo,95,dijkstra,127,4,otimo,1,1,40,127
30,16,7-9,medio,26,dijkstra,52,2,guloso,1,2,23,52
30,16,7-9,medio,26,dijkstra,52,2,todo_centro,1,2,23,52
30,16,7-9,medio,26,dijkstra,52,2,limiar_10,0,0,0,26
30,16,7-9,medio,26,dijkstra,52,2,limiar_25,0,0,0,26
30,16,7-9,medio,26,dijkstra,52,2,limiar_50,0,0,0,26
30,16,7-9,medio,26,dijkstra,52,2,otimo,1,2,23,52
30,16,7-9,longo,39,dijkstra,52,2,guloso,1,1,10,52
30,16,7-9,longo,39,dijkstra,52,2,todo_centro,1,2,49,52
30,16,7-9,longo,39,dijkstra,52,2,limiar_10,0,0,0,31
30,16,7-9,longo,39,dijkstra,52,2,limiar_25,0,0,0,31
30,16,7-9,longo,39,dijkstra,52,2,limiar_50,1,1,10,52
30,16,7-9,longo,39,dijkstra,52,2,otimo,1,1,10,52
30,16,28-6,medio,71,bfs,156,5,guloso,1,2,7,156
30,16,28-6,medio,71,bfs,156,5,todo_centro,1,5,220,156
30,16,28-6,medio,71,bfs,156,5,limiar_10,1,2,7,156
30,16,28-6,medio,71,bfs,156,5,limiar_25,0,1,16,119
30,16,28-6,medio,71,bfs,156,5,limiar_50,1,2,37,156
30,16,28-6,medio,71,bfs,156,5,otimo,1,2,37,156
30,16,28-6,medio,71,dijkstra,142,5,guloso,1,2,21,142
30,16,28-6,medio,71,dijkstra,142,5,todo_centro,1,5,234,142
30,16,28-6,medio,71,dijkstra,142,5,limiar_10,0,1,7,135
30,16,28-6,medio,71,dijkstra,142,5,limiar_25,1,2,21,142
30,16,28-6,medio,71,dijkstra,142,5,limiar_50,1,2,51,142
30,16,28-6,medio,71,dijkstra,142,5,otimo,1,2,62,142
30,16,28-6,longo,106,bfs,156,5,guloso,1,1,1,156
30,16,28-6,longo,106,bfs,156,5,todo_centro,1,5,395,156
30,16,28-6,longo,106,bfs,156,5,limiar_10,1,1,1,156
30,16,28-6,longo,106,bfs,156,5,limiar_25,1,1,26,156
30,16,28-6,longo,106,bfs,156,5,limiar_50,1,2,77,156
30,16,28-6,longo,106,bfs,156,5,otimo,1,1,51,156
30,16,28-6,longo,106,dijkstra,142,5,guloso,1,1,15,142
30,16,28-6,longo,106,dijkstra,142,5,todo_centro,1,5,409,142
30,16,28-6,longo,106,dijkstra,142,5,limiar_10,0,0,0,105
30,16,28-6,longo,106,dijkstra,142,5,limiar_25,1,1,26,142
30,16,28-6,longo,106,dijkstra,142,5,limiar_50,1,2,91,142
30,16,28-6,longo,106,dijkstra,142,5,otimo,1,1,51,142
30,16,2-19,curto,51,dijkstra,171,7,guloso,1,4,77,171
30,16,2-19,curto,51,dijkstra,171,7,todo_centro,1,7,199,171
30,16,2-19,curto,51,dijkstra,171,7,limiar_10,0,0,0,49
30,16,2-19,curto,51,dijkstra,171,7,limiar_25,0,0,0,49
30,16,2-19,curto,51,dijkstra,171,7,limiar_50,1,5,97,171
30,16,2-19,curto,51,dijkstra,171,7,otimo,1,4,80,171
30,16,2-19,medio,86,dijkstra,171,7,guloso,1,2,45,171
30,16,2-19,medio,86,dijkstra,171,7,todo_centro,1,7,444,171
30,16,2-19,medio,86,dijkstra,171,7,limiar_10,0,0,0,85
30,16,2-19,medio,86,dijkstra,171,7,limiar_25,0,0,0,85
30,16,2-19,medio,86,dijkstra,171,7,limiar_50,1,2,48,171
30,16,2-19,medio,86,dijkstra,171,7,otimo,1,2,80,171
30,16,2-19,longo,128,bfs,231,4,guloso,1,2,38,231
30,16,2-19,longo,128,bfs,231,4,todo_centro,1,4,294,231
30,16,2-19,longo,128,bfs,231,4,limiar_10,0,0,0,127
30,16,2-19,longo,128,bfs,231,4,limiar_25,0,0,0,127
30,16,2-19,longo,128,bfs,231,4,limiar_50,0,1,62,188
30,16,2-19,longo,128,bfs,231,4,otimo,1,2,38,231
30,16,2-19,longo,128,dijkstra,171,7,guloso,1,1,1,171
30,16,2-19,longo,128,dijkstra,171,7,todo_centro,1,7,738,171
30,16,2-19,longo,128,dijkstra,171,7,limiar_10,1,1,4,171
30,16,2-19,longo,128,dijkstra,171,7,limiar_25,1,1,4,171
30,16,2-19,longo,128,dijkstra,171,7,limiar_50,1,2,98,171
30,16,2-19,longo,128,dijkstra,171,7,otimo,1,1,72,171
30,16,26-14,medio,86,bfs,186,5,guloso,1,2,19,186
30,16,26-14,medio,86,bfs,186,5,todo_centro,1,5,277,186
30,16,26-14,medio,86,bfs,186,5,limiar_10,0,0,0,77
30,16,26-14,medio,86,bfs,186,5,limiar_25,1,2,19,186
30,16,26-14,medio,86,bfs,186,5,limiar_50,1,2,49,186
30,16,26-14,medio,86,bfs,186,5,otimo,1,2,49,186
30,16,26-14,medio,86,dijkstra,172,7,guloso,1,2,75,172
30,16,26-14,medio,86,dijkstra,172,7,todo_centro,1,7,505,172
30,16,26-14,medio,86,dijkstra,172,7,limiar_10,0,0,0,85
30,16,26-14,medio,86,dijkstra,172,7,limiar_25,0,0,0,85
30,16,26-14,medio,86,dijkstra,172,7,limiar_50,0,1,30,139
30,16,26-14,medio,86,dijkstra,172,7,otimo,1,2,80,172
30,16,26-14,longo,129,dfs,452,11,guloso,1,3,23,452
30,16,26-14,longo,129,dfs,452,11,todo_centro,1,11,1000,452
30,16,26-14,longo,129,dfs,452,11,limiar_10,1,3,23,452
30,16,26-14,longo,129,dfs,452,11,limiar_25,1,3,31,452
30,16,26-14,longo,129,dfs,452,11,limiar_50,0,2,51,326
30,16,26-14,longo,129,dfs,452,11,otimo,1,3,31,452
30,16,26-14,longo,129,bfs,186,5,guloso,1,1,6,186
30,16,26-14,longo,129,bfs,186,5,todo_centro,1,5,492,186
30,16,26-14,longo,129,bfs,186,5,limiar_10,1,1,6,186
30,16,26-14,longo,129,bfs,186,5,limiar_25,1,1,6,186
30,16,26-14,longo,129,bfs,186,5,limiar_50,1,2,105,186
30,16,26-14,longo,129,bfs,186,5,otimo,1,1,65,186
30,16,26-14,longo,129,dijkstra,172,7,guloso,1,1,32,172
30,16,26-14,longo,129,dijkstra,172,7,todo_centro,1,7,806,172
30,16,26-14,longo,129,dijkstra,172,7,limiar_10,0,0,0,122
30,16,26-14,longo,129,dijkstra,172,7,limiar_25,1,1,32,172
30,16,26-14,longo,129,dijkstra,172,7,limiar_50,1,1,37,172
30,16,26-14,longo,129,dijkstra,172,7,otimo,1,1,73,172
30,18,21-18,medio,70,dfs,213,5,guloso,1,3,59,213
30,18,21-18,medio,70,dfs,213,5,todo_centro,1,5,199,213
30,18,21-18,medio,70,dfs,213,5,limiar_10,0,0,0,61
30,18,21-18,medio,70,dfs,213,5,limiar_25,0,1,9,131
30,18,21-18,medio,70,dfs,213,5,limiar_50,1,3,59,213
30,18,21-18,medio,70,dfs,213,5,otimo,1,3,59,213
30,18,21-18,medio,70,dijkstra,141,9,guloso,1,2,11,141
30,18,21-18,medio,70,dijkstra,141,9,todo_centro,1,9,501,141
30,18,21-18,medio,70,dijkstra,141,9,limiar_10,0,0,0,70
30,18,21-18,medio,70,dijkstra,141,9,limiar_25,1,2,19,141
30,18,21-18,medio,70,dijkstra,141,9,limiar_50,1,2,34,141
30,18,21-18,medio,70,dijkstra,141,9,otimo,1,2,34,141
30,18,21-18,longo,106,dfs,213,5,guloso,1,2,61,213
30,18,21-18,longo,106,dfs,213,5,todo_centro,1,5,379,213
30,18,21-18,longo,106,dfs,213,5,limiar_10,0,1,8,204
30,18,21-18,longo,106,dfs,213,5,limiar_25,0,1,13,192
30,18,21-18,longo,106,dfs,213,5,limiar_50,1,2,61,213
30,18,21-18,longo,106,dfs,213,5,otimo,1,2,61,213
30,18,21-18,longo,106,dijkstra,141,9,guloso,1,1,0,141
30,18,21-18,longo,106,dijkstra,141,9,todo_centro,1,9,825,141
30,18,21-18,longo,106,dijkstra,141,9,limiar_10,1,1,0,141
30,18,21-18,longo,106,dijkstra,141,9,limiar_25,1,1,0,141
30,18,21-18,longo,106,dijkstra,141,9,limiar_50,1,2,91,141
30,18,21-18,longo,106,dijkstra,141,9,otimo,1,1,70,141
30,18,24-0,longo,88,dijkstra,118,2,guloso,1,1,56,118
30,18,24-0,longo,88,dijkstra,118,2,todo_centro,1,2,144,118
30,18,24-0,longo,88,dijkstra,118,2,limiar_10,0,0,0,75
30,18,24-0,longo,88,dijkstra,118,2,limiar_25,0,0,0,75
30,18,24-0,longo,88,dijkstra,118,2,limiar_50,0,0,0,75
30,18,24-0,longo,88,dijkstra,118,2,otimo,1,1,56,118
30,18,19-6,longo,73,bfs,101,2,guloso,1,1,41,101
30,18,19-6,longo,73,bfs,101,2,todo_centro,1,2,114,101
30,18,19-6,longo,73,bfs,101,2,limiar_10,0,0,0,62
30,18,19-6,longo,73,bfs,101,2,limiar_25,0,0,0,62
30,18,19-6,longo,73,bfs,101,2,limiar_50,0,0,0,62
30,18,19-6,longo,73,bfs,101,2,otimo,1,1,44,101
30,18,19-6,longo,73,dijkstra,97,2,guloso,1,1,41,97
30,18,19-6,longo,73,dijkstra,97,2,todo_centro,1,2,114,97
30,18,19-6,longo,73,dijkstra,97,2,limiar_10,0,0,0,62
30,18,19-6,longo,73,dijkstra,97,2,limiar_25,0,0,0,62
30,18,19-6,longo,73,dijkstra,97,2,limiar_50,0,0,0,62
30,18,19-6,longo,73,dijkstra,97,2,otimo,1,1,44,97
30,18,22-11,medio,70,dijkstra,141,8,guloso,1,2,19,141
30,18,22-11,medio,70,dijkstra,141,8,todo_centro,1,8,439,141
30,18,22-11,medio,70,dijkstra,141,8,limiar_10,0,0,0,70
30,18,22-11,medio,70,dijkstra,141,8,limiar_25,1,2,19,141
30,18,22-11,medio,70,dijkstra,141,8,limiar_50,1,2,34,141
30,18,22-11,medio,70,dijkstra,141,8,otimo,1,2,34,141
30,18,22-11,longo,106,bfs,143,4,guloso,1,2,90,143
30,18,22-11,longo,106,bfs,143,4,todo_centro,1,4,302,143
30,18,22-11,longo,106,bfs,143,4,limiar_10,0,0,0,105
30,18,22-11,longo,106,bfs,143,4,limiar_25,0,0,0,105
30,18,22-11,longo,106,bfs,143,4,limiar_50,0,0,0,105
30,18,22-11,longo,106,bfs,143,4,otimo,1,2,93,143
30,18,22-11,longo,106,dijkstra,141,8,guloso,1,1,0,141
30,18,22-11,longo,106,dijkstra,141,8,todo_centro,1,8,727,141
30,18,22-11,longo,106,dijkstra,141,8,limiar_10,1,1,0,141
30,18,22-11,longo,106,dijkstra,141,8,limiar_25,1,1,0,141
30,18,22-11,longo,106,dijkstra,141,8,limiar_50,1,2,91,141
30,18,22-11,longo,106,dijkstra,141,8,otimo,1,1,70,141
30,18,16-6,medio,44,dijkstra,88,3,guloso,1,2,12,88
30,18,16-6,medio,44,dijkstra,88,3,todo_centro,1,3,56,88
30,18,16-6,medio,44,dijkstra,88,3,limiar_10,0,0,0,36
30,18,16-6,medio,44,dijkstra,88,3,limiar_25,0,0,0,36
30,18,16-6,medio,44,dijkstra,88,3,limiar_50,0,1,15,62
30,18,16-6,medio,44,dijkstra,88,3,otimo,1,2,12,88
30,18,16-6,longo,66,bfs,90,3,guloso,1,1,34,90
30,18,16-6,longo,66,bfs,90,3,todo_centro,1,3,120,90
30,18,16-6,longo,66,bfs,90,3,limiar_10,0,0,0,62
30,18,16-6,longo,66,bfs,90,3,limiar_25,0,0,0,62
30,18,16-6,longo,66,bfs,90,3,limiar_50,0,0,0,62
30,18,16-6,longo,66,bfs,90,3,otimo,1,1,37,90
30,18,16-6,longo,66,dijkstra,88,3,guloso,1,1,34,88
30,18,16-6,longo,66,dijkstra,88,3,todo_centro,1,3,122,88
30,18,16-6,longo,66,dijkstra,88,3,limiar_10,0,0,0,62
30,18,16-6,longo,66,dijkstra,88,3,limiar_25,0,0,0,62
30,18,16-6,longo,66,dijkstra,88,3,limiar_50,0,0,0,62
30,18,16-6,longo,66,dijkstra,88,3,otimo,1,1,37,88
30,18,22-9,longo,106,bfs,143,4,guloso,1,2,90,143
30,18,22-9,longo,106,bfs,143,4,todo_centro,1,4,302,143
30,18,22-9,longo,106,bfs,143,4,limiar_10,0,0,0,105
30,18,22-9,longo,106,bfs,143,4,limiar_25,0,0,0,105
30,18,22-9,longo,106,bfs,143,4,limiar_50,0,0,0,105
30,18,22-9,longo,106,bfs,143,4,otimo,1,2,93,143
30,18,22-9,longo,106,dijkstra,141,4,guloso,1,2,92,141
30,18,22-9,longo,106,dijkstra,141,4,todo_centro,1,4,304,141
30,18,22-9,longo,106,dijkstra,141,4,limiar_10,0,0,0,103
30,18,22-9,longo,106,dijkstra,141,4,limiar_25,0,0,0,103
30,18,22-9,longo,106,dijkstra,141,4,limiar_50,0,0,0,103
30,18,22-9,longo,106,dijkstra,141,4,otimo,1,2,95,141
30,18,20-13,medio,62,dijkstra,125,8,guloso,1,2,3,125
30,18,20-13,medio,62,dijkstra,125,8,todo_centro,1,8,375,125
30,18,20-13,medio,62,dijkstra,125,8,limiar_10,1,2,3,125
30,18,20-13,medio,62,dijkstra,125,8,limiar_25,1,2,3,125
30,18,20-13,medio,62,dijkstra,125,8,limiar_50,0,1,30,84
30,18,20-13,medio,62,dijkstra,125,8,otimo,1,2,18,125
30,18,20-13,longo,94,bfs,129,4,guloso,1,2,66,129
30,18,20-13,longo,94,bfs,129,4,todo_centro,1,4,254,129
30,18,20-13,longo,94,bfs,129,4,limiar_10,0,0,0,94
30,18,20-13,longo,94,bfs,129,4,limiar_25,0,0,0,94
30,18,20-13,longo,94,bfs,129,4,limiar_50,0,0,0,94
30,18,20-13,longo,94,bfs,129,4,otimo,1,2,69,129
30,18,20-13,longo,94,dijkstra,125,8,guloso,1,1,33,125
30,18,20-13,longo,94,dijkstra,125,8,todo_centro,1,8,631,125
30,18,20-13,longo,94,dijkstra,125,8,limiar_10,0,0,0,84
30,18,20-13,longo,94,dijkstra,125,8,limiar_25,0,0,0,84
30,18,20-13,longo,94,dijkstra,125,8,limiar_50,1,2,67,125
30,18,20-13,longo,94,dijkstra,125,8,otimo,1,1,62,125
30,18,21-10,longo,97,bfs,131,4,guloso,1,2,72,131
30,18,21-10,longo,97,bfs,131,4,todo_centro,1,4,266,131
30,18,21-10,longo,97,bfs,131,4,limiar_10,0,0,0,97
30,18,21-10,longo,97,bfs,131,4,limiar_25,0,0,0,97
30,18,21-10,longo,97,bfs,131,4,limiar_50,0,0,0,97
30,18,21-10,longo,97,bfs,131,4,otimo,1,2,75,131
30,18,21-10,longo,97,dijkstra,129,4,guloso,1,1,65,129
30,18,21-10,longo,97,dijkstra,129,4,todo_centro,1,4,268,129
30,18,21-10,longo,97,dijkstra,129,4,limiar_10,0,0,0,95
30,18,21-10,longo,97,dijkstra,129,4,limiar_25,0,0,0,95
30,18,21-10,longo,97,dijkstra,129,4,limiar_50,0,0,0,95
30,18,21-10,longo,97,dijkstra,129,4,otimo,1,1,65,129
30,18,2-11,longo,41,dijkstra,55,1,guloso,1,1,7,55
30,18,2-11,longo,41,dijkstra,55,1,todo_centro,1,1,7,55
30,18,2-11,longo,41,dijkstra,55,1,limiar_10,0,0,0,34
30,18,2-11,longo,41,dijkstra,55,1,limiar_25,1,1,7,55
30,18,2-11,longo,41,dijkstra,55,1,limiar_50,1,1,7,55
30,18,2-11,longo,41,dijkstra,55,1,otimo,1,1,7,55
30,19,29-15,longo,123,bfs,194,7,guloso,1,1,41,194
30,19,29-15,longo,123,bfs,194,7,todo_centro,1,7,679,194
30,19,29-15,longo,123,bfs,194,7,limiar_10,0,0,0,115
30,19,29-15,longo,123,bfs,194,7,limiar_25,0,0,0,115
30,19,29-15,longo,123,bfs,194,7,limiar_50,1,2,81,194
30,19,29-15,longo,123,bfs,194,7,otimo,1,1,41,194
30,19,29-15,longo,123,dijkstra,164,6,guloso,1,1,69,164
30,19,29-15,longo,123,dijkstra,164,6,todo_centro,1,6,586,164
30,19,29-15,longo,123,dijkstra,164,6,limiar_10,0,0,0,118
30,19,29-15,longo,123,dijkstra,164,6,limiar_25,0,0,0,118
30,19,29-15,longo,123,dijkstra,164,6,limiar_50,0,0,0,118
30,19,29-15,longo,123,dijkstra,164,6,otimo,1,1,69,164
30,19,1-20,curto,90,dijkstra,299,14,guloso,1,3,53,299
30,19,1-20,curto,90,dijkstra,299,14,todo_centro,1,14,995,299
30,19,1-20,curto,90,dijkstra,299,14,limiar_10,0,0,0,87
30,19,1-20,curto,90,dijkstra,299,14,limiar_25,0,0,0,87
30,19,1-20,curto,90,dijkstra,299,14,limiar_50,1,4,96,299
30,19,1-20,curto,90,dijkstra,299,14,otimo,1,3,53,299
30,19,1-20,medio,150,dijkstra,299,14,guloso,1,1,0,299
30,19,1-20,medio,150,dijkstra,299,14,todo_centro,1,14,1835,299
30,19,1-20,medio,150,dijkstra,299,14,limiar_10,0,1,13,287
30,19,1-20,medio,150,dijkstra,299,14,limiar_25,1,2,50,299
30,19,1-20,medio,150,dijkstra,299,14,limiar_50,1,2,83,299
30,19,1-20,medio,150,dijkstra,299,14,otimo,1,1,0,299
30,19,1-20,longo,224,dfs,353,8,guloso,1,2,189,353
30,19,1-20,longo,224,dfs,353,8,todo_centro,1,8,1476,353
30,19,1-20,longo,224,dfs,353,8,limiar_10,0,0,0,222
30,19,1-20,longo,224,dfs,353,8,limiar_25,0,0,0,222
30,19,1-20,longo,224,dfs,353,8,limiar_50,0,0,0,222
30,19,1-20,longo,224,dfs,353,8,otimo,1,2,189,353
30,19,1-20,longo,224,bfs,365,8,guloso,1,2,177,365
30,19,1-20,longo,224,bfs,365,8,todo_centro,1,8,1464,365
30,19,1-20,longo,224,bfs,365,8,limiar_10,0,0,0,218
30,19,1-20,longo,224,bfs,365,8,limiar_25,0,0,0,218
30,19,1-20,longo,224,bfs,365,8,limiar_50,0,0,0,218
30,19,1-20,longo,224,bfs,365,8,otimo,1,2,177,365
30,19,1-20,longo,224,dijkstra,299,14,guloso,1,1,7,299
30,19,1-20,longo,224,dijkstra,299,14,todo_centro,1,14,2871,299
30,19,1-20,longo,224,dijkstra,299,14,limiar_10,1,1,7,299
30,19,1-20,longo,224,dijkstra,299,14,limiar_25,1,1,53,299
30,19,1-20,longo,224,dijkstra,299,14,limiar_50,1,2,199,299
30,19,1-20,longo,224,dijkstra,299,14,otimo,1,1,87,299
30,19,5-3,longo,22,bfs,32,3,guloso,1,1,11,32
30,19,5-3,longo,22,bfs,32,3,todo_centro,1,3,55,32
30,19,5-3,longo,22,bfs,32,3,limiar_10,0,0,0,12
30,19,5-3,longo,22,bfs,32,3,limiar_25,0,0,0,12
30,19,5-3,longo,22,bfs,32,3,limiar_50,1,1,11,32
30,19,5-3,longo,22,bfs,32,3,otimo,1,1,11,32
30,19,5-3,longo,22,dijkstra,30,1,guloso,1,1,13,30
30,19,5-3,longo,22,dijkstra,30,1,todo_centro,1,1,13,30
30,19,5-3,longo,22,dijkstra,30,1,limiar_10,0,0,0,21
30,19,5-3,longo,22,dijkstra,30,1,limiar_25,0,0,0,21
30,19,5-3,longo,22,dijkstra,30,1,limiar_50,0,0,0,21
30,19,5-3,longo,22,dijkstra,30,1,otimo,1,1,13,30
30,19,23-3,longo,99,bfs,160,4,guloso,1,1,17,160
30,19,23-3,longo,99,bfs,160,4,todo_centro,1,4,314,160
30,19,23-3,longo,99,bfs,160,4,limiar_10,0,0,0,98
30,19,23-3,longo,99,bfs,160,4,limiar_25,1,1,17,160
30,19,23-3,longo,99,bfs,160,4,limiar_50,1,1,17,160
30,19,23-3,longo,99,bfs,160,4,otimo,1,1,17,160
30,19,23-3,longo,99,dijkstra,132,3,guloso,1,1,45,132
30,19,23-3,longo,99,dijkstra,132,3,todo_centro,1,3,243,132
30,19,23-3,longo,99,dijkstra,132,3,limiar_10,0,0,0,87
30,19,23-3,longo,99,dijkstra,132,3,limiar_25,0,0,0,87
30,19,23-3,longo,99,dijkstra,132,3,limiar_50,1,1,45,132
30,19,23-3,longo,99,dijkstra,132,3,otimo,1,1,60,132
30,19,26-22,medio,132,dijkstra,264,10,guloso,1,2,87,264
30,19,26-22,medio,132,dijkstra,264,10,todo_centro,1,10,1088,264
30,19,26-22,medio,132,dijkstra,264,10,limiar_10,0,0,0,132
30,19,26-22,medio,132,dijkstra,264,10,limiar_25,0,0,0,132
30,19,26-22,medio,132,dijkstra,264,10,limiar_50,0,0,0,132
30,19,26-22,medio,132,dijkstra,264,10,otimo,1,2,127,264
30,19,26-22,longo,198,dfs,336,6,guloso,1,2,147,336
30,19,26-22,longo,198,dfs,336,6,todo_centro,1,6,914,336
30,19,26-22,longo,198,dfs,336,6,limiar_10,0,0,0,195
30,19,26-22,longo,198,dfs,336,6,limiar_25,0,0,0,195
30,19,26-22,longo,198,dfs,336,6,limiar_50,0,0,0,195
30,19,26-22,longo,198,dfs,336,6,otimo,1,2,147,336
30,19,26-22,longo,198,bfs,336,7,guloso,1,2,135,336
30,19,26-22,longo,198,bfs,336,7,todo_centro,1,7,1076,336
30,19,26-22,longo,198,bfs,336,7,limiar_10,0,0,0,192
30,19,26-22,longo,198,bfs,336,7,limiar_25,0,0,0,192
30,19,26-22,longo,198,bfs,336,7,limiar_50,0,0,0,192
30,19,26-22,longo,198,bfs,336,7,otimo,1,2,135,336
30,19,26-22,longo,198,dijkstra,264,10,guloso,1,1,21,264
30,19,26-22,longo,198,dijkstra,264,10,todo_centro,1,10,1748,264
30,19,26-22,longo,198,dijkstra,264,10,limiar_10,0,0,0,187
30,19,26-22,longo,198,dijkstra,264,10,limiar_25,1,1,48,264
30,19,26-22,longo,198,dijkstra,264,10,limiar_50,1,1,61,264
30,19,26-22,longo,198,dijkstra,264,10,otimo,1,1,61,264
30,19,25-29,medio,118,dijkstra,236,9,guloso,1,2,65,236
30,19,25-29,medio,118,dijkstra,236,9,todo_centro,1,9,855,236
30,19,25-29,medio,118,dijkstra,236,9,limiar_10,0,0,0,118
30,19,25-29,medio,118,dijkstra,236,9,limiar_25,0,0,0,118
30,19,25-29,medio,118,dijkstra,236,9,limiar_50,0,0,0,118
30,19,25-29,medio,118,dijkstra,236,9,otimo,1,2,99,236
30,19,25-29,longo,177,dfs,278,5,guloso,1,2,105,278
30,19,25-29,longo,177,dfs,278,5,todo_centro,1,5,636,278
30,19,25-29,longo,177,dfs,278,5,limiar_10,0,0,0,177
30,19,25-29,longo,177,dfs,278,5,limiar_25,0,0,0,177
30,19,25-29,longo,177,dfs,278,5,limiar_50,0,0,0,177
30,19,25-29,longo,177,dfs,278,5,otimo,1,2,105,278
30,19,25-29,longo,177,dijkstra,236,9,guloso,1,1,0,236
30,19,25-29,longo,177,dijkstra,236,9,todo_centro,1,9,1386,236
30,19,25-29,longo,177,dijkstra,236,9,limiar_10,1,1,6,236
30,19,25-29,longo,177,dijkstra,236,9,limiar_25,1,1,40,236
30,19,25-29,longo,177,dijkstra,236,9,limiar_50,1,1,40,236
30,19,25-29,longo,177,dijkstra,236,9,otimo,1,1,40,236
30,19,10-29,medio,128,dijkstra,255,10,guloso,1,2,79,255
30,19,10-29,medio,128,dijkstra,255,10,todo_centro,1,10,1034,255
30,19,10-29,medio,128,dijkstra,255,10,limiar_10,0,0,0,118
30,19,10-29,medio,128,dijkstra,255,10,limiar_25,0,0,0,118
30,19,10-29,medio,128,dijkstra,255,10,limiar_50,0,0,0,118
30,19,10-29,medio,128,dijkstra,255,10,otimo,1,2,119,255
30,19,10-29,longo,191,dfs,361,8,guloso,1,2,123,361
30,19,10-29,longo,191,dfs,361,8,todo_centro,1,8,1203,361
30,19,10-29,longo,191,dfs,361,8,limiar_10,0,0,0,180
30,19,10-29,longo,191,dfs,361,8,limiar_25,0,0,0,180
30,19,10-29,longo,191,dfs,361,8,limiar_50,0,0,0,180
30,19,10-29,longo,191,dfs,361,8,otimo,1,2,123,361
30,19,10-29,longo,191,bfs,317,6,guloso,1,2,111,317
30,19,10-29,longo,191,bfs,317,6,todo_centro,1,6,838,317
30,19,10-29,longo,191,bfs,317,6,limiar_10,0,0,0,189
30,19,10-29,longo,191,bfs,317,6,limiar_25,0,0,0,189
30,19,10-29,longo,191,bfs,317,6,limiar_50,0,0,0,189
30,19,10-29,longo,191,bfs,317,6,otimo,1,2,111,317
30,19,10-29,longo,191,dijkstra,255,10,guloso,1,1,14,255
30,19,10-29,longo,191,dijkstra,255,10,todo_centro,1,10,1664,255
30,19,10-29,longo,191,dijkstra,255,10,limiar_10,1,1,16,255
30,19,10-29,longo,191,dijkstra,255,10,limiar_25,1,1,41,255
30,19,10-29,longo,191,dijkstra,255,10,limiar_50,1,2,136,255
30,19,10-29,longo,191,dijkstra,255,10,otimo,1,1,54,255
30,19,12-21,medio,130,dijkstra,259,12,guloso,1,2,83,259
30,19,12-21,medio,130,dijkstra,259,12,todo_centro,1,12,1305,259
30,19,12-21,medio,130,dijkstra,259,12,limiar_10,0,0,0,129
30,19,12-21,medio,130,dijkstra,259,12,limiar_25,0,0,0,129
30,19,12-21,medio,130,dijkstra,259,12,limiar_50,0,0,0,129
30,19,12-21,medio,130,dijkstra,259,12,otimo,1,2,123,259
30,19,12-21,longo,194,dfs,311,7,guloso,1,2,129,311
30,19,12-21,longo,194,dfs,311,7,todo_centro,1,7,1051,311
30,19,12-21,longo,194,dfs,311,7,limiar_10,0,0,0,180
30,19,12-21,longo,194,dfs,311,7,limiar_25,0,0,0,180
30,19,12-21,longo,194,dfs,311,7,limiar_50,0,0,0,180
30,19,12-21,longo,194,dfs,311,7,otimo,1,2,129,311
30,19,12-21,longo,194,bfs,331,6,guloso,1,2,117,331
30,19,12-21,longo,194,bfs,331,6,todo_centro,1,6,861,331
30,19,12-21,longo,194,bfs,331,6,limiar_10,0,0,0,192
30,19,12-21,longo,194,bfs,331,6,limiar_25,0,0,0,192
30,19,12-21,longo,194,bfs,331,6,limiar_50,0,0,0,192
30,19,12-21,longo,194,bfs,331,6,otimo,1,2,117,331
30,19,12-21,longo,194,dijkstra,259,12,guloso,1,1,17,259
30,19,12-21,longo,194,dijkstra,259,12,todo_centro,1,12,2073,259
30,19,12-21,longo,194,dijkstra,259,12,limiar_10,1,1,19,259
30,19,12-21,longo,194,dijkstra,259,12,limiar_25,1,1,44,259
30,19,12-21,longo,194,dijkstra,259,12,limiar_50,1,2,139,259
30,19,12-21,longo,194,dijkstra,259,12,otimo,1,1,57,259
30,19,11-8,medio,42,bfs,89,5,guloso,1,3,68,89
30,19,11-8,medio,42,bfs,89,5,todo_centro,1,5,152,89
30,19,11-8,medio,42,bfs,89,5,limiar_10,0,0,0,42
30,19,11-8,medio,42,bfs,89,5,limiar_25,0,0,0,42
30,19,11-8,medio,42,bfs,89,5,limiar_50,0,0,0,42
30,19,11-8,medio,42,bfs,89,5,otimo,1,3,68,89
30,19,11-8,medio,42,dijkstra,85,3,guloso,1,2,30,85
30,19,11-8,medio,42,dijkstra,85,3,todo_centro,1,3,72,85
30,19,11-8,medio,42,dijkstra,85,3,limiar_10,0,1,3,67
30,19,11-8,medio,42,dijkstra,85,3,limiar_25,0,1,3,67
30,19,11-8,medio,42,dijkstra,85,3,limiar_50,0,1,3,67
30,19,11-8,medio,42,dijkstra,85,3,otimo,1,2,30,85
30,19,11-8,longo,64,dfs,99,3,guloso,1,1,11,99
30,19,11-8,longo,64,dfs,99,3,todo_centro,1,3,124,99
30,19,11-8,longo,64,dfs,99,3,limiar_10,0,0,0,54
30,19,11-8,longo,64,dfs,99,3,limiar_25,1,1,11,99
30,19,11-8,longo,64,dfs,99,3,limiar_50,1,1,11,99
30,19,11-8,longo,64,dfs,99,3,otimo,1,1,11,99
30,19,11-8,longo,64,bfs,89,5,guloso,1,1,6,89
30,19,11-8,longo,64,bfs,89,5,todo_centro,1,5,262,89
30,19,11-8,longo,64,bfs,89,5,limiar_10,1,1,6,89
30,19,11-8,longo,64,bfs,89,5,limiar_25,1,1,6,89
30,19,11-8,longo,64,bfs,89,5,limiar_50,1,1,21,89
30,19,11-8,longo,64,bfs,89,5,otimo,1,1,21,89
30,19,11-8,longo,64,dijkstra,85,3,guloso,1,1,10,85
30,19,11-8,longo,64,dijkstra,85,3,todo_centro,1,3,138,85
30,19,11-8,longo,64,dijkstra,85,3,limiar_10,0,0,0,57
30,19,11-8,longo,64,dijkstra,85,3,limiar_25,1,1,10,85
30,19,11-8,longo,64,dijkstra,85,3,limiar_50,1,1,25,85
30,19,11-8,longo,64,dijkstra,85,3,otimo,1,1,25,85
30,19,9-23,curto,83,dijkstra,278,12,guloso,1,3,32,278
30,19,9-23,curto,83,dijkstra,278,12,todo_centro,1,12,741,278
30,19,9-23,curto,83,dijkstra,278,12,limiar_10,0,0,0,83
30,19,9-23,curto,83,dijkstra,278,12,limiar_25,0,0,0,83
30,19,9-23,curto,83,dijkstra,278,12,limiar_50,1,3,32,278
30,19,9-23,curto,83,dijkstra,278,12,otimo,1,3,32,278
30,19,9-23,medio,139,dijkstra,278,12,guloso,1,2,23,278
30,19,9-23,medio,139,dijkstra,278,12,todo_centro,1,12,1413,278
30,19,9-23,medio,139,dijkstra,278,12,limiar_10,0,1,2,275
30,19,9-23,medio,139,dijkstra,278,12,limiar_25,1,2,29,278
30,19,9-23,medio,139,dijkstra,278,12,limiar_50,1,2,61,278
30,19,9-23,medio,139,dijkstra,278,12,otimo,1,2,128,278
30,19,9-23,longo,208,dfs,330,7,guloso,1,2,157,330
30,19,9-23,longo,208,dfs,330,7,todo_centro,1,7,1149,330
30,19,9-23,longo,208,dfs,330,7,limiar_10,0,0,0,206
30,19,9-23,longo,208,dfs,330,7,limiar_25,0,0,0,206
30,19,9-23,longo,208,dfs,330,7,limiar_50,0,0,0,206
30,19,9-23,longo,208,dfs,330,7,otimo,1,2,157,330
30,19,9-23,longo,208,bfs,342,7,guloso,1,2,145,342
30,19,9-23,longo,208,bfs,342,7,todo_centro,1,7,1137,342
30,19,9-23,longo,208,bfs,342,7,limiar_10,0,0,0,207
30,19,9-23,longo,208,bfs,342,7,limiar_25,0,0,0,207
30,19,9-23,longo,208,bfs,342,7,limiar_50,0,0,0,207
30,19,9-23,longo,208,bfs,342,7,otimo,1,2,145,342
30,19,9-23,longo,208,dijkstra,278,12,guloso,1,1,31,278
30,19,9-23,longo,208,dijkstra,278,12,todo_centro,1,12,2241,278
30,19,9-23,longo,208,dijkstra,278,12,limiar_10,0,0,0,201
30,19,9-23,longo,208,dijkstra,278,12,limiar_25,1,1,37,278
30,19,9-23,longo,208,dijkstra,278,12,limiar_50,1,2,167,278
30,19,9-23,longo,208,dijkstra,278,12,otimo,1,1,71,278
30,20,1-14,longo,61,dijkstra,81,2,guloso,1,1,41,81
30,20,1-14,longo,61,dijkstra,81,2,todo_centro,1,2,102,81
30,20,1-14,longo,61,dijkstra,81,2,limiar_10,0,0,0,54
30,20,1-14,longo,61,dijkstra,81,2,limiar_25,0,0,0,54
30,20,1-14,longo,61,dijkstra,81,2,limiar_50,0,0,0,54
30,20,1-14,longo,61,dijkstra,81,2,otimo,1,1,41,81
30,20,27-24,curto,51,dijkstra,171,8,guloso,1,3,27,171
30,20,27-24,curto,51,dijkstra,171,8,todo_centro,1,8,252,171
30,20,27-24,curto,51,dijkstra,171,8,limiar_10,0,0,0,51
30,20,27-24,curto,51,dijkstra,171,8,limiar_25,0,0,0,51
30,20,27-24,curto,51,dijkstra,171,8,limiar_50,1,4,51,171
30,20,27-24,curto,51,dijkstra,171,8,otimo,1,3,27,171
30,20,27-24,medio,86,dijkstra,171,8,guloso,1,2,16,171
30,20,27-24,medio,86,dijkstra,171,8,todo_centro,1,8,532,171
30,20,27-24,medio,86,dijkstra,171,8,limiar_10,0,0,0,85
30,20,27-24,medio,86,dijkstra,171,8,limiar_25,1,2,19,171
30,20,27-24,medio,86,dijkstra,171,8,limiar_50,1,2,46,171
30,20,27-24,medio,86,dijkstra,171,8,otimo,1,2,65,171
30,20,27-24,longo,128,bfs,269,6,guloso,1,2,46,269
30,20,27-24,longo,128,bfs,269,6,todo_centro,1,6,514,269
30,20,27-24,longo,128,bfs,269,6,limiar_10,0,0,0,126
30,20,27-24,longo,128,bfs,269,6,limiar_25,1,2,46,269
30,20,27-24,longo,128,bfs,269,6,limiar_50,1,2,46,269
30,20,27-24,longo,128,bfs,269,6,otimo,1,2,46,269
30,20,27-24,longo,128,dijkstra,171,8,guloso,1,1,2,171
30,20,27-24,longo,128,dijkstra,171,8,todo_centro,1,8,868,171
30,20,27-24,longo,128,dijkstra,171,8,limiar_10,1,1,2,171
30,20,27-24,longo,128,dijkstra,171,8,limiar_25,1,1,21,171
30,20,27-24,longo,128,dijkstra,171,8,limiar_50,1,2,103,171
30,20,27-24,longo,128,dijkstra,171,8,otimo,1,1,52,171
30,20,11-2,medio,34,dijkstra,69,4,guloso,1,2,17,69
30,20,11-2,medio,34,dijkstra,69,4,todo_centro,1,4,73,69
30,20,11-2,medio,34,dijkstra,69,4,limiar_10,0,0,0,24
30,20,11-2,medio,34,dijkstra,69,4,limiar_25,0,0,0,24
30,20,11-2,medio,34,dijkstra,69,4,limiar_50,1,2,17,69
30,20,11-2,medio,34,dijkstra,69,4,otimo,1,2,17,69
30,20,11-2,longo,52,bfs,107,2,guloso,1,2,37,107
30,20,11-2,longo,52,bfs,107,2,todo_centro,1,2,37,107
30,20,11-2,longo,52,bfs,107,2,limiar_10,0,0,0,52
30,20,11-2,longo,52,bfs,107,2,limiar_25,0,0,0,52
30,20,11-2,longo,52,bfs,107,2,limiar_50,1,2,37,107
30,20,11-2,longo,52,bfs,107,2,otimo,1,2,37,107
30,20,11-2,longo,52,dijkstra,69,4,guloso,1,1,1,69
30,20,11-2,longo,52,dijkstra,69,4,todo_centro,1,4,145,69
30,20,11-2,longo,52,dijkstra,69,4,limiar_10,1,1,1,69
30,20,11-2,longo,52,dijkstra,69,4,limiar_25,1,1,1,69
30,20,11-2,longo,52,dijkstra,69,4,limiar_50,1,1,1,69
30,20,11-2,longo,52,dijkstra,69,4,otimo,1,1,32,69
30,20,3-7,longo,32,dijkstra,42,2,guloso,1,1,12,42
30,20,3-7,longo,32,dijkstra,42,2,todo_centro,1,2,44,42
30,20,3-7,longo,32,dijkstra,42,2,limiar_10,0,0,0,27
30,20,3-7,longo,32,dijkstra,42,2,limiar_25,0,0,0,27
30,20,3-7,longo,32,dijkstra,42,2,limiar_50,1,1,16,42
30,20,3-7,longo,32,dijkstra,42,2,otimo,1,1,16,42
30,20,11-8,medio,36,bfs,87,3,guloso,1,3,35,87
30,20,11-8,medio,36,bfs,87,3,todo_centro,1,3,35,87
30,20,11-8,medio,36,bfs,87,3,limiar_10,0,1,0,72
30,20,11-8,medio,36,bfs,87,3,limiar_25,0,1,0,72
30,20,11-8,medio,36,bfs,87,3,limiar_50,0,1,0,72
30,20,11-8,medio,36,bfs,87,3,otimo,1,3,35,87
30,20,11-8,medio,36,dijkstra,71,4,guloso,1,2,15,71
30,20,11-8,medio,36,dijkstra,71,4,todo_centro,1,4,87,71
30,20,11-8,medio,36,dijkstra,71,4,limiar_10,0,0,0,36
30,20,11-8,medio,36,dijkstra,71,4,limiar_25,1,2,15,71
30,20,11-8,medio,36,dijkstra,71,4,limiar_50,0,1,16,56
30,20,11-8,medio,36,dijkstra,71,4,otimo,1,2,15,71
30,20,11-8,longo,53,bfs,87,3,guloso,1,1,10,87
30,20,11-8,longo,53,bfs,87,3,todo_centro,1,3,86,87
30,20,11-8,longo,53,bfs,87,3,limiar_10,0,0,0,52
30,20,11-8,longo,53,bfs,87,3,limiar_25,1,1,10,87
30,20,11-8,longo,53,bfs,87,3,limiar_50,1,2,33,87
30,20,11-8,longo,53,bfs,87,3,otimo,1,1,17,87
30,20,11-8,longo,53,dijkstra,71,4,guloso,1,1,26,71
30,20,11-8,longo,53,dijkstra,71,4,todo_centro,1,4,155,71
30,20,11-8,longo,53,dijkstra,71,4,limiar_10,0,0,0,51
30,20,11-8,longo,53,dijkstra,71,4,limiar_25,0,0,0,51
30,20,11-8,longo,53,dijkstra,71,4,limiar_50,1,2,49,71
30,20,11-8,longo,53,dijkstra,71,4,otimo,1,1,33,71
30,20,3-14,longo,58,dijkstra,77,2,guloso,1,1,38,77
30,20,3-14,longo,58,dijkstra,77,2,todo_centro,1,2,96,77
30,20,3-14,longo,58,dijkstra,77,2,limiar_10,0,0,0,54
30,20,3-14,longo,58,dijkstra,77,2,limiar_25,0,0,0,54
30,20,3-14,longo,58,dijkstra,77,2,limiar_50,0,0,0,54
30,20,3-14,longo,58,dijkstra,77,2,otimo,1,1,38,77
30,20,19-28,medio,98,dijkstra,197,7,guloso,1,2,70,197
30,20,19-28,medio,98,dijkstra,197,7,todo_centro,1,7,492,197
30,20,19-28,medio,98,dijkstra,197,7,limiar_10,0,0,0,97
30,20,19-28,medio,98,dijkstra,197,7,limiar_25,0,1,22,174
30,20,19-28,medio,98,dijkstra,197,7,limiar_50,1,3,100,197
30,20,19-28,medio,98,dijkstra,197,7,otimo,1,2,89,197
30,20,19-28,longo,148,dfs,595,12,guloso,1,4,38,595
30,20,19-28,longo,148,dfs,595,12,todo_centro,1,12,1214,595
30,20,19-28,longo,148,dfs,595,12,limiar_10,0,0,0,146
30,20,19-28,longo,148,dfs,595,12,limiar_25,0,3,42,544
30,20,19-28,longo,148,dfs,595,12,limiar_50,1,5,178,595
30,20,19-28,longo,148,dfs,595,12,otimo,1,4,108,595
30,20,19-28,longo,148,bfs,295,5,guloso,1,2,86,295
30,20,19-28,longo,148,bfs,295,5,todo_centro,1,5,460,295
30,20,19-28,longo,148,bfs,295,5,limiar_10,0,0,0,146
30,20,19-28,longo,148,bfs,295,5,limiar_25,0,1,37,254
30,20,19-28,longo,148,bfs,295,5,limiar_50,1,2,86,295
30,20,19-28,longo,148,bfs,295,5,otimo,1,2,86,295
30,20,19-28,longo,148,dijkstra,197,7,guloso,1,1,22,197
30,20,19-28,longo,148,dijkstra,197,7,todo_centro,1,7,842,197
30,20,19-28,longo,148,dijkstra,197,7,limiar_10,0,0,0,147
30,20,19-28,longo,148,dijkstra,197,7,limiar_25,1,1,22,197
30,20,19-28,longo,148,dijkstra,197,7,limiar_50,1,2,102,197
30,20,19-28,longo,148,dijkstra,197,7,otimo,1,1,72,197
30,20,5-25,longo,94,dijkstra,126,4,guloso,1,1,10,126
30,20,5-25,longo,94,dijkstra,126,4,todo_centro,1,4,253,126
30,20,5-25,longo,94,dijkstra,126,4,limiar_10,0,0,0,90
30,20,5-25,longo,94,dijkstra,126,4,limiar_25,1,1,10,126
30,20,5-25,longo,94,dijkstra,126,4,limiar_50,1,1,10,126
30,20,5-25,longo,94,dijkstra,126,4,otimo,1,1,10,126
30,20,17-12,medio,80,dijkstra,159,6,guloso,1,2,34,159
30,20,17-12,medio,80,dijkstra,159,6,todo_centro,1,6,354,159
30,20,17-12,medio,80,dijkstra,159,6,limiar_10,0,1,4,155
30,20,17-12,medio,80,dijkstra,159,6,limiar_25,0,1,4,155
30,20,17-12,medio,80,dijkstra,159,6,limiar_50,1,2,34,159
30,20,17-12,medio,80,dijkstra,159,6,otimo,1,2,53,159
30,20,17-12,longo,119,bfs,251,4,guloso,1,2,28,251
30,20,17-12,longo,119,bfs,251,4,todo_centro,1,4,266,251
30,20,17-12,longo,119,bfs,251,4,limiar_10,0,1,8,226
30,20,17-12,longo,119,bfs,251,4,limiar_25,1,2,28,251
30,20,17-12,longo,119,bfs,251,4,limiar_50,1,2,28,251
30,20,17-12,longo,119,bfs,251,4,otimo,1,2,28,251
30,20,17-12,longo,119,dijkstra,159,6,guloso,1,1,12,159
30,20,17-12,longo,119,dijkstra,159,6,todo_centro,1,6,588,159
30,20,17-12,longo,119,dijkstra,159,6,limiar_10,0,0,0,119
30,20,17-12,longo,119,dijkstra,159,6,limiar_25,1,1,12,159
30,20,17-12,longo,119,dijkstra,159,6,limiar_50,1,1,43,159
30,20,17-12,longo,119,dijkstra,159,6,otimo,1,1,43,159
30,20,17-18,medio,60,dijkstra,119,5,guloso,1,2,44,119
30,20,17-18,medio,60,dijkstra,119,5,todo_centro,1,5,193,119
30,20,17-18,medio,60,dijkstra,119,5,limiar_10,0,0,0,56
30,20,17-18,medio,60,dijkstra,119,5,limiar_25,0,0,0,56
30,20,17-18,medio,60,dijkstra,119,5,limiar_50,0,0,0,56
30,20,17-18,medio,60,dijkstra,119,5,otimo,1,2,44,119
30,20,17-18,longo,89,dijkstra,119,5,guloso,1,1,13,119
30,20,17-18,longo,89,dijkstra,119,5,todo_centro,1,5,338,119
30,20,17-18,longo,89,dijkstra,119,5,limiar_10,0,0,0,88
30,20,17-18,longo,89,dijkstra,119,5,limiar_25,1,1,13,119
30,20,17-18,longo,89,dijkstra,119,5,limiar_50,1,1,13,119
30,20,17-18,longo,89,dijkstra,119,5,otimo,1,1,13,119
30,22,1-1,longo,2,dfs,2,0,guloso,1,0,0,2
30,22,1-1,longo,2,dfs,2,0,todo_centro,1,0,0,2
30,22,1-1,longo,2,dfs,2,0,limiar_10,1,0,0,2
30,22,1-1,longo,2,dfs,2,0,limiar_25,1,0,0,2
30,22,1-1,longo,2,dfs,2,0,limiar_50,1,0,0,2
30,22,1-1,longo,2,dfs,2,0,otimo,1,0,0,2
30,22,1-1,longo,2,bfs,2,0,guloso,1,0,0,2
30,22,1-1,longo,2,bfs,2,0,todo_centro,1,0,0,2
30,22,1-1,longo,2,bfs,2,0,limiar_10,1,0,0,2
30,22,1-1,longo,2,bfs,2,0,limiar_25,1,0,0,2
30,22,1-1,longo,2,bfs,2,0,limiar_50,1,0,0,2
30,22,1-1,longo,2,bfs,2,0,otimo,1,0,0,2
30,22,1-1,longo,2,dijkstra,2,0,guloso,1,0,0,2
30,22,1-1,longo,2,dijkstra,2,0,todo_centro,1,0,0,2
30,22,1-1,longo,2,dijkstra,2,0,limiar_10,1,0,0,2
30,22,1-1,longo,2,dijkstra,2,0,limiar_25,1,0,0,2
30,22,1-1,longo,2,dijkstra,2,0,limiar_50,1,0,0,2
30,22,1-1,longo,2,dijkstra,2,0,otimo,1,0,0,2
30,22,2-4,longo,8,dijkstra,10,1,guloso,1,1,6,10
30,22,2-4,longo,8,dijkstra,10,1,todo_centro,1,1,6,10
30,22,2-4,longo,8,dijkstra,10,1,limiar_10,0,0,0,6
30,22,2-4,longo,8,dijkstra,10,1,limiar_25,0,0,0,6
30,22,2-4,longo,8,dijkstra,10,1,limiar_50,0,0,0,6
30,22,2-4,longo,8,dijkstra,10,1,otimo,1,1,6,10
30,22,2-2,longo,4,dijkstra,6,1,guloso,1,1,2,6
30,22,2-2,longo,4,dijkstra,6,1,todo_centro,1,1,2,6
30,22,2-2,longo,4,dijkstra,6,1,limiar_10,0,0,0,3
30,22,2-2,longo,4,dijkstra,6,1,limiar_25,0,0,0,3
30,22,2-2,longo,4,dijkstra,6,1,limiar_50,1,1,2,6
30,22,2-2,longo,4,dijkstra,6,1,otimo,1,1,2,6
30,22,3-1,longo,4,bfs,6,1,guloso,1,1,2,6
30,22,3-1,longo,4,bfs,6,1,todo_centro,1,1,2,6
30,22,3-1,longo,4,bfs,6,1,limiar_10,0,0,0,3
30,22,3-1,longo,4,bfs,6,1,limiar_25,0,0,0,3
30,22,3-1,longo,4,bfs,6,1,limiar_50,1,1,2,6
30,22,3-1,longo,4,bfs,6,1,otimo,1,1,2,6
30,22,3-1,longo,4,dijkstra,6,1,guloso,1,1,2,6
30,22,3-1,longo,4,dijkstra,6,1,todo_centro,1,1,2,6
30,22,3-1,longo,4,dijkstra,6,1,limiar_10,0,0,0,3
30,22,3-1,longo,4,dijkstra,6,1,limiar_25,0,0,0,3
30,22,3-1,longo,4,dijkstra,6,1,limiar_50,1,1,2,6
30,22,3-1,longo,4,dijkstra,6,1,otimo,1,1,2,6
30,22,2-1,medio,2,bfs,3,1,guloso,1,1,0,3
30,22,2-1,medio,2,bfs,3,1,todo_centro,1,1,0,3
30,22,2-1,medio,2,bfs,3,1,limiar_10,1,1,0,3
30,22,2-1,medio,2,bfs,3,1,limiar_25,1,1,0,3
30,22,2-1,medio,2,bfs,3,1,limiar_50,1,1,0,3
30,22,2-1,medio,2,bfs,3,1,otimo,1,1,0,3
30,22,2-1,medio,2,dijkstra,3,1,guloso,1,1,0,3
30,22,2-1,medio,2,dijkstra,3,1,todo_centro,1,1,0,3
30,22,2-1,medio,2,dijkstra,3,1,limiar_10,1,1,0,3
30,22,2-1,medio,2,dijkstra,3,1,limiar_25,1,1,0,3
30,22,2-1,medio,2,dijkstra,3,1,limiar_50,1,1,0,3
30,22,2-1,medio,2,dijkstra,3,1,otimo,1,1,0,3
30,22,2-1,longo,2,bfs,3,1,guloso,1,1,0,3
30,22,2-1,longo,2,bfs,3,1,todo_centro,1,1,0,3
30,22,2-1,longo,2,bfs,3,1,limiar_10,1,1,0,3
30,22,2-1,longo,2,bfs,3,1,limiar_25,1,1,0,3
30,22,2-1,longo,2,bfs,3,1,limiar_50,1,1,0,3
30,22,2-1,longo,2,bfs,3,1,otimo,1,1,0,3
30,22,2-1,longo,2,dijkstra,3,1,guloso,1,1,0,3
30,22,2-1,longo,2,dijkstra,3,1,todo_centro,1,1,0,3
30,22,2-1,longo,2,dijkstra,3,1,limiar_10,1,1,0,3
30,22,2-1,longo,2,dijkstra,3,1,limiar_25,1,1,0,3
30,22,2-1,longo,2,dijkstra,3,1,limiar_50,1,1,0,3
30,22,2-1,longo,2,dijkstra,3,1,otimo,1,1,0,3
30,22,2-3,longo,7,dijkstra,9,1,guloso,1,1,5,9
30,22,2-3,longo,7,dijkstra,9,1,todo_centro,1,1,5,9
30,22,2-3,longo,7,dijkstra,9,1,limiar_10,0,0,0,6
30,22,2-3,longo,7,dijkstra,9,1,limiar_25,0,0,0,6
30,22,2-3,longo,7,dijkstra,9,1,limiar_50,0,0,0,6
30,22,2-3,longo,7,dijkstra,9,1,otimo,1,1,5,9
30,22,1-2,medio,2,dijkstra,3,1,guloso,1,1,0,3
30,22,1-2,medio,2,dijkstra,3,1,todo_centro,1,1,0,3
30,22,1-2,medio,2,dijkstra,3,1,limiar_10,1,1,0,3
30,22,1-2,medio,2,dijkstra,3,1,limiar_25,1,1,0,3
30,22,1-2,medio,2,dijkstra,3,1,limiar_50,1,1,0,3
30,22,1-2,medio,2,dijkstra,3,1,otimo,1,1,0,3
30,22,1-2,longo,2,dijkstra,3,1,guloso,1,1,0,3
30,22,1-2,longo,2,dijkstra,3,1,todo_centro,1,1,0,3
30,22,1-2,longo,2,dijkstra,3,1,limiar_10,1,1,0,3
30,22,1-2,longo,2,dijkstra,3,1,limiar_25,1,1,0,3
30,22,1-2,longo,2,dijkstra,3,1,limiar_50,1,1,0,3
30,22,1-2,longo,2,dijkstra,3,1,otimo,1,1,0,3
30,24,8-5,medio,30,bfs,73,3,guloso,1,2,5,73
30,24,8-5,medio,30,bfs,73,3,todo_centro,1,3,35,73
30,24,8-5,medio,30,bfs,73,3,limiar_10,1,2,5,73
30,24,8-5,medio,30,bfs,73,3,limiar_25,1,2,5,73
30,24,8-5,medio,30,bfs,73,3,limiar_50,1,2,5,73
30,24,8-5,medio,30,bfs,73,3,otimo,1,2,5,73
30,24,8-5,medio,30,dijkstra,59,4,guloso,1,2,19,59
30,24,8-5,medio,30,dijkstra,59,4,todo_centro,1,4,79,59
30,24,8-5,medio,30,dijkstra,59,4,limiar_10,0,0,0,19
30,24,8-5,medio,30,dijkstra,59,4,limiar_25,0,0,0,19
30,24,8-5,medio,30,dijkstra,59,4,limiar_50,1,2,19,59
30,24,8-5,medio,30,dijkstra,59,4,otimo,1,2,19,59
30,24,8-5,longo,44,bfs,73,3,guloso,1,1,11,73
30,24,8-5,longo,44,bfs,73,3,todo_centro,1,3,77,73
30,24,8-5,longo,44,bfs,73,3,limiar_10,0,0,0,33
30,24,8-5,longo,44,bfs,73,3,limiar_25,1,1,11,73
30,24,8-5,longo,44,bfs,73,3,limiar_50,1,2,33,73
30,24,8-5,longo,44,bfs,73,3,otimo,1,1,11,73
30,24,8-5,longo,44,dijkstra,59,4,guloso,1,1,3,59
30,24,8-5,longo,44,dijkstra,59,4,todo_centro,1,4,135,59
30,24,8-5,longo,44,dijkstra,59,4,limiar_10,1,1,3,59
30,24,8-5,longo,44,dijkstra,59,4,limiar_25,1,1,3,59
30,24,8-5,longo,44,dijkstra,59,4,limiar_50,1,1,3,59
30,24,8-5,longo,44,dijkstra,59,4,otimo,1,1,25,59
30,24,10-1,medio,20,dijkstra,39,3,guloso,1,1,1,39
30,24,10-1,medio,20,dijkstra,39,3,todo_centro,1,3,41,39
30,24,10-1,medio,20,dijkstra,39,3,limiar_10,1,1,1,39
30,24,10-1,medio,20,dijkstra,39,3,limiar_25,1,1,1,39
30,24,10-1,medio,20,dijkstra,39,3,limiar_50,0,1,6,34
30,24,10-1,medio,20,dijkstra,39,3,otimo,1,1,1,39
30,24,10-1,longo,29,bfs,53,2,guloso,1,1,1,53
30,24,10-1,longo,29,bfs,53,2,todo_centro,1,2,25,53
30,24,10-1,longo,29,bfs,53,2,limiar_10,1,1,1,53
30,24,10-1,longo,29,bfs,53,2,limiar_25,1,1,1,53
30,24,10-1,longo,29,bfs,53,2,limiar_50,1,1,1,53
30,24,10-1,longo,29,bfs,53,2,otimo,1,1,1,53
30,24,10-1,longo,29,dijkstra,39,3,guloso,1,1,10,39
30,24,10-1,longo,29,dijkstra,39,3,todo_centro,1,3,68,39
30,24,10-1,longo,29,dijkstra,39,3,limiar_10,0,0,0,29
30,24,10-1,longo,29,dijkstra,39,3,limiar_25,0,0,0,29
30,24,10-1,longo,29,dijkstra,39,3,limiar_50,1,1,10,39
30,24,10-1,longo,29,dijkstra,39,3,otimo,1,1,15,39
30,24,6-9,medio,28,dijkstra,57,4,guloso,1,2,15,57
30,24,6-9,medio,28,dijkstra,57,4,todo_centro,1,4,71,57
30,24,6-9,medio,28,dijkstra,57,4,limiar_10,0,0,0,19
30,24,6-9,medio,28,dijkstra,57,4,limiar_25,0,0,0,19
30,24,6-9,medio,28,dijkstra,57,4,limiar_50,1,2,15,57
30,24,6-9,medio,28,dijkstra,57,4,otimo,1,2,15,57
30,24,6-9,longo,43,dijkstra,57,4,guloso,1,1,2,57
30,24,6-9,longo,43,dijkstra,57,4,todo_centro,1,4,131,57
30,24,6-9,longo,43,dijkstra,57,4,limiar_10,1,1,2,57
30,24,6-9,longo,43,dijkstra,57,4,limiar_25,1,1,2,57
30,24,6-9,longo,43,dijkstra,57,4,limiar_50,1,1,2,57
30,24,6-9,longo,43,dijkstra,57,4,otimo,1,1,29,57
30,24,3-0,medio,16,dijkstra,33,4,guloso,1,2,13,33
30,24,3-0,medio,16,dijkstra,33,4,todo_centro,1,4,32,33
30,24,3-0,medio,16,dijkstra,33,4,limiar_10,0,0,0,14
30,24,3-0,medio,16,dijkstra,33,4,limiar_25,0,1,2,30
30,24,3-0,medio,16,dijkstra,33,4,limiar_50,1,3,16,33
30,24,3-0,medio,16,dijkstra,33,4,otimo,1,2,13,33
30,24,3-0,longo,25,dijkstra,33,4,guloso,1,1,6,33
30,24,3-0,longo,25,dijkstra,33,4,todo_centro,1,4,68,33
30,24,3-0,longo,25,dijkstra,33,4,limiar_10,0,0,0,20
30,24,3-0,longo,25,dijkstra,33,4,limiar_25,1,1,6,33
30,24,3-0,longo,25,dijkstra,33,4,limiar_50,1,2,18,33
30,24,3-0,longo,25,dijkstra,33,4,otimo,1,1,17,33
30,24,15-4,longo,58,dijkstra,77,3,guloso,1,1,39,77
30,24,15-4,longo,58,dijkstra,77,3,todo_centro,1,3,155,77
30,24,15-4,longo,58,dijkstra,77,3,limiar_10,0,0,0,57
30,24,15-4,longo,58,dijkstra,77,3,limiar_25,0,0,0,57
30,24,15-4,longo,58,dijkstra,77,3,limiar_50,0,0,0,57
30,24,15-4,longo,58,dijkstra,77,3,otimo,1,1,39,77
30,24,3-2,longo,34,dijkstra,45,3,guloso,1,1,15,45
30,24,3-2,longo,34,dijkstra,45,3,todo_centro,1,3,83,45
30,24,3-2,longo,34,dijkstra,45,3,limiar_10,0,0,0,30
30,24,3-2,longo,34,dijkstra,45,3,limiar_25,0,0,0,30
30,24,3-2,longo,34,dijkstra,45,3,limiar_50,1,1,15,45
30,24,3-2,longo,34,dijkstra,45,3,otimo,1,1,20,45
30,24,9-12,medio,42,dijkstra,83,4,guloso,1,1,1,83
30,24,9-12,medio,42,dijkstra,83,4,todo_centro,1,4,127,83
30,24,9-12,medio,42,dijkstra,83,4,limiar_10,1,1,1,83
30,24,9-12,medio,42,dijkstra,83,4,limiar_25,1,1,1,83
30,24,9-12,medio,42,dijkstra,83,4,limiar_50,1,1,1,83
30,24,9-12,medio,42,dijkstra,83,4,otimo,1,1,1,83
30,24,9-12,longo,62,dijkstra,83,4,guloso,1,1,21,83
30,24,9-12,longo,62,dijkstra,83,4,todo_centro,1,4,207,83
30,24,9-12,longo,62,dijkstra,83,4,limiar_10,0,0,0,61
30,24,9-12,longo,62,dijkstra,83,4,limiar_25,0,0,0,61
30,24,9-12,longo,62,dijkstra,83,4,limiar_50,1,1,21,83
30,24,9-12,longo,62,dijkstra,83,4,otimo,1,1,21,83
30,24,0-7,medio,46,dfs,121,2,guloso,1,2,16,121
30,24,0-7,medio,46,dfs,121,2,todo_centro,1,2,16,121
30,24,0-7,medio,46,dfs,121,2,limiar_10,0,1,3,88
30,24,0-7,medio,46,dfs,121,2,limiar_25,0,1,3,88
30,24,0-7,medio,46,dfs,121,2,limiar_50,1,2,16,121
30,24,0-7,medio,46,dfs,121,2,otimo,1,2,16,121
30,24,0-7,medio,46,bfs,111,3,guloso,1,2,26,111
30,24,0-7,medio,46,bfs,111,3,todo_centro,1,3,72,111
30,24,0-7,medio,46,bfs,111,3,limiar_10,0,0,0,33
30,24,0-7,medio,46,bfs,111,3,limiar_25,0,0,0,33
30,24,0-7,medio,46,bfs,111,3,limiar_50,1,2,26,111
30,24,0-7,medio,46,bfs,111,3,otimo,1,2,26,111
30,24,0-7,medio,46,dijkstra,93,4,guloso,1,2,44,93
30,24,0-7,medio,46,dijkstra,93,4,todo_centro,1,4,136,93
30,24,0-7,medio,46,dijkstra,93,4,limiar_10,0,0,0,38
30,24,0-7,medio,46,dijkstra,93,4,limiar_25,0,0,0,38
30,24,0-7,medio,46,dijkstra,93,4,limiar_50,0,0,0,38
30,24,0-7,medio,46,dijkstra,93,4,otimo,1,2,44,93
30,24,0-7,longo,70,dfs,121,2,guloso,1,2,64,121
30,24,0-7,longo,70,dfs,121,2,todo_centro,1,2,64,121
30,24,0-7,longo,70,dfs,121,2,limiar_10,0,0,0,62
30,24,0-7,longo,70,dfs,121,2,limiar_25,0,0,0,62
30,24,0-7,longo,70,dfs,121,2,limiar_50,0,1,27,99
30,24,0-7,longo,70,dfs,121,2,otimo,1,2,64,121
30,24,0-7,longo,70,bfs,111,3,guloso,1,1,4,111
30,24,0-7,longo,70,bfs,111,3,todo_centro,1,3,144,111
30,24,0-7,longo,70,bfs,111,3,limiar_10,1,1,4,111
30,24,0-7,longo,70,bfs,111,3,limiar_25,1,1,4,111
30,24,0-7,longo,70,bfs,111,3,limiar_50,1,1,4,111
30,24,0-7,longo,70,bfs,111,3,otimo,1,1,4,111
30,24,0-7,longo,70,dijkstra,93,4,guloso,1,1,22,93
30,24,0-7,longo,70,dijkstra,93,4,todo_centro,1,4,232,93
30,24,0-7,longo,70,dijkstra,93,4,limiar_10,0,0,0,60
30,24,0-7,longo,70,dijkstra,93,4,limiar_25,0,0,0,60
30,24,0-7,longo,70,dijkstra,93,4,limiar_50,1,1,22,93
30,24,0-7,longo,70,dijkstra,93,4,otimo,1,1,22,93
30,24,12-4,longo,45,dijkstra,60,3,guloso,1,1,26,60
30,24,12-4,longo,45,dijkstra,60,3,todo_centro,1,3,116,60
30,24,12-4,longo,45,dijkstra,60,3,limiar_10,0,0,0,44
30,24,12-4,longo,45,dijkstra,60,3,limiar_25,0,0,0,44
30,24,12-4,longo,45,dijkstra,60,3,limiar_50,0,0,0,44
30,24,12-4,longo,45,dijkstra,60,3,otimo,1,1,26,60
30,24,5-4,medio,10,dijkstra,19,2,guloso,1,2,6,19
30,24,5-4,medio,10,dijkstra,19,2,todo_centro,1,2,6,19
30,24,5-4,medio,10,dijkstra,19,2,limiar_10,0,0,0,8
30,24,5-4,medio,10,dijkstra,19,2,limiar_25,0,1,2,18
30,24,5-4,medio,10,dijkstra,19,2,limiar_50,1,2,6,19
30,24,5-4,medio,10,dijkstra,19,2,otimo,1,2,6,19
30,24,5-4,longo,14,dijkstra,19,2,guloso,1,1,0,19
30,24,5-4,longo,14,dijkstra,19,2,todo_centro,1,2,14,19
30,24,5-4,longo,14,dijkstra,19,2,limiar_10,1,1,0,19
30,24,5-4,longo,14,dijkstra,19,2,limiar_25,1,1,0,19
30,24,5-4,longo,14,dijkstra,19,2,limiar_50,1,1,6,19
30,24,5-4,longo,14,dijkstra,19,2,otimo,1,1,6,19
30,26,8-22,longo,92,dijkstra,122,2,guloso,1,1,5,122
30,26,8-22,longo,92,dijkstra,122,2,todo_centro,1,2,97,122
30,26,8-22,longo,92,dijkstra,122,2,limiar_10,1,1,5,122
30,26,8-22,longo,92,dijkstra,122,2,limiar_25,1,1,21,122
30,26,8-22,longo,92,dijkstra,122,2,limiar_50,1,1,21,122
30,26,8-22,longo,92,dijkstra,122,2,otimo,1,1,21,122
30,26,17-7,longo,68,dijkstra,90,2,guloso,1,1,3,90
30,26,17-7,longo,68,dijkstra,90,2,todo_centro,1,2,55,90
30,26,17-7,longo,68,dijkstra,90,2,limiar_10,1,1,3,90
30,26,17-7,longo,68,dijkstra,90,2,limiar_25,1,1,3,90
30,26,17-7,longo,68,dijkstra,90,2,limiar_50,1,1,3,90
30,26,17-7,longo,68,dijkstra,90,2,otimo,1,1,3,90
30,26,11-2,medio,28,dijkstra,55,2,guloso,1,2,21,55
30,26,11-2,medio,28,dijkstra,55,2,todo_centro,1,2,21,55
30,26,11-2,medio,28,dijkstra,55,2,limiar_10,0,0,0,25
30,26,11-2,medio,28,dijkstra,55,2,limiar_25,0,1,3,52
30,26,11-2,medio,28,dijkstra,55,2,limiar_50,0,1,3,52
30,26,11-2,medio,28,dijkstra,55,2,otimo,1,2,21,55
30,26,11-2,longo,41,bfs,65,2,guloso,1,1,6,65
30,26,11-2,longo,41,bfs,65,2,todo_centro,1,2,37,65
30,26,11-2,longo,41,bfs,65,2,limiar_10,0,0,0,35
30,26,11-2,longo,41,bfs,65,2,limiar_25,1,1,6,65
30,26,11-2,longo,41,bfs,65,2,limiar_50,1,1,6,65
30,26,11-2,longo,41,bfs,65,2,otimo,1,1,6,65
30,26,11-2,longo,41,dijkstra,55,2,guloso,1,1,6,55
30,26,11-2,longo,41,dijkstra,55,2,todo_centro,1,2,47,55
30,26,11-2,longo,41,dijkstra,55,2,limiar_10,0,0,0,35
30,26,11-2,longo,41,dijkstra,55,2,limiar_25,1,1,6,55
30,26,11-2,longo,41,dijkstra,55,2,limiar_50,1,1,16,55
30,26,11-2,longo,41,dijkstra,55,2,otimo,1,1,16,55
30,26,16-5,longo,76,dijkstra,101,3,guloso,1,1,11,101
30,26,16-5,longo,76,dijkstra,101,3,todo_centro,1,3,130,101
30,26,16-5,longo,76,dijkstra,101,3,limiar_10,0,0,0,74
30,26,16-5,longo,76,dijkstra,101,3,limiar_25,1,1,11,101
30,26,16-5,longo,76,dijkstra,101,3,limiar_50,1,1,11,101
30,26,16-5,longo,76,dijkstra,101,3,otimo,1,1,11,101
30,26,26-0,medio,76,dijkstra,152,6,guloso,1,2,16,152
30,26,26-0,medio,76,dijkstra,152,6,todo_centro,1,6,320,152
30,26,26-0,medio,76,dijkstra,152,6,limiar_10,0,0,0,74
30,26,26-0,medio,76,dijkstra,152,6,limiar_25,1,2,16,152
30,26,26-0,medio,76,dijkstra,152,6,limiar_50,1,2,44,152
30,26,26-0,medio,76,dijkstra,152,6,otimo,1,2,71,152
30,26,26-0,longo,114,bfs,174,6,guloso,1,1,2,174
30,26,26-0,longo,114,bfs,174,6,todo_centro,1,6,526,174
30,26,26-0,longo,114,bfs,174,6,limiar_10,1,1,11,174
30,26,26-0,longo,114,bfs,174,6,limiar_25,1,1,27,174
30,26,26-0,longo,114,bfs,174,6,limiar_50,1,2,70,174
30,26,26-0,longo,114,bfs,174,6,otimo,1,1,27,174
30,26,26-0,longo,114,dijkstra,152,6,guloso,1,1,6,152
30,26,26-0,longo,114,dijkstra,152,6,todo_centro,1,6,548,152
30,26,26-0,longo,114,dijkstra,152,6,limiar_10,1,1,6,152
30,26,26-0,longo,114,dijkstra,152,6,limiar_25,1,1,24,152
30,26,26-0,longo,114,dijkstra,152,6,limiar_50,1,2,92,152
30,26,26-0,longo,114,dijkstra,152,6,otimo,1,1,49,152
30,26,9-27,longo,98,dijkstra,130,3,guloso,1,1,11,130
30,26,9-27,longo,98,dijkstra,130,3,todo_centro,1,3,195,130
30,26,9-27,longo,98,dijkstra,130,3,limiar_10,0,0,0,96
30,26,9-27,longo,98,dijkstra,130,3,limiar_25,1,1,11,130
30,26,9-27,longo,98,dijkstra,130,3,limiar_50,1,1,27,130
30,26,9-27,longo,98,dijkstra,130,3,otimo,1,1,27,130
30,26,15-28,medio,80,dijkstra,159,4,guloso,1,2,15,159
30,26,15-28,medio,80,dijkstra,159,4,todo_centro,1,4,175,159
30,26,15-28,medio,80,dijkstra,159,4,limiar_10,0,0,0,80
30,26,15-28,medio,80,dijkstra,159,4,limiar_25,1,2,15,159
30,26,15-28,medio,80,dijkstra,159,4,limiar_50,1,2,15,159
30,26,15-28,medio,80,dijkstra,159,4,otimo,1,2,73,159
30,26,15-28,longo,119,bfs,239,2,guloso,1,2,13,239
30,26,15-28,longo,119,bfs,239,2,todo_centro,1,2,13,239
30,26,15-28,longo,119,bfs,239,2,limiar_10,0,1,0,228
30,26,15-28,longo,119,bfs,239,2,limiar_25,1,2,13,239
30,26,15-28,longo,119,bfs,239,2,limiar_50,1,2,13,239
30,26,15-28,longo,119,bfs,239,2,otimo,1,2,13,239
30,26,15-28,longo,119,dijkstra,159,4,guloso,1,1,20,159
30,26,15-28,longo,119,dijkstra,159,4,todo_centro,1,4,331,159
30,26,15-28,longo,119,dijkstra,159,4,limiar_10,0,0,0,113
30,26,15-28,longo,119,dijkstra,159,4,limiar_25,1,1,20,159
30,26,15-28,longo,119,dijkstra,159,4,limiar_50,1,2,93,159
30,26,15-28,longo,119,dijkstra,159,4,otimo,1,1,48,159
30,26,27-13,medio,86,dijkstra,172,8,guloso,1,2,49,172
30,26,27-13,medio,86,dijkstra,172,8,todo_centro,1,8,565,172
30,26,27-13,medio,86,dijkstra,172,8,limiar_10,0,1,5,158
30,26,27-13,medio,86,dijkstra,172,8,limiar_25,0,1,21,145
30,26,27-13,medio,86,dijkstra,172,8,limiar_50,1,2,64,172
30,26,27-13,medio,86,dijkstra,172,8,otimo,1,2,82,172
30,26,27-13,longo,129,bfs,194,8,guloso,1,1,5,194
30,26,27-13,longo,129,bfs,194,8,todo_centro,1,8,887,194
30,26,27-13,longo,129,bfs,194,8,limiar_10,1,1,5,194
30,26,27-13,longo,129,bfs,194,8,limiar_25,1,1,26,194
30,26,27-13,longo,129,bfs,194,8,limiar_50,1,1,42,194
30,26,27-13,longo,129,bfs,194,8,otimo,1,1,42,194
30,26,27-13,longo,129,dijkstra,172,8,guloso,1,1,6,172
30,26,27-13,longo,129,dijkstra,172,8,todo_centro,1,8,909,172
30,26,27-13,longo,129,dijkstra,172,8,limiar_10,1,1,12,172
30,26,27-13,longo,129,dijkstra,172,8,limiar_25,1,1,27,172
30,26,27-13,longo,129,dijkstra,172,8,limiar_50,1,1,64,172
30,26,27-13,longo,129,dijkstra,172,8,otimo,1,1,64,172
30,26,16-4,longo,78,dijkstra,104,4,guloso,1,1,13,104
30,26,16-4,longo,78,dijkstra,104,4,todo_centro,1,4,211,104
30,26,16-4,longo,78,dijkstra,104,4,limiar_10,0,0,0,78
30,26,16-4,longo,78,dijkstra,104,4,limiar_25,1,1,13,104
30,26,16-4,longo,78,dijkstra,104,4,limiar_50,1,1,13,104
30,26,16-4,longo,78,dijkstra,104,4,otimo,1,1,13,104
30,28,9-27,medio,64,dijkstra,128,6,guloso,1,2,49,128
30,28,9-27,medio,64,dijkstra,128,6,todo_centro,1,6,281,128
30,28,9-27,medio,64,dijkstra,128,6,limiar_10,0,0,0,64
30,28,9-27,medio,64,dijkstra,128,6,limiar_25,0,0,0,64
30,28,9-27,medio,64,dijkstra,128,6,limiar_50,0,0,0,64
30,28,9-27,medio,64,dijkstra,128,6,otimo,1,2,49,128
30,28,9-27,longo,96,dfs,144,8,guloso,1,1,0,144
30,28,9-27,longo,96,dfs,144,8,todo_centro,1,8,643,144
30,28,9-27,longo,96,dfs,144,8,limiar_10,1,1,3,144
30,28,9-27,longo,96,dfs,144,8,limiar_25,1,1,13,144
30,28,9-27,longo,96,dfs,144,8,limiar_50,1,1,13,144
30,28,9-27,longo,96,dfs,144,8,otimo,1,1,13,144
30,28,9-27,longo,96,bfs,142,5,guloso,1,1,10,142
30,28,9-27,longo,96,bfs,142,5,todo_centro,1,5,363,142
30,28,9-27,longo,96,bfs,142,5,limiar_10,0,0,0,86
30,28,9-27,longo,96,bfs,142,5,limiar_25,1,1,13,142
30,28,9-27,longo,96,bfs,142,5,limiar_50,1,1,13,142
30,28,9-27,longo,96,bfs,142,5,otimo,1,1,13,142
30,28,9-27,longo,96,dijkstra,128,6,guloso,1,1,4,128
30,28,9-27,longo,96,dijkstra,128,6,todo_centro,1,6,473,128
30,28,9-27,longo,96,dijkstra,128,6,limiar_10,1,1,7,128
30,28,9-27,longo,96,dijkstra,128,6,limiar_25,1,1,17,128
30,28,9-27,longo,96,dijkstra,128,6,limiar_50,1,1,17,128
30,28,9-27,longo,96,dijkstra,128,6,otimo,1,1,17,128
30,28,11-27,longo,94,dfs,146,8,guloso,1,1,1,146
30,28,11-27,longo,94,dfs,146,8,todo_centro,1,8,627,146
30,28,11-27,longo,94,dfs,146,8,limiar_10,1,1,1,146
30,28,11-27,longo,94,dfs,146,8,limiar_25,1,1,11,146
30,28,11-27,longo,94,dfs,146,8,limiar_50,1,1,11,146
30,28,11-27,longo,94,dfs,146,8,otimo,1,1,11,146
30,28,11-27,longo,94,bfs,144,5,guloso,1,1,8,144
30,28,11-27,longo,94,bfs,144,5,todo_centro,1,5,353,144
30,28,11-27,longo,94,bfs,144,5,limiar_10,1,1,8,144
30,28,11-27,longo,94,bfs,144,5,limiar_25,1,1,11,144
30,28,11-27,longo,94,bfs,144,5,limiar_50,1,1,11,144
30,28,11-27,longo,94,bfs,144,5,otimo,1,1,11,144
30,28,11-27,longo,94,dijkstra,126,11,guloso,1,1,2,126
30,28,11-27,longo,94,dijkstra,126,11,todo_centro,1,11,909,126
30,28,11-27,longo,94,dijkstra,126,11,limiar_10,1,1,5,126
30,28,11-27,longo,94,dijkstra,126,11,limiar_25,1,1,15,126
30,28,11-27,longo,94,dijkstra,126,11,limiar_50,1,1,15,126
30,28,11-27,longo,94,dijkstra,126,11,otimo,1,1,15,126
30,28,9-10,longo,46,dijkstra,61,2,guloso,1,1,31,61
30,28,9-10,longo,46,dijkstra,61,2,todo_centro,1,2,77,61
30,28,9-10,longo,46,dijkstra,61,2,limiar_10,0,0,0,45
30,28,9-10,longo,46,dijkstra,61,2,limiar_25,0,0,0,45
30,28,9-10,longo,46,dijkstra,61,2,limiar_50,0,0,0,45
30,28,9-10,longo,46,dijkstra,61,2,otimo,1,1,31,61
30,28,3-28,medio,76,dfs,165,10,guloso,1,2,59,165
30,28,3-28,medio,76,dfs,165,10,todo_centro,1,10,603,165
30,28,3-28,medio,76,dfs,165,10,limiar_10,0,0,0,72
30,28,3-28,medio,76,dfs,165,10,limiar_25,0,0,0,72
30,28,3-28,medio,76,dfs,165,10,limiar_50,0,0,0,72
30,28,3-28,medio,76,dfs,165,10,otimo,1,2,59,165
30,28,3-28,medio,76,bfs,171,9,guloso,1,3,66,171
30,28,3-28,medio,76,bfs,171,9,todo_centro,1,9,521,171
30,28,3-28,medio,76,bfs,171,9,limiar_10,0,0,0,69
30,28,3-28,medio,76,bfs,171,9,limiar_25,0,0,0,69
30,28,3-28,medio,76,bfs,171,9,limiar_50,0,0,0,69
30,28,3-28,medio,76,bfs,171,9,otimo,1,3,111,171
30,28,3-28,medio,76,dijkstra,151,8,guloso,1,2,63,151
30,28,3-28,medio,76,dijkstra,151,8,todo_centro,1,8,465,151
30,28,3-28,medio,76,dijkstra,151,8,limiar_10,0,0,0,68
30,28,3-28,medio,76,dijkstra,151,8,limiar_25,0,0,0,68
30,28,3-28,medio,76,dijkstra,151,8,limiar_50,0,0,0,68
30,28,3-28,medio,76,dijkstra,151,8,otimo,1,2,73,151
30,28,3-28,longo,113,dfs,165,10,guloso,1,1,2,165
30,28,3-28,longo,113,dfs,165,10,todo_centro,1,10,973,165
30,28,3-28,longo,113,dfs,165,10,limiar_10,1,1,2,165
30,28,3-28,longo,113,dfs,165,10,limiar_25,1,1,20,165
30,28,3-28,longo,113,dfs,165,10,limiar_50,1,2,70,165
30,28,3-28,longo,113,dfs,165,10,otimo,1,1,30,165
30,28,3-28,longo,113,bfs,171,9,guloso,1,1,27,171
30,28,3-28,longo,113,bfs,171,9,todo_centro,1,9,854,171
30,28,3-28,longo,113,bfs,171,9,limiar_10,0,0,0,111
30,28,3-28,longo,113,bfs,171,9,limiar_25,1,1,27,171
30,28,3-28,longo,113,bfs,171,9,limiar_50,1,2,64,171
30,28,3-28,longo,113,bfs,171,9,otimo,1,1,30,171
30,28,3-28,longo,113,dijkstra,151,8,guloso,1,1,10,151
30,28,3-28,longo,113,dijkstra,151,8,todo_centro,1,8,761,151
30,28,3-28,longo,113,dijkstra,151,8,limiar_10,1,1,10,151
30,28,3-28,longo,113,dijkstra,151,8,limiar_25,1,1,24,151
30,28,3-28,longo,113,dijkstra,151,8,limiar_50,1,2,84,151
30,28,3-28,longo,113,dijkstra,151,8,otimo,1,1,34,151
30,28,6-21,longo,82,dfs,123,6,guloso,1,2,68,123
30,28,6-21,longo,82,dfs,123,6,todo_centro,1,6,381,123
30,28,6-21,longo,82,dfs,123,6,limiar_10,0,0,0,82
30,28,6-21,longo,82,dfs,123,6,limiar_25,0,0,0,82
30,28,6-21,longo,82,dfs,123,6,limiar_50,0,0,0,82
30,28,6-21,longo,82,dfs,123,6,otimo,1,2,81,123
30,28,6-21,longo,82,bfs,121,4,guloso,1,2,78,121
30,28,6-21,longo,82,bfs,121,4,todo_centro,1,4,242,121
30,28,6-21,longo,82,bfs,121,4,limiar_10,0,0,0,82
30,28,6-21,longo,82,bfs,121,4,limiar_25,0,0,0,82
30,28,6-21,longo,82,bfs,121,4,limiar_50,0,0,0,82
30,28,6-21,longo,82,bfs,121,4,otimo,1,2,81,121
30,28,6-21,longo,82,dijkstra,109,5,guloso,1,1,3,109
30,28,6-21,longo,82,dijkstra,109,5,todo_centro,1,5,318,109
30,28,6-21,longo,82,dijkstra,109,5,limiar_10,1,1,3,109
30,28,6-21,longo,82,dijkstra,109,5,limiar_25,1,1,3,109
30,28,6-21,longo,82,dijkstra,109,5,limiar_50,1,1,3,109
30,28,6-21,longo,82,dijkstra,109,5,otimo,1,1,3,109
30,28,24-9,longo,128,dfs,537,19,guloso,1,4,71,537
30,28,24-9,longo,128,dfs,537,19,todo_centro,1,19,1921,537
30,28,24-9,longo,128,dfs,537,19,limiar_10,0,1,8,234
30,28,24-9,longo,128,dfs,537,19,limiar_25,0,1,32,222
30,28,24-9,longo,128,dfs,537,19,limiar_50,0,1,45,209
30,28,24-9,longo,128,dfs,537,19,otimo,1,4,74,537
30,28,24-9,longo,128,bfs,173,3,guloso,1,1,18,173
30,28,24-9,longo,128,bfs,173,3,todo_centro,1,3,274,173
30,28,24-9,longo,128,bfs,173,3,limiar_10,0,0,0,118
30,28,24-9,longo,128,bfs,173,3,limiar_25,1,1,18,173
30,28,24-9,longo,128,bfs,173,3,limiar_50,1,1,18,173
30,28,24-9,longo,128,bfs,173,3,otimo,1,1,18,173
30,28,24-9,longo,128,dijkstra,171,3,guloso,1,1,20,171
30,28,24-9,longo,128,dijkstra,171,3,todo_centro,1,3,276,171
30,28,24-9,longo,128,dijkstra,171,3,limiar_10,0,0,0,127
30,28,24-9,longo,128,dijkstra,171,3,limiar_25,1,1,20,171
30,28,24-9,longo,128,dijkstra,171,3,limiar_50,1,1,20,171
30,28,24-9,longo,128,dijkstra,171,3,otimo,1,1,20,171
30,28,9-16,medio,56,dijkstra,111,3,guloso,1,2,48,111
30,28,9-16,medio,56,dijkstra,111,3,todo_centro,1,3,104,111
30,28,9-16,medio,56,dijkstra,111,3,limiar_10,0,0,0,48
30,28,9-16,medio,56,dijkstra,111,3,limiar_25,0,0,0,48
30,28,9-16,medio,56,dijkstra,111,3,limiar_50,0,0,0,48
30,28,9-16,medio,56,dijkstra,111,3,otimo,1,2,48,111
30,28,9-16,longo,83,bfs,127,3,guloso,1,1,5,127
30,28,9-16,longo,83,bfs,127,3,todo_centro,1,3,171,127
30,28,9-16,longo,83,bfs,127,3,limiar_10,1,1,5,127
30,28,9-16,longo,83,bfs,127,3,limiar_25,1,1,5,127
30,28,9-16,longo,83,bfs,127,3,limiar_50,1,1,5,127
30,28,9-16,longo,83,bfs,127,3,otimo,1,1,5,127
30,28,9-16,longo,83,dijkstra,111,3,guloso,1,1,19,111
30,28,9-16,longo,83,dijkstra,111,3,todo_centro,1,3,185,111
30,28,9-16,longo,83,dijkstra,111,3,limiar_10,0,0,0,76
30,28,9-16,longo,83,dijkstra,111,3,limiar_25,1,1,19,111
30,28,9-16,longo,83,dijkstra,111,3,limiar_50,1,1,19,111
30,28,9-16,longo,83,dijkstra,111,3,otimo,1,1,19,111
30,28,24-28,curto,64,dijkstra,214,14,guloso,1,4,103,214
30,28,24-28,curto,64,dijkstra,214,14,todo_centro,1,14,685,214
30,28,24-28,curto,64,dijkstra,214,14,limiar_10,0,0,0,64
30,28,24-28,curto,64,dijkstra,214,14,limiar_25,0,0,0,64
30,28,24-28,curto,64,dijkstra,214,14,limiar_50,0,0,0,64
30,28,24-28,curto,64,dijkstra,214,14,otimo,1,4,103,214
30,28,24-28,medio,107,dfs,284,10,guloso,1,3,95,284
30,28,24-28,medio,107,dfs,284,10,todo_centro,1,10,789,284
30,28,24-28,medio,107,dfs,284,10,limiar_10,0,0,0,105
30,28,24-28,medio,107,dfs,284,10,limiar_25,0,1,24,184
30,28,24-28,medio,107,dfs,284,10,limiar_50,0,1,24,184
30,28,24-28,medio,107,dfs,284,10,otimo,1,3,95,284
30,28,24-28,medio,107,dijkstra,214,14,guloso,1,1,0,214
30,28,24-28,medio,107,dijkstra,214,14,todo_centro,1,14,1287,214
30,28,24-28,medio,107,dijkstra,214,14,limiar_10,0,1,4,210
30,28,24-28,medio,107,dijkstra,214,14,limiar_25,1,2,18,214
30,28,24-28,medio,107,dijkstra,214,14,limiar_50,1,3,110,214
30,28,24-28,medio,107,dijkstra,214,14,otimo,1,1,0,214
30,28,24-28,longo,160,dfs,284,10,guloso,1,1,35,284
30,28,24-28,longo,160,dfs,284,10,todo_centro,1,10,1319,284
30,28,24-28,longo,160,dfs,284,10,limiar_10,0,0,0,157
30,28,24-28,longo,160,dfs,284,10,limiar_25,0,1,40,280
30,28,24-28,longo,160,dfs,284,10,limiar_50,1,2,94,284
30,28,24-28,longo,160,dfs,284,10,otimo,1,1,35,284
30,28,24-28,longo,160,bfs,242,6,guloso,1,1,43,242
30,28,24-28,longo,160,bfs,242,6,todo_centro,1,6,721,242
30,28,24-28,longo,160,bfs,242,6,limiar_10,0,0,0,155
30,28,24-28,longo,160,bfs,242,6,limiar_25,0,0,0,155
30,28,24-28,longo,160,bfs,242,6,limiar_50,1,2,81,242
30,28,24-28,longo,160,bfs,242,6,otimo,1,1,77,242
30,28,24-28,longo,160,dijkstra,214,14,guloso,1,1,7,214
30,28,24-28,longo,160,dijkstra,214,14,todo_centro,1,14,2029,214
30,28,24-28,longo,160,dijkstra,214,14,limiar_10,1,1,7,214
30,28,24-28,longo,160,dijkstra,214,14,limiar_25,1,1,35,214
30,28,24-28,longo,160,dijkstra,214,14,limiar_50,1,2,124,214
30,28,24-28,longo,160,dijkstra,214,14,otimo,1,1,81,214
30,29,1-0,curto,1,dfs,1,0,guloso,1,0,0,1
30,29,1-0,curto,1,dfs,1,0,todo_centro,1,0,0,1
30,29,1-0,curto,1,dfs,1,0,limiar_10,1,0,0,1
30,29,1-0,curto,1,dfs,1,0,limiar_25,1,0,0,1
30,29,1-0,curto,1,dfs,1,0,limiar_50,1,0,0,1
30,29,1-0,curto,1,dfs,1,0,otimo,1,0,0,1
30,29,1-0,curto,1,bfs,1,0,guloso,1,0,0,1
30,29,1-0,curto,1,bfs,1,0,todo_centro,1,0,0,1
30,29,1-0,curto,1,bfs,1,0,limiar_10,1,0,0,1
30,29,1-0,curto,1,bfs,1,0,limiar_25,1,0,0,1
30,29,1-0,curto,1,bfs,1,0,limiar_50,1,0,0,1
30,29,1-0,curto,1,bfs,1,0,otimo,1,0,0,1
30,29,1-0,curto,1,dijkstra,1,0,guloso,1,0,0,1
30,29,1-0,curto,1,dijkstra,1,0,todo_centro,1,0,0,1
30,29,1-0,curto,1,dijkstra,1,0,limiar_10,1,0,0,1
30,29,1-0,curto,1,dijkstra,1,0,limiar_25,1,0,0,1
30,29,1-0,curto,1,dijkstra,1,0,limiar_50,1,0,0,1
30,29,1-0,curto,1,dijkstra,1,0,otimo,1,0,0,1
30,29,1-0,medio,1,dfs,1,0,guloso,1,0,0,1
30,29,1-0,medio,1,dfs,1,0,todo_centro,1,0,0,1
30,29,1-0,medio,1,dfs,1,0,limiar_10,1,0,0,1
30,29,1-0,medio,1,dfs,1,0,limiar_25,1,0,0,1
30,29,1-0,medio,1,dfs,1,0,limiar_50,1,0,0,1
30,29,1-0,medio,1,dfs,1,0,otimo,1,0,0,1
30,29,1-0,medio,1,bfs,1,0,guloso,1,0,0,1
30,29,1-0,medio,1,bfs,1,0,todo_centro,1,0,0,1
30,29,1-0,medio,1,bfs,1,0,limiar_10,1,0,0,1
30,29,1-0,medio,1,bfs,1,0,limiar_25,1,0,0,1
30,29,1-0,medio,1,bfs,1,0,limiar_50,1,0,0,1
30,29,1-0,medio,1,bfs,1,0,otimo,1,0,0,1
30,29,1-0,medio,1,dijkstra,1,0,guloso,1,0,0,1
30,29,1-0,medio,1,dijkstra,1,0,todo_centro,1,0,0,1
30,29,1-0,medio,1,dijkstra,1,0,limiar_10,1,0,0,1
30,29,1-0,medio,1,dijkstra,1,0,limiar_25,1,0,0,1
30,29,1-0,medio,1,dijkstra,1,0,limiar_50,1,0,0,1
30,29,1-0,medio,1,dijkstra,1,0,otimo,1,0,0,1
30,29,1-0,longo,1,dfs,1,0,guloso,1,0,0,1
30,29,1-0,longo,1,dfs,1,0,todo_centro,1,0,0,1
30,29,1-0,longo,1,dfs,1,0,limiar_10,1,0,0,1
30,29,1-0,longo,1,dfs,1,0,limiar_25,1,0,0,1
30,29,1-0,longo,1,dfs,1,0,limiar_50,1,0,0,1
30,29,1-0,longo,1,dfs,1,0,otimo,1,0,0,1
30,29,1-0,longo,1,bfs,1,0,guloso,1,0,0,1
30,29,1-0,longo,1,bfs,1,0,todo_centro,1,0,0,1
30,29,1-0,longo,1,bfs,1,0,limiar_10,1,0,0,1
30,29,1-0,longo,1,bfs,1,0,limiar_25,1,0,0,1
30,29,1-0,longo,1,bfs,1,0,limiar_50,1,0,0,1
30,29,1-0,longo,1,bfs,1,0,otimo,1,0,0,1
30,29,1-0,longo,1,dijkstra,1,0,guloso,1,0,0,1
30,29,1-0,longo,1,dijkstra,1,0,todo_centro,1,0,0,1
30,29,1-0,longo,1,dijkstra,1,0,limiar_10,1,0,0,1
30,29,1-0,longo,1,dijkstra,1,0,limiar_25,1,0,0,1
30,29,1-0,longo,1,dijkstra,1,0,limiar_50,1,0,0,1
30,29,1-0,longo,1,dijkstra,1,0,otimo,1,0,0,1
30,29,0-1,curto,1,dfs,1,0,guloso,1,0,0,1
30,29,0-1,curto,1,dfs,1,0,todo_centro,1,0,0,1
30,29,0-1,curto,1,dfs,1,0,limiar_10,1,0,0,1
30,29,0-1,curto,1,dfs,1,0,limiar_25,1,0,0,1
30,29,0-1,curto,1,dfs,1,0,limiar_50,1,0,0,1
30,29,0-1,curto,1,dfs,1,0,otimo,1,0,0,1
30,29,0-1,curto,1,bfs,1,0,guloso,1,0,0,1
30,29,0-1,curto,1,bfs,1,0,todo_centro,1,0,0,1
30,29,0-1,curto,1,bfs,1,0,limiar_10,1,0,0,1
30,29,0-1,curto,1,bfs,1,0,limiar_25,1,0,0,1
30,29,0-1,curto,1,bfs,1,0,limiar_50,1,0,0,1
30,29,0-1,curto,1,bfs,1,0,otimo,1,0,0,1
30,29,0-1,curto,1,dijkstra,1,0,guloso,1,0,0,1
30,29,0-1,curto,1,dijkstra,1,0,todo_centro,1,0,0,1
30,29,0-1,curto,1,dijkstra,1,0,limiar_10,1,0,0,1
30,29,0-1,curto,1,dijkstra,1,0,limiar_25,1,0,0,1
30,29,0-1,curto,1,dijkstra,1,0,limiar_50,1,0,0,1
30,29,0-1,curto,1,dijkstra,1,0,otimo,1,0,0,1
30,29,0-1,medio,1,dfs,1,0,guloso,1,0,0,1
30,29,0-1,medio,1,dfs,1,0,todo_centro,1,0,0,1
30,29,0-1,medio,1,dfs,1,0,limiar_10,1,0,0,1
30,29,0-1,medio,1,dfs,1,0,limiar_25,1,0,0,1
30,29,0-1,medio,1,dfs,1,0,limiar_50,1,0,0,1
30,29,0-1,medio,1,dfs,1,0,otimo,1,0,0,1
30,29,0-1,medio,1,bfs,1,0,guloso,1,0,0,1
30,29,0-1,medio,1,bfs,1,0,todo_centro,1,0,0,1
30,29,0-1,medio,1,bfs,1,0,limiar_10,1,0,0,1
30,29,0-1,medio,1,bfs,1,0,limiar_25,1,0,0,1
30,29,0-1,medio,1,bfs,1,0,limiar_50,1,0,0,1
30,29,0-1,medio,1,bfs,1,0,otimo,1,0,0,1
30,29,0-1,medio,1,dijkstra,1,0,guloso,1,0,0,1
30,29,0-1,medio,1,dijkstra,1,0,todo_centro,1,0,0,1
30,29,0-1,medio,1,dijkstra,1,0,limiar_10,1,0,0,1
30,29,0-1,medio,1,dijkstra,1,0,limiar_25,1,0,0,1
30,29,0-1,medio,1,dijkstra,1,0,limiar_50,1,0,0,1
30,29,0-1,medio,1,dijkstra,1,0,otimo,1,0,0,1
30,29,0-1,longo,1,dfs,1,0,guloso,1,0,0,1
30,29,0-1,longo,1,dfs,1,0,todo_centro,1,0,0,1
30,29,0-1,longo,1,dfs,1,0,limiar_10,1,0,0,1
30,29,0-1,longo,1,dfs,1,0,limiar_25,1,0,0,1
30,29,0-1,longo,1,dfs,1,0,limiar_50,1,0,0,1
30,29,0-1,longo,1,dfs,1,0,otimo,1,0,0,1
30,29,0-1,longo,1,bfs,1,0,guloso,1,0,0,1
30,29,0-1,longo,1,bfs,1,0,todo_centro,1,0,0,1
30,29,0-1,longo,1,bfs,1,0,limiar_10,1,0,0,1
30,29,0-1,longo,1,bfs,1,0,limiar_25,1,0,0,1
30,29,0-1,longo,1,bfs,1,0,limiar_50,1,0,0,1
30,29,0-1,longo,1,bfs,1,0,otimo,1,0,0,1
30,29,0-1,longo,1,dijkstra,1,0,guloso,1,0,0,1
30,29,0-1,longo,1,dijkstra,1,0,todo_centro,1,0,0,1
30,29,0-1,longo,1,dijkstra,1,0,limiar_10,1,0,0,1
30,29,0-1,longo,1,dijkstra,1,0,limiar_25,1,0,0,1
30,29,0-1,longo,1,dijkstra,1,0,limiar_50,1,0,0,1
30,29,0-1,longo,1,dijkstra,1,0,otimo,1,0,0,1
