tamanho,seed,destino,alcance,tanque,algoritmo,motivo
8,0,4-2,curto,2,dfs,rota sem recarga possivel
8,0,4-2,curto,2,bfs,rota sem recarga possivel
8,0,4-2,curto,2,dijkstra,rota sem recarga possivel
8,0,4-2,medio,4,dfs,rota sem recarga possivel
8,0,4-2,medio,4,bfs,rota sem recarga possivel
8,0,4-2,medio,4,dijkstra,rota sem recarga possivel
8,0,4-2,longo,6,dfs,rota sem recarga possivel
8,0,4-2,longo,6,bfs,rota sem recarga possivel
8,0,4-2,longo,6,dijkstra,rota sem recarga possivel
8,0,2-3,curto,5,dfs,rota sem recarga possivel
8,0,2-3,curto,5,bfs,rota sem recarga possivel
8,0,2-3,curto,5,dijkstra,rota sem recarga possivel
8,0,2-3,medio,8,dfs,rota sem recarga possivel
8,0,2-3,medio,8,bfs,rota sem recarga possivel
8,0,2-3,medio,8,dijkstra,rota sem recarga possivel
8,0,2-3,longo,13,dfs,rota sem recarga possivel
8,0,2-3,longo,13,bfs,rota sem recarga possivel
8,0,2-3,longo,13,dijkstra,rota sem recarga possivel
8,0,7-0,curto,5,dfs,rota sem recarga possivel
8,0,7-0,curto,5,bfs,rota sem recarga possivel
8,0,7-0,curto,5,dijkstra,rota sem recarga possivel
8,0,7-0,medio,8,dfs,rota sem recarga possivel
8,0,7-0,medio,8,bfs,rota sem recarga possivel
8,0,7-0,medio,8,dijkstra,rota sem recarga possivel
8,0,7-0,longo,13,dfs,rota sem recarga possivel
8,0,7-0,longo,13,bfs,rota sem recarga possivel
8,0,1-5,curto,13,dfs,rota sem recarga possivel
8,0,1-5,curto,13,bfs,rota sem recarga possivel
8,0,1-5,curto,13,dijkstra,rota sem recarga possivel
8,0,1-5,medio,22,dfs,rota sem recarga possivel
8,0,1-5,medio,22,bfs,rota sem recarga possivel
8,0,1-5,medio,22,dijkstra,rota sem recarga possivel
8,0,1-5,longo,33,dfs,rota sem recarga possivel
8,0,1-5,longo,33,bfs,rota sem recarga possivel
8,0,1-5,longo,33,dijkstra,rota sem recarga possivel
8,0,2-1,curto,1,dfs,rota sem recarga possivel
8,0,2-1,curto,1,bfs,rota sem recarga possivel
8,0,2-1,curto,1,dijkstra,rota sem recarga possivel
8,0,2-1,medio,2,dfs,rota sem recarga possivel
8,0,2-1,medio,2,bfs,rota sem recarga possivel
8,0,2-1,medio,2,dijkstra,rota sem recarga possivel
8,0,2-1,longo,2,dfs,rota sem recarga possivel
8,0,2-1,longo,2,bfs,rota sem recarga possivel
8,0,2-1,longo,2,dijkstra,rota sem recarga possivel
8,0,7-5,curto,6,dfs,rota sem recarga possivel
8,0,7-5,curto,6,bfs,rota sem recarga possivel
8,0,7-5,curto,6,dijkstra,rota sem recarga possivel
8,0,7-5,medio,10,dfs,rota sem recarga possivel
8,0,7-5,medio,10,bfs,rota sem recarga possivel
8,0,7-5,medio,10,dijkstra,rota sem recarga possivel
8,0,7-5,longo,15,dfs,rota sem recarga possivel
8,0,7-5,longo,15,bfs,rota sem recarga possivel
8,0,0-2,curto,5,dfs,rota sem recarga possivel
8,0,0-2,curto,5,bfs,rota sem recarga possivel
8,0,0-2,curto,5,dijkstra,rota sem recarga possivel
8,0,0-2,medio,8,dfs,rota sem recarga possivel
8,0,0-2,medio,8,bfs,rota sem recarga possivel
8,0,0-2,medio,8,dijkstra,rota sem recarga possivel
8,0,0-2,longo,12,dfs,rota sem recarga possivel
8,0,0-2,longo,12,bfs,rota sem recarga possivel
8,0,0-2,longo,12,dijkstra,rota sem recarga possivel
8,0,1-2,curto,4,dfs,rota sem recarga possivel
8,0,1-2,curto,4,bfs,rota sem recarga possivel
8,0,1-2,curto,4,dijkstra,rota sem recarga possivel
8,0,1-2,medio,8,dfs,rota sem recarga possivel
8,0,1-2,medio,8,bfs,rota sem recarga possivel
8,0,1-2,medio,8,dijkstra,rota sem recarga possivel
8,0,1-2,longo,11,dfs,rota sem recarga possivel
8,0,1-2,longo,11,bfs,rota sem recarga possivel
8,0,1-2,longo,11,dijkstra,rota sem recarga possivel
8,0,1-4,curto,13,dfs,rota sem recarga possivel
8,0,1-4,curto,13,bfs,rota sem recarga possivel
8,0,1-4,curto,13,dijkstra,rota sem recarga possivel
8,0,1-4,medio,22,dfs,rota sem recarga possivel
8,0,1-4,medio,22,bfs,rota sem recarga possivel
8,0,1-4,medio,22,dijkstra,rota sem recarga possivel
8,0,1-4,longo,32,dfs,rota sem recarga possivel
8,0,1-4,longo,32,bfs,rota sem recarga possivel
8,0,1-4,longo,32,dijkstra,rota sem recarga possivel
8,0,7-6,curto,7,dfs,rota sem recarga possivel
8,0,7-6,curto,7,bfs,rota sem recarga possivel
8,0,7-6,curto,7,dijkstra,rota sem recarga possivel
8,0,7-6,medio,12,dfs,rota sem recarga possivel
8,0,7-6,medio,12,bfs,rota sem recarga possivel
8,0,7-6,longo,17,dfs,rota sem recarga possivel
8,0,7-6,longo,17,bfs,rota sem recarga possivel
8,1,2-7,curto,14,dfs,rota sem recarga possivel
8,1,2-7,curto,14,bfs,rota sem recarga possivel
8,1,2-7,curto,14,dijkstra,rota sem recarga possivel
8,1,2-7,medio,22,dfs,rota sem recarga possivel
8,1,2-7,medio,22,bfs,rota sem recarga possivel
8,1,2-7,medio,22,dijkstra,rota sem recarga possivel
8,1,3-0,curto,9,dfs,rota sem recarga possivel
8,1,3-0,curto,9,bfs,rota sem recarga possivel
8,1,3-0,curto,9,dijkstra,rota sem recarga possivel
8,1,3-0,medio,16,dfs,rota sem recarga possivel
8,1,3-0,medio,16,bfs,rota sem recarga possivel
8,1,3-0,medio,16,dijkstra,rota sem recarga possivel
8,1,3-0,longo,23,dfs,rota sem recarga possivel
8,1,3-0,longo,23,bfs,rota sem recarga possivel
8,1,3-0,longo,23,dijkstra,rota sem recarga possivel
8,1,1-7,curto,14,dfs,rota sem recarga possivel
8,1,1-7,curto,14,bfs,rota sem recarga possivel
8,1,1-7,curto,14,dijkstra,rota sem recarga possivel
8,1,1-7,medio,23,dfs,rota sem recarga possivel
8,1,1-7,medio,23,bfs,rota sem recarga possivel
8,1,1-7,medio,23,dijkstra,rota sem recarga possivel
8,1,7-7,curto,22,dfs,rota sem recarga possivel
8,1,7-7,curto,22,bfs,rota sem recarga possivel
8,1,7-7,curto,22,dijkstra,rota sem recarga possivel
8,1,6-2,curto,14,dfs,rota sem recarga possivel
8,1,6-2,curto,14,bfs,rota sem recarga possivel
8,1,6-2,curto,14,dijkstra,rota sem recarga possivel
8,1,6-2,medio,24,dfs,rota sem recarga possivel
8,1,6-2,medio,24,bfs,rota sem recarga possivel
8,1,6-2,medio,24,dijkstra,rota sem recarga possivel
8,1,6-2,longo,36,dfs,rota sem recarga possivel
8,1,6-2,longo,36,bfs,rota sem recarga possivel
8,1,6-2,longo,36,dijkstra,rota sem recarga possivel
8,1,0-4,curto,8,dfs,rota sem recarga possivel
8,1,0-4,curto,8,bfs,rota sem recarga possivel
8,1,0-4,curto,8,dijkstra,rota sem recarga possivel
8,1,0-4,medio,14,dfs,rota sem recarga possivel
8,1,0-4,medio,14,bfs,rota sem recarga possivel
8,1,0-4,medio,14,dijkstra,rota sem recarga possivel
8,1,0-4,longo,21,dfs,rota sem recarga possivel
8,1,0-4,longo,21,bfs,rota sem recarga possivel
8,1,0-4,longo,21,dijkstra,rota sem recarga possivel
8,1,7-0,curto,15,dfs,rota sem recarga possivel
8,1,7-0,curto,15,bfs,rota sem recarga possivel
8,1,7-0,curto,15,dijkstra,rota sem recarga possivel
8,1,7-0,medio,24,dfs,rota sem recarga possivel
8,1,7-0,medio,24,bfs,rota sem recarga possivel
8,1,7-0,medio,24,dijkstra,rota sem recarga possivel
8,1,7-0,longo,37,dfs,rota sem recarga possivel
8,1,7-0,longo,37,bfs,rota sem recarga possivel
8,1,7-0,longo,37,dijkstra,rota sem recarga possivel
8,1,7-2,curto,15,dfs,rota sem recarga possivel
8,1,7-2,curto,15,bfs,rota sem recarga possivel
8,1,7-2,curto,15,dijkstra,rota sem recarga possivel
8,1,7-2,medio,26,dfs,rota sem recarga possivel
8,1,7-2,medio,26,bfs,rota sem recarga possivel
8,1,7-2,medio,26,dijkstra,rota sem recarga possivel
8,1,7-2,longo,38,dfs,rota sem recarga possivel
8,1,7-2,longo,38,bfs,rota sem recarga possivel
8,1,7-2,longo,38,dijkstra,rota sem recarga possivel
8,1,0-5,curto,13,dfs,rota sem recarga possivel
8,1,0-5,curto,13,bfs,rota sem recarga possivel
8,1,0-5,curto,13,dijkstra,rota sem recarga possivel
8,1,0-5,medio,22,dfs,rota sem recarga possivel
8,1,0-5,medio,22,bfs,rota sem recarga possivel
8,1,0-5,medio,22,dijkstra,rota sem recarga possivel
8,1,0-5,longo,32,dfs,rota sem recarga possivel
8,1,0-5,longo,32,bfs,rota sem recarga possivel
8,1,0-5,longo,32,dijkstra,rota sem recarga possivel
8,1,3-2,curto,9,dfs,rota sem recarga possivel
8,1,3-2,curto,9,bfs,rota sem recarga possivel
8,1,3-2,curto,9,dijkstra,rota sem recarga possivel
8,1,3-2,medio,16,dfs,rota sem recarga possivel
8,1,3-2,medio,16,bfs,rota sem recarga possivel
8,1,3-2,medio,16,dijkstra,rota sem recarga possivel
8,1,3-2,longo,23,dfs,rota sem recarga possivel
8,1,3-2,longo,23,bfs,rota sem recarga possivel
8,1,3-2,longo,23,dijkstra,rota sem recarga possivel
8,2,2-5,curto,10,dfs,rota sem recarga possivel
8,2,2-5,curto,10,bfs,rota sem recarga possivel
8,2,2-5,curto,10,dijkstra,rota sem recarga possivel
8,2,2-5,medio,18,dfs,rota sem recarga possivel
8,2,2-5,medio,18,bfs,rota sem recarga possivel
8,2,2-5,medio,18,dijkstra,rota sem recarga possivel
8,2,2-5,longo,26,dfs,rota sem recarga possivel
8,2,2-5,longo,26,bfs,rota sem recarga possivel
8,2,1-2,curto,7,dfs,rota sem recarga possivel
8,2,1-2,curto,7,bfs,rota sem recarga possivel
8,2,1-2,curto,7,dijkstra,rota sem recarga possivel
8,2,1-2,medio,12,dfs,rota sem recarga possivel
8,2,1-2,medio,12,bfs,rota sem recarga possivel
8,2,1-2,medio,12,dijkstra,rota sem recarga possivel
8,2,1-2,longo,17,dfs,rota sem recarga possivel
8,2,1-2,longo,17,bfs,rota sem recarga possivel
8,2,1-2,longo,17,dijkstra,rota sem recarga possivel
8,2,2-0,curto,5,dfs,rota sem recarga possivel
8,2,2-0,curto,5,bfs,rota sem recarga possivel
8,2,2-0,curto,5,dijkstra,rota sem recarga possivel
8,2,2-0,medio,8,dfs,rota sem recarga possivel
8,2,2-0,medio,8,bfs,rota sem recarga possivel
8,2,2-0,medio,8,dijkstra,rota sem recarga possivel
8,2,2-0,longo,12,dfs,rota sem recarga possivel
8,2,2-0,longo,12,bfs,rota sem recarga possivel
8,2,2-0,longo,12,dijkstra,rota sem recarga possivel
8,2,0-2,curto,10,dfs,rota sem recarga possivel
8,2,0-2,curto,10,bfs,rota sem recarga possivel
8,2,0-2,curto,10,dijkstra,rota sem recarga possivel
8,2,0-2,medio,16,dfs,rota sem recarga possivel
8,2,0-2,medio,16,bfs,rota sem recarga possivel
8,2,0-2,medio,16,dijkstra,rota sem recarga possivel
8,2,0-2,longo,24,dfs,rota sem recarga possivel
8,2,0-2,longo,24,bfs,rota sem recarga possivel
8,2,2-4,curto,10,dfs,rota sem recarga possivel
8,2,2-4,curto,10,bfs,rota sem recarga possivel
8,2,2-4,curto,10,dijkstra,rota sem recarga possivel
8,2,2-4,medio,16,dfs,rota sem recarga possivel
8,2,2-4,medio,16,bfs,rota sem recarga possivel
8,2,2-4,medio,16,dijkstra,rota sem recarga possivel
8,2,2-4,longo,24,dfs,rota sem recarga possivel
8,2,2-4,longo,24,bfs,rota sem recarga possivel
8,2,2-3,curto,7,dfs,rota sem recarga possivel
8,2,2-3,curto,7,bfs,rota sem recarga possivel
8,2,2-3,curto,7,dijkstra,rota sem recarga possivel
8,2,2-3,medio,12,dfs,rota sem recarga possivel
8,2,2-3,medio,12,bfs,rota sem recarga possivel
8,2,2-3,medio,12,dijkstra,rota sem recarga possivel
8,2,2-3,longo,17,dfs,rota sem recarga possivel
8,2,2-3,longo,17,bfs,rota sem recarga possivel
8,2,2-3,longo,17,dijkstra,rota sem recarga possivel
8,2,1-3,curto,11,dfs,rota sem recarga possivel
8,2,1-3,curto,11,bfs,rota sem recarga possivel
8,2,1-3,curto,11,dijkstra,rota sem recarga possivel
8,2,1-3,medio,19,dfs,rota sem recarga possivel
8,2,1-3,medio,19,bfs,rota sem recarga possivel
8,2,1-3,medio,19,dijkstra,rota sem recarga possivel
8,2,1-3,longo,28,dfs,rota sem recarga possivel
8,2,1-3,longo,28,bfs,rota sem recarga possivel
8,2,1-0,curto,4,dfs,rota sem recarga possivel
8,2,1-0,curto,4,bfs,rota sem recarga possivel
8,2,1-0,curto,4,dijkstra,rota sem recarga possivel
8,2,1-0,medio,6,dfs,rota sem recarga possivel
8,2,1-0,medio,6,bfs,rota sem recarga possivel
8,2,1-0,medio,6,dijkstra,rota sem recarga possivel
8,2,1-0,longo,10,dfs,rota sem recarga possivel
8,2,1-0,longo,10,bfs,rota sem recarga possivel
8,2,1-0,longo,10,dijkstra,rota sem recarga possivel
8,2,3-5,curto,11,dfs,rota sem recarga possivel
8,2,3-5,curto,11,bfs,rota sem recarga possivel
8,2,3-5,curto,11,dijkstra,rota sem recarga possivel
8,2,3-5,medio,19,dfs,rota sem recarga possivel
8,2,3-5,medio,19,bfs,rota sem recarga possivel
8,2,3-5,medio,19,dijkstra,rota sem recarga possivel
8,2,3-5,longo,28,dfs,rota sem recarga possivel
8,2,3-5,longo,28,bfs,rota sem recarga possivel
8,2,1-1,curto,8,dfs,rota sem recarga possivel
8,2,1-1,curto,8,bfs,rota sem recarga possivel
8,2,1-1,curto,8,dijkstra,rota sem recarga possivel
8,2,1-1,medio,13,dfs,rota sem recarga possivel
8,2,1-1,medio,13,bfs,rota sem recarga possivel
8,2,1-1,medio,13,dijkstra,rota sem recarga possivel
8,2,1-1,longo,20,dfs,rota sem recarga possivel
8,2,1-1,longo,20,bfs,rota sem recarga possivel
8,2,1-1,longo,20,dijkstra,rota sem recarga possivel
8,3,4-4,curto,6,dfs,rota sem recarga possivel
8,3,4-4,curto,6,bfs,rota sem recarga possivel
8,3,4-4,curto,6,dijkstra,rota sem recarga possivel
8,3,4-4,medio,10,dfs,rota sem recarga possivel
8,3,4-4,medio,10,bfs,rota sem recarga possivel
8,3,4-4,medio,10,dijkstra,rota sem recarga possivel
8,3,4-4,longo,15,dfs,rota sem recarga possivel
8,3,4-4,longo,15,bfs,rota sem recarga possivel
8,3,4-0,curto,8,dfs,rota sem recarga possivel
8,3,4-0,curto,8,bfs,rota sem recarga possivel
8,3,4-0,curto,8,dijkstra,rota sem recarga possivel
8,3,4-0,medio,13,dfs,rota sem recarga possivel
8,3,4-0,medio,13,bfs,rota sem recarga possivel
8,3,4-0,medio,13,dijkstra,rota sem recarga possivel
8,3,4-0,longo,20,dfs,rota sem recarga possivel
8,3,4-0,longo,20,bfs,rota sem recarga possivel
8,3,4-0,longo,20,dijkstra,rota sem recarga possivel
8,3,3-0,curto,5,dfs,rota sem recarga possivel
8,3,3-0,curto,5,bfs,rota sem recarga possivel
8,3,3-0,curto,5,dijkstra,rota sem recarga possivel
8,3,3-0,medio,8,dfs,rota sem recarga possivel
8,3,3-0,medio,8,bfs,rota sem recarga possivel
8,3,3-0,medio,8,dijkstra,rota sem recarga possivel
8,3,3-0,longo,13,dfs,rota sem recarga possivel
8,3,3-0,longo,13,bfs,rota sem recarga possivel
8,3,3-0,longo,13,dijkstra,rota sem recarga possivel
8,3,3-4,curto,6,dfs,rota sem recarga possivel
8,3,3-4,curto,6,bfs,rota sem recarga possivel
8,3,3-4,curto,6,dijkstra,rota sem recarga possivel
8,3,3-4,medio,10,dfs,rota sem recarga possivel
8,3,3-4,medio,10,bfs,rota sem recarga possivel
8,3,3-4,medio,10,dijkstra,rota sem recarga possivel
8,3,3-4,longo,14,dfs,rota sem recarga possivel
8,3,3-4,longo,14,bfs,rota sem recarga possivel
8,3,4-1,curto,8,dfs,rota sem recarga possivel
8,3,4-1,curto,8,bfs,rota sem recarga possivel
8,3,4-1,curto,8,dijkstra,rota sem recarga possivel
8,3,4-1,medio,14,dfs,rota sem recarga possivel
8,3,4-1,medio,14,bfs,rota sem recarga possivel
8,3,4-1,medio,14,dijkstra,rota sem recarga possivel
8,3,4-1,longo,20,dfs,rota sem recarga possivel
8,3,4-1,longo,20,bfs,rota sem recarga possivel
8,3,4-1,longo,20,dijkstra,rota sem recarga possivel
8,3,0-7,curto,8,dfs,rota sem recarga possivel
8,3,0-7,curto,8,bfs,rota sem recarga possivel
8,3,0-7,curto,8,dijkstra,rota sem recarga possivel
8,3,0-7,medio,12,dfs,rota sem recarga possivel
8,3,0-7,medio,12,bfs,rota sem recarga possivel
8,3,0-7,medio,12,dijkstra,rota sem recarga possivel
8,3,0-7,longo,19,dfs,rota sem recarga possivel
8,3,0-7,longo,19,bfs,rota sem recarga possivel
8,3,3-1,curto,5,dfs,rota sem recarga possivel
8,3,3-1,curto,5,bfs,rota sem recarga possivel
8,3,3-1,curto,5,dijkstra,rota sem recarga possivel
8,3,3-1,medio,8,dfs,rota sem recarga possivel
8,3,3-1,medio,8,bfs,rota sem recarga possivel
8,3,3-1,medio,8,dijkstra,rota sem recarga possivel
8,3,3-1,longo,12,dfs,rota sem recarga possivel
8,3,3-1,longo,12,bfs,rota sem recarga possivel
8,3,3-1,longo,12,dijkstra,rota sem recarga possivel
8,3,5-6,curto,9,dfs,rota sem recarga possivel
8,3,5-6,curto,9,bfs,rota sem recarga possivel
8,3,5-6,curto,9,dijkstra,rota sem recarga possivel
8,3,5-6,medio,16,dfs,rota sem recarga possivel
8,3,5-6,medio,16,bfs,rota sem recarga possivel
8,3,5-6,longo,23,dfs,rota sem recarga possivel
8,3,5-6,longo,23,bfs,rota sem recarga possivel
8,3,5-1,curto,9,dfs,rota sem recarga possivel
8,3,5-1,curto,9,bfs,rota sem recarga possivel
8,3,5-1,curto,9,dijkstra,rota sem recarga possivel
8,3,5-1,medio,15,dfs,rota sem recarga possivel
8,3,5-1,medio,15,bfs,rota sem recarga possivel
8,3,5-1,medio,15,dijkstra,rota sem recarga possivel
8,3,5-1,longo,22,dfs,rota sem recarga possivel
8,3,5-1,longo,22,bfs,rota sem recarga possivel
8,3,5-1,longo,22,dijkstra,rota sem recarga possivel
8,3,6-5,curto,12,dfs,rota sem recarga possivel
8,3,6-5,curto,12,bfs,rota sem recarga possivel
8,3,6-5,curto,12,dijkstra,rota sem recarga possivel
8,3,6-5,medio,20,dfs,rota sem recarga possivel
8,3,6-5,medio,20,bfs,rota sem recarga possivel
8,3,6-5,longo,29,dfs,rota sem recarga possivel
8,3,6-5,longo,29,bfs,rota sem recarga possivel
8,4,7-1,curto,11,dfs,rota sem recarga possivel
8,4,7-1,curto,11,bfs,rota sem recarga possivel
8,4,7-1,curto,11,dijkstra,rota sem recarga possivel
8,4,7-1,medio,18,dfs,rota sem recarga possivel
8,4,7-1,medio,18,bfs,rota sem recarga possivel
8,4,7-1,medio,18,dijkstra,rota sem recarga possivel
8,4,1-1,curto,1,dfs,rota sem recarga possivel
8,4,1-1,curto,1,bfs,rota sem recarga possivel
8,4,1-1,curto,1,dijkstra,rota sem recarga possivel
8,4,1-1,medio,2,dfs,rota sem recarga possivel
8,4,1-1,medio,2,bfs,rota sem recarga possivel
8,4,1-1,medio,2,dijkstra,rota sem recarga possivel
8,4,1-1,longo,3,dfs,rota sem recarga possivel
8,4,1-1,longo,3,bfs,rota sem recarga possivel
8,4,1-1,longo,3,dijkstra,rota sem recarga possivel
8,4,4-2,curto,5,dfs,rota sem recarga possivel
8,4,4-2,curto,5,bfs,rota sem recarga possivel
8,4,4-2,curto,5,dijkstra,rota sem recarga possivel
8,4,4-0,curto,7,dfs,rota sem recarga possivel
8,4,4-0,curto,7,bfs,rota sem recarga possivel
8,4,4-0,curto,7,dijkstra,rota sem recarga possivel
8,4,4-0,medio,12,dfs,rota sem recarga possivel
8,4,4-0,medio,12,bfs,rota sem recarga possivel
8,4,4-0,medio,12,dijkstra,rota sem recarga possivel
8,4,5-3,curto,7,dfs,rota sem recarga possivel
8,4,5-3,curto,7,bfs,rota sem recarga possivel
8,4,5-3,curto,7,dijkstra,rota sem recarga possivel
8,4,5-3,medio,12,dfs,rota sem recarga possivel
8,4,5-3,medio,12,bfs,rota sem recarga possivel
8,4,5-3,medio,12,dijkstra,rota sem recarga possivel
8,4,2-5,curto,10,dfs,rota sem recarga possivel
8,4,2-5,curto,10,bfs,rota sem recarga possivel
8,4,2-5,curto,10,dijkstra,rota sem recarga possivel
8,4,2-5,medio,18,dfs,rota sem recarga possivel
8,4,2-5,medio,18,bfs,rota sem recarga possivel
8,4,2-5,medio,18,dijkstra,rota sem recarga possivel
8,4,7-6,curto,11,dfs,rota sem recarga possivel
8,4,7-6,curto,11,bfs,rota sem recarga possivel
8,4,7-6,curto,11,dijkstra,rota sem recarga possivel
8,4,7-6,medio,18,dfs,rota sem recarga possivel
8,4,7-6,medio,18,bfs,rota sem recarga possivel
8,4,7-6,medio,18,dijkstra,rota sem recarga possivel
8,4,0-7,curto,16,dfs,rota sem recarga possivel
8,4,0-7,curto,16,bfs,rota sem recarga possivel
8,4,0-7,curto,16,dijkstra,rota sem recarga possivel
8,4,0-7,medio,28,dfs,rota sem recarga possivel
8,4,0-7,medio,28,bfs,rota sem recarga possivel
8,4,0-7,medio,28,dijkstra,rota sem recarga possivel
8,4,0-7,longo,41,dfs,rota sem recarga possivel
8,4,0-7,longo,41,bfs,rota sem recarga possivel
8,4,0-7,longo,41,dijkstra,rota sem recarga possivel
8,4,6-5,curto,13,dfs,rota sem recarga possivel
8,4,6-5,curto,13,bfs,rota sem recarga possivel
8,4,6-5,curto,13,dijkstra,rota sem recarga possivel
8,4,3-3,curto,4,dfs,rota sem recarga possivel
8,4,3-3,curto,4,bfs,rota sem recarga possivel
8,4,3-3,curto,4,dijkstra,rota sem recarga possivel
8,5,,,,,origem sem componente alcancavel sem surf
8,6,3-1,curto,8,dfs,rota sem recarga possivel
8,6,3-1,curto,8,bfs,rota sem recarga possivel
8,6,3-1,curto,8,dijkstra,rota sem recarga possivel
8,6,3-1,medio,13,dfs,rota sem recarga possivel
8,6,3-1,medio,13,bfs,rota sem recarga possivel
8,6,3-1,medio,13,dijkstra,rota sem recarga possivel
8,6,3-1,longo,20,dfs,rota sem recarga possivel
8,6,3-1,longo,20,bfs,rota sem recarga possivel
8,6,3-1,longo,20,dijkstra,rota sem recarga possivel
8,6,1-1,curto,4,dfs,rota sem recarga possivel
8,6,1-1,curto,4,bfs,rota sem recarga possivel
8,6,1-1,curto,4,dijkstra,rota sem recarga possivel
8,6,1-1,medio,6,dfs,rota sem recarga possivel
8,6,1-1,medio,6,bfs,rota sem recarga possivel
8,6,1-1,medio,6,dijkstra,rota sem recarga possivel
8,6,1-1,longo,9,dfs,rota sem recarga possivel
8,6,1-1,longo,9,bfs,rota sem recarga possivel
8,6,1-1,longo,9,dijkstra,rota sem recarga possivel
8,6,3-6,curto,15,dfs,rota sem recarga possivel
8,6,3-6,curto,15,bfs,rota sem recarga possivel
8,6,3-6,curto,15,dijkstra,rota sem recarga possivel
8,6,3-6,medio,26,dfs,rota sem recarga possivel
8,6,3-6,medio,26,bfs,rota sem recarga possivel
8,6,3-6,medio,26,dijkstra,rota sem recarga possivel
8,6,3-6,longo,38,dfs,rota sem recarga possivel
8,6,4-5,curto,14,dfs,rota sem recarga possivel
8,6,4-5,curto,14,bfs,rota sem recarga possivel
8,6,4-5,curto,14,dijkstra,rota sem recarga possivel
8,6,4-5,medio,24,dfs,rota sem recarga possivel
8,6,4-5,medio,24,bfs,rota sem recarga possivel
8,6,4-5,medio,24,dijkstra,rota sem recarga possivel
8,6,2-6,curto,16,dfs,rota sem recarga possivel
8,6,2-6,curto,16,bfs,rota sem recarga possivel
8,6,2-6,curto,16,dijkstra,rota sem recarga possivel
8,6,2-6,medio,27,dfs,rota sem recarga possivel
8,6,2-6,medio,27,bfs,rota sem recarga possivel
8,6,2-6,medio,27,dijkstra,rota sem recarga possivel
8,6,2-6,longo,40,dfs,rota sem recarga possivel
8,6,0-5,curto,19,dfs,rota sem recarga possivel
8,6,0-5,curto,19,bfs,rota sem recarga possivel
8,6,0-5,curto,19,dijkstra,rota sem recarga possivel
8,6,0-5,medio,32,dfs,rota sem recarga possivel
8,6,0-5,medio,32,bfs,rota sem recarga possivel
8,6,0-5,medio,32,dijkstra,rota sem recarga possivel
8,6,0-6,curto,20,dfs,rota sem recarga possivel
8,6,0-6,curto,20,bfs,rota sem recarga possivel
8,6,0-6,curto,20,dijkstra,rota sem recarga possivel
8,6,0-6,medio,34,dfs,rota sem recarga possivel
8,6,0-6,medio,34,bfs,rota sem recarga possivel
8,6,0-6,medio,34,dijkstra,rota sem recarga possivel
8,6,2-1,curto,7,dfs,rota sem recarga possivel
8,6,2-1,curto,7,bfs,rota sem recarga possivel
8,6,2-1,curto,7,dijkstra,rota sem recarga possivel
8,6,2-1,medio,12,dfs,rota sem recarga possivel
8,6,2-1,medio,12,bfs,rota sem recarga possivel
8,6,2-1,medio,12,dijkstra,rota sem recarga possivel
8,6,2-1,longo,17,dfs,rota sem recarga possivel
8,6,2-1,longo,17,bfs,rota sem recarga possivel
8,6,2-1,longo,17,dijkstra,rota sem recarga possivel
8,6,1-2,curto,6,dfs,rota sem recarga possivel
8,6,1-2,curto,6,bfs,rota sem recarga possivel
8,6,1-2,curto,6,dijkstra,rota sem recarga possivel
8,6,1-2,medio,10,dfs,rota sem recarga possivel
8,6,1-2,medio,10,bfs,rota sem recarga possivel
8,6,1-2,medio,10,dijkstra,rota sem recarga possivel
8,6,1-2,longo,16,dfs,rota sem recarga possivel
8,6,1-2,longo,16,bfs,rota sem recarga possivel
8,6,1-2,longo,16,dijkstra,rota sem recarga possivel
8,6,4-0,curto,10,dfs,rota sem recarga possivel
8,6,4-0,curto,10,bfs,rota sem recarga possivel
8,6,4-0,curto,10,dijkstra,rota sem recarga possivel
8,6,4-0,medio,16,dfs,rota sem recarga possivel
8,6,4-0,medio,16,bfs,rota sem recarga possivel
8,6,4-0,medio,16,dijkstra,rota sem recarga possivel
8,6,4-0,longo,24,dfs,rota sem recarga possivel
8,6,4-0,longo,24,bfs,rota sem recarga possivel
8,6,4-0,longo,24,dijkstra,rota sem recarga possivel
8,7,,,,,origem sem componente alcancavel sem surf
8,8,,,,,origem sem componente alcancavel sem surf
8,9,,,,,origem sem componente alcancavel sem surf
8,10,2-2,curto,8,dfs,rota sem recarga possivel
8,10,2-2,curto,8,bfs,rota sem recarga possivel
8,10,2-2,curto,8,dijkstra,rota sem recarga possivel
8,10,2-2,medio,13,dfs,rota sem recarga possivel
8,10,2-2,medio,13,bfs,rota sem recarga possivel
8,10,2-2,medio,13,dijkstra,rota sem recarga possivel
8,10,2-2,longo,20,dfs,rota sem recarga possivel
8,10,2-2,longo,20,bfs,rota sem recarga possivel
8,10,2-2,longo,20,dijkstra,rota sem recarga possivel
8,10,7-0,curto,8,dfs,rota sem recarga possivel
8,10,7-0,curto,8,bfs,rota sem recarga possivel
8,10,7-0,curto,8,dijkstra,rota sem recarga possivel
8,10,7-0,medio,14,dfs,rota sem recarga possivel
8,10,7-0,medio,14,bfs,rota sem recarga possivel
8,10,7-0,medio,14,dijkstra,rota sem recarga possivel
8,10,7-0,longo,20,dfs,rota sem recarga possivel
8,10,7-0,longo,20,bfs,rota sem recarga possivel
8,10,7-0,longo,20,dijkstra,rota sem recarga possivel
8,10,7-1,curto,7,dfs,rota sem recarga possivel
8,10,7-1,curto,7,bfs,rota sem recarga possivel
8,10,7-1,curto,7,dijkstra,rota sem recarga possivel
8,10,7-1,medio,12,dfs,rota sem recarga possivel
8,10,7-1,medio,12,bfs,rota sem recarga possivel
8,10,7-1,medio,12,dijkstra,rota sem recarga possivel
8,10,7-1,longo,18,dfs,rota sem recarga possivel
8,10,7-1,longo,18,bfs,rota sem recarga possivel
8,10,7-1,longo,18,dijkstra,rota sem recarga possivel
8,10,3-1,curto,6,dfs,rota sem recarga possivel
8,10,3-1,curto,6,bfs,rota sem recarga possivel
8,10,3-1,curto,6,dijkstra,rota sem recarga possivel
8,10,3-1,medio,10,dfs,rota sem recarga possivel
8,10,3-1,medio,10,bfs,rota sem recarga possivel
8,10,3-1,medio,10,dijkstra,rota sem recarga possivel
8,10,3-1,longo,15,dfs,rota sem recarga possivel
8,10,3-1,longo,15,bfs,rota sem recarga possivel
8,10,3-1,longo,15,dijkstra,rota sem recarga possivel
8,10,1-0,curto,1,dfs,rota sem recarga possivel
8,10,1-0,curto,1,bfs,rota sem recarga possivel
8,10,1-0,curto,1,dijkstra,rota sem recarga possivel
8,10,1-0,medio,2,dfs,rota sem recarga possivel
8,10,1-0,medio,2,bfs,rota sem recarga possivel
8,10,1-0,medio,2,dijkstra,rota sem recarga possivel
8,10,1-0,longo,2,dfs,rota sem recarga possivel
8,10,1-0,longo,2,bfs,rota sem recarga possivel
8,10,1-0,longo,2,dijkstra,rota sem recarga possivel
8,10,4-1,curto,3,dfs,rota sem recarga possivel
8,10,4-1,curto,3,bfs,rota sem recarga possivel
8,10,4-1,curto,3,dijkstra,rota sem recarga possivel
8,10,4-1,medio,4,dfs,rota sem recarga possivel
8,10,4-1,medio,4,bfs,rota sem recarga possivel
8,10,4-1,medio,4,dijkstra,rota sem recarga possivel
8,10,4-1,longo,7,dfs,rota sem recarga possivel
8,10,4-1,longo,7,bfs,rota sem recarga possivel
8,10,5-1,curto,7,dfs,rota sem recarga possivel
8,10,5-1,curto,7,bfs,rota sem recarga possivel
8,10,5-1,curto,7,dijkstra,rota sem recarga possivel
8,10,5-1,medio,11,dfs,rota sem recarga possivel
8,10,5-1,medio,11,bfs,rota sem recarga possivel
8,10,5-1,medio,11,dijkstra,rota sem recarga possivel
8,10,5-1,longo,16,dfs,rota sem recarga possivel
8,10,5-1,longo,16,bfs,rota sem recarga possivel
8,10,5-1,longo,16,dijkstra,rota sem recarga possivel
8,10,4-0,curto,2,dfs,rota sem recarga possivel
8,10,4-0,curto,2,bfs,rota sem recarga possivel
8,10,4-0,curto,2,dijkstra,rota sem recarga possivel
8,10,5-2,curto,10,dfs,rota sem recarga possivel
8,10,5-2,curto,10,bfs,rota sem recarga possivel
8,10,5-2,curto,10,dijkstra,rota sem recarga possivel
8,10,5-2,medio,16,dfs,rota sem recarga possivel
8,10,5-2,medio,16,bfs,rota sem recarga possivel
8,10,5-2,medio,16,dijkstra,rota sem recarga possivel
8,10,5-2,longo,25,dfs,rota sem recarga possivel
8,10,5-2,longo,25,bfs,rota sem recarga possivel
8,10,5-2,longo,25,dijkstra,rota sem recarga possivel
8,10,1-1,curto,2,dfs,rota sem recarga possivel
8,10,1-1,curto,2,bfs,rota sem recarga possivel
8,10,1-1,curto,2,dijkstra,rota sem recarga possivel
8,11,3-2,curto,3,dfs,rota sem recarga possivel
8,11,3-2,curto,3,bfs,rota sem recarga possivel
8,11,3-2,curto,3,dijkstra,rota sem recarga possivel
8,11,3-2,medio,4,dfs,rota sem recarga possivel
8,11,3-2,medio,4,bfs,rota sem recarga possivel
8,11,3-2,medio,4,dijkstra,rota sem recarga possivel
8,11,3-2,longo,7,dfs,rota sem recarga possivel
8,11,3-2,longo,7,bfs,rota sem recarga possivel
8,11,3-2,longo,7,dijkstra,rota sem recarga possivel
8,11,3-1,curto,2,dfs,rota sem recarga possivel
8,11,3-1,curto,2,bfs,rota sem recarga possivel
8,11,3-1,curto,2,dijkstra,rota sem recarga possivel
8,11,3-1,medio,3,dfs,rota sem recarga possivel
8,11,3-1,medio,3,bfs,rota sem recarga possivel
8,11,3-1,medio,3,dijkstra,rota sem recarga possivel
8,11,3-1,longo,4,dfs,rota sem recarga possivel
8,11,3-1,longo,4,bfs,rota sem recarga possivel
8,11,3-1,longo,4,dijkstra,rota sem recarga possivel
8,11,6-3,curto,7,dfs,rota sem recarga possivel
8,11,6-3,curto,7,bfs,rota sem recarga possivel
8,11,6-3,curto,7,dijkstra,rota sem recarga possivel
8,11,6-3,medio,12,dfs,rota sem recarga possivel
8,11,6-3,medio,12,bfs,rota sem recarga possivel
8,11,6-3,medio,12,dijkstra,rota sem recarga possivel
8,11,6-3,longo,17,dfs,rota sem recarga possivel
8,11,6-3,longo,17,bfs,rota sem recarga possivel
8,11,6-3,longo,17,dijkstra,rota sem recarga possivel
8,11,7-1,curto,6,dfs,rota sem recarga possivel
8,11,7-1,curto,6,bfs,rota sem recarga possivel
8,11,7-1,curto,6,dijkstra,rota sem recarga possivel
8,11,7-1,medio,10,dfs,rota sem recarga possivel
8,11,7-1,medio,10,bfs,rota sem recarga possivel
8,11,7-1,medio,10,dijkstra,rota sem recarga possivel
8,11,7-1,longo,15,dfs,rota sem recarga possivel
8,11,7-1,longo,15,bfs,rota sem recarga possivel
8,11,7-1,longo,15,dijkstra,rota sem recarga possivel
8,11,2-0,curto,1,dfs,rota sem recarga possivel
8,11,2-0,curto,1,bfs,rota sem recarga possivel
8,11,2-0,curto,1,dijkstra,rota sem recarga possivel
8,11,2-0,medio,1,dfs,rota sem recarga possivel
8,11,2-0,medio,1,bfs,rota sem recarga possivel
8,11,2-0,medio,1,dijkstra,rota sem recarga possivel
8,11,6-2,curto,6,dfs,rota sem recarga possivel
8,11,6-2,curto,6,bfs,rota sem recarga possivel
8,11,6-2,curto,6,dijkstra,rota sem recarga possivel
8,11,6-2,medio,10,dfs,rota sem recarga possivel
8,11,6-2,medio,10,bfs,rota sem recarga possivel
8,11,6-2,medio,10,dijkstra,rota sem recarga possivel
8,11,6-2,longo,15,dfs,rota sem recarga possivel
8,11,6-2,longo,15,bfs,rota sem recarga possivel
8,11,6-2,longo,15,dijkstra,rota sem recarga possivel
8,11,4-0,curto,2,dfs,rota sem recarga possivel
8,11,4-0,curto,2,bfs,rota sem recarga possivel
8,11,4-0,curto,2,dijkstra,rota sem recarga possivel
8,11,4-0,medio,3,dfs,rota sem recarga possivel
8,11,4-0,longo,4,dfs,rota sem recarga possivel
8,11,6-1,curto,6,dfs,rota sem recarga possivel
8,11,6-1,curto,6,bfs,rota sem recarga possivel
8,11,6-1,curto,6,dijkstra,rota sem recarga possivel
8,11,6-1,medio,10,dfs,rota sem recarga possivel
8,11,6-1,medio,10,bfs,rota sem recarga possivel
8,11,6-1,medio,10,dijkstra,rota sem recarga possivel
8,11,6-1,longo,14,dfs,rota sem recarga possivel
8,11,6-1,longo,14,bfs,rota sem recarga possivel
8,11,6-1,longo,14,dijkstra,rota sem recarga possivel
8,11,7-0,curto,7,dfs,rota sem recarga possivel
8,11,7-0,curto,7,bfs,rota sem recarga possivel
8,11,7-0,curto,7,dijkstra,rota sem recarga possivel
8,11,7-0,medio,12,dfs,rota sem recarga possivel
8,11,7-0,medio,12,bfs,rota sem recarga possivel
8,11,7-0,medio,12,dijkstra,rota sem recarga possivel
8,11,7-0,longo,17,dfs,rota sem recarga possivel
8,11,7-0,longo,17,bfs,rota sem recarga possivel
8,11,7-0,longo,17,dijkstra,rota sem recarga possivel
8,11,5-1,curto,5,dfs,rota sem recarga possivel
8,11,5-1,curto,5,bfs,rota sem recarga possivel
8,11,5-1,curto,5,dijkstra,rota sem recarga possivel
8,11,5-1,medio,9,dfs,rota sem recarga possivel
8,11,5-1,medio,9,bfs,rota sem recarga possivel
8,11,5-1,medio,9,dijkstra,rota sem recarga possivel
8,11,5-1,longo,14,dfs,rota sem recarga possivel
8,11,5-1,longo,14,bfs,rota sem recarga possivel
8,11,5-1,longo,14,dijkstra,rota sem recarga possivel
8,12,1-2,curto,2,dfs,rota sem recarga possivel
8,12,1-2,curto,2,bfs,rota sem recarga possivel
8,12,1-2,curto,2,dijkstra,rota sem recarga possivel
8,12,1-2,medio,4,dfs,rota sem recarga possivel
8,12,1-2,medio,4,bfs,rota sem recarga possivel
8,12,1-2,medio,4,dijkstra,rota sem recarga possivel
8,12,1-2,longo,5,dfs,rota sem recarga possivel
8,12,1-2,longo,5,bfs,rota sem recarga possivel
8,12,1-2,longo,5,dijkstra,rota sem recarga possivel
8,12,1-3,curto,3,dfs,rota sem recarga possivel
8,12,1-3,curto,3,bfs,rota sem recarga possivel
8,12,1-3,curto,3,dijkstra,rota sem recarga possivel
8,12,1-3,medio,5,dfs,rota sem recarga possivel
8,12,1-3,medio,5,bfs,rota sem recarga possivel
8,12,1-3,medio,5,dijkstra,rota sem recarga possivel
8,12,1-3,longo,8,dfs,rota sem recarga possivel
8,12,1-3,longo,8,bfs,rota sem recarga possivel
8,12,1-3,longo,8,dijkstra,rota sem recarga possivel
8,12,2-4,curto,4,dfs,rota sem recarga possivel
8,12,2-4,curto,4,bfs,rota sem recarga possivel
8,12,2-4,curto,4,dijkstra,rota sem recarga possivel
8,12,2-4,medio,7,dfs,rota sem recarga possivel
8,12,2-4,medio,7,bfs,rota sem recarga possivel
8,12,2-4,medio,7,dijkstra,rota sem recarga possivel
8,12,2-4,longo,10,dfs,rota sem recarga possivel
8,12,2-4,longo,10,bfs,rota sem recarga possivel
8,12,2-4,longo,10,dijkstra,rota sem recarga possivel
8,12,4-4,curto,7,dfs,rota sem recarga possivel
8,12,4-4,curto,7,bfs,rota sem recarga possivel
8,12,4-4,curto,7,dijkstra,rota sem recarga possivel
8,12,4-4,medio,12,dfs,rota sem recarga possivel
8,12,4-4,medio,12,bfs,rota sem recarga possivel
8,12,4-4,medio,12,dijkstra,rota sem recarga possivel
8,12,4-4,longo,18,dfs,rota sem recarga possivel
8,12,4-4,longo,18,bfs,rota sem recarga possivel
8,12,4-4,longo,18,dijkstra,rota sem recarga possivel
8,12,3-4,curto,7,dfs,rota sem recarga possivel
8,12,3-4,curto,7,bfs,rota sem recarga possivel
8,12,3-4,curto,7,dijkstra,rota sem recarga possivel
8,12,3-4,medio,12,dfs,rota sem recarga possivel
8,12,3-4,medio,12,bfs,rota sem recarga possivel
8,12,3-4,medio,12,dijkstra,rota sem recarga possivel
8,12,3-4,longo,17,dfs,rota sem recarga possivel
8,12,3-4,longo,17,bfs,rota sem recarga possivel
8,12,3-4,longo,17,dijkstra,rota sem recarga possivel
8,12,3-5,curto,8,dfs,rota sem recarga possivel
8,12,3-5,curto,8,bfs,rota sem recarga possivel
8,12,3-5,curto,8,dijkstra,rota sem recarga possivel
8,12,3-5,medio,14,dfs,rota sem recarga possivel
8,12,3-5,medio,14,bfs,rota sem recarga possivel
8,12,3-5,medio,14,dijkstra,rota sem recarga possivel
8,12,3-5,longo,21,dfs,rota sem recarga possivel
8,12,3-5,longo,21,bfs,rota sem recarga possivel
8,12,3-5,longo,21,dijkstra,rota sem recarga possivel
8,12,2-3,curto,4,dfs,rota sem recarga possivel
8,12,2-3,curto,4,bfs,rota sem recarga possivel
8,12,2-3,curto,4,dijkstra,rota sem recarga possivel
8,12,2-3,medio,6,dfs,rota sem recarga possivel
8,12,2-3,medio,6,bfs,rota sem recarga possivel
8,12,2-3,medio,6,dijkstra,rota sem recarga possivel
8,12,2-3,longo,10,dfs,rota sem recarga possivel
8,12,2-3,longo,10,bfs,rota sem recarga possivel
8,12,2-3,longo,10,dijkstra,rota sem recarga possivel
8,12,5-3,curto,8,dfs,rota sem recarga possivel
8,12,5-3,curto,8,bfs,rota sem recarga possivel
8,12,5-3,curto,8,dijkstra,rota sem recarga possivel
8,12,5-3,medio,14,dfs,rota sem recarga possivel
8,12,5-3,medio,14,bfs,rota sem recarga possivel
8,12,5-3,medio,14,dijkstra,rota sem recarga possivel
8,12,5-3,longo,21,dfs,rota sem recarga possivel
8,12,5-3,longo,21,bfs,rota sem recarga possivel
8,12,5-3,longo,21,dijkstra,rota sem recarga possivel
8,12,3-6,curto,8,dfs,rota sem recarga possivel
8,12,3-6,curto,8,bfs,rota sem recarga possivel
8,12,3-6,curto,8,dijkstra,rota sem recarga possivel
8,12,3-6,medio,14,dfs,rota sem recarga possivel
8,12,3-6,medio,14,bfs,rota sem recarga possivel
8,12,3-6,medio,14,dijkstra,rota sem recarga possivel
8,12,3-6,longo,20,dfs,rota sem recarga possivel
8,12,3-6,longo,20,bfs,rota sem recarga possivel
8,12,3-6,longo,20,dijkstra,rota sem recarga possivel
8,12,6-6,curto,12,dfs,rota sem recarga possivel
8,12,6-6,curto,12,bfs,rota sem recarga possivel
8,12,6-6,curto,12,dijkstra,rota sem recarga possivel
8,12,6-6,medio,20,dfs,rota sem recarga possivel
8,12,6-6,medio,20,bfs,rota sem recarga possivel
8,12,6-6,medio,20,dijkstra,rota sem recarga possivel
8,12,6-6,longo,30,dfs,rota sem recarga possivel
8,13,3-0,curto,4,dfs,rota sem recarga possivel
8,13,3-0,curto,4,bfs,rota sem recarga possivel
8,13,3-0,curto,4,dijkstra,rota sem recarga possivel
8,13,3-0,medio,8,dfs,rota sem recarga possivel
8,13,3-0,medio,8,bfs,rota sem recarga possivel
8,13,3-0,medio,8,dijkstra,rota sem recarga possivel
8,13,3-0,longo,11,dfs,rota sem recarga possivel
8,13,3-0,longo,11,bfs,rota sem recarga possivel
8,13,3-0,longo,11,dijkstra,rota sem recarga possivel
8,13,7-0,curto,14,dfs,rota sem recarga possivel
8,13,7-0,curto,14,bfs,rota sem recarga possivel
8,13,7-0,curto,14,dijkstra,rota sem recarga possivel
8,13,7-0,medio,22,dfs,rota sem recarga possivel
8,13,7-0,medio,22,bfs,rota sem recarga possivel
8,13,7-0,medio,22,dijkstra,rota sem recarga possivel
8,13,7-0,longo,34,dfs,rota sem recarga possivel
8,13,7-0,longo,34,bfs,rota sem recarga possivel
8,13,7-0,longo,34,dijkstra,rota sem recarga possivel
8,13,6-1,curto,10,dfs,rota sem recarga possivel
8,13,6-1,curto,10,bfs,rota sem recarga possivel
8,13,6-1,curto,10,dijkstra,rota sem recarga possivel
8,13,6-1,medio,18,dfs,rota sem recarga possivel
8,13,6-1,medio,18,bfs,rota sem recarga possivel
8,13,6-1,medio,18,dijkstra,rota sem recarga possivel
8,13,6-1,longo,26,dfs,rota sem recarga possivel
8,13,6-1,longo,26,bfs,rota sem recarga possivel
8,13,6-1,longo,26,dijkstra,rota sem recarga possivel
8,13,0-4,curto,5,dfs,rota sem recarga possivel
8,13,0-4,curto,5,bfs,rota sem recarga possivel
8,13,0-4,curto,5,dijkstra,rota sem recarga possivel
8,13,0-4,medio,8,dfs,rota sem recarga possivel
8,13,0-4,medio,8,bfs,rota sem recarga possivel
8,13,0-4,medio,8,dijkstra,rota sem recarga possivel
8,13,0-4,longo,12,dfs,rota sem recarga possivel
8,13,0-4,longo,12,bfs,rota sem recarga possivel
8,13,0-4,longo,12,dijkstra,rota sem recarga possivel
8,13,7-1,curto,11,dfs,rota sem recarga possivel
8,13,7-1,curto,11,bfs,rota sem recarga possivel
8,13,7-1,curto,11,dijkstra,rota sem recarga possivel
8,13,7-1,medio,18,dfs,rota sem recarga possivel
8,13,7-1,medio,18,bfs,rota sem recarga possivel
8,13,7-1,medio,18,dijkstra,rota sem recarga possivel
8,13,7-1,longo,27,dfs,rota sem recarga possivel
8,13,7-1,longo,27,bfs,rota sem recarga possivel
8,13,7-1,longo,27,dijkstra,rota sem recarga possivel
8,13,5-1,curto,10,dfs,rota sem recarga possivel
8,13,5-1,curto,10,bfs,rota sem recarga possivel
8,13,5-1,curto,10,dijkstra,rota sem recarga possivel
8,13,5-1,medio,17,dfs,rota sem recarga possivel
8,13,5-1,medio,17,bfs,rota sem recarga possivel
8,13,5-1,medio,17,dijkstra,rota sem recarga possivel
8,13,5-1,longo,26,dfs,rota sem recarga possivel
8,13,5-1,longo,26,bfs,rota sem recarga possivel
8,13,5-1,longo,26,dijkstra,rota sem recarga possivel
8,13,0-6,curto,6,dfs,rota sem recarga possivel
8,13,0-6,curto,6,bfs,rota sem recarga possivel
8,13,0-6,curto,6,dijkstra,rota sem recarga possivel
8,13,0-6,medio,10,dfs,rota sem recarga possivel
8,13,0-6,medio,10,bfs,rota sem recarga possivel
8,13,0-6,medio,10,dijkstra,rota sem recarga possivel
8,13,0-6,longo,15,dfs,rota sem recarga possivel
8,13,0-6,longo,15,bfs,rota sem recarga possivel
8,13,0-6,longo,15,dijkstra,rota sem recarga possivel
8,13,3-2,curto,4,dfs,rota sem recarga possivel
8,13,3-2,curto,4,bfs,rota sem recarga possivel
8,13,3-2,curto,4,dijkstra,rota sem recarga possivel
8,13,3-2,medio,8,dfs,rota sem recarga possivel
8,13,3-2,medio,8,bfs,rota sem recarga possivel
8,13,3-2,medio,8,dijkstra,rota sem recarga possivel
8,13,3-2,longo,11,dfs,rota sem recarga possivel
8,13,3-2,longo,11,bfs,rota sem recarga possivel
8,13,3-2,longo,11,dijkstra,rota sem recarga possivel
8,13,4-0,curto,5,dfs,rota sem recarga possivel
8,13,4-0,curto,5,bfs,rota sem recarga possivel
8,13,4-0,curto,5,dijkstra,rota sem recarga possivel
8,13,4-0,medio,9,dfs,rota sem recarga possivel
8,13,4-0,medio,9,bfs,rota sem recarga possivel
8,13,4-0,medio,9,dijkstra,rota sem recarga possivel
8,13,4-0,longo,14,dfs,rota sem recarga possivel
8,13,4-0,longo,14,bfs,rota sem recarga possivel
8,13,4-0,longo,14,dijkstra,rota sem recarga possivel
8,13,1-1,curto,3,dfs,rota sem recarga possivel
8,13,1-1,curto,3,bfs,rota sem recarga possivel
8,13,1-1,curto,3,dijkstra,rota sem recarga possivel
8,13,1-1,medio,5,dfs,rota sem recarga possivel
8,13,1-1,medio,5,bfs,rota sem recarga possivel
8,13,1-1,medio,5,dijkstra,rota sem recarga possivel
8,13,1-1,longo,8,dfs,rota sem recarga possivel
8,13,1-1,longo,8,bfs,rota sem recarga possivel
8,13,1-1,longo,8,dijkstra,rota sem recarga possivel
8,14,3-7,curto,8,dfs,rota sem recarga possivel
8,14,3-7,curto,8,bfs,rota sem recarga possivel
8,14,3-7,curto,8,dijkstra,rota sem recarga possivel
8,14,3-7,medio,14,dfs,rota sem recarga possivel
8,14,3-7,medio,14,bfs,rota sem recarga possivel
8,14,3-7,medio,14,dijkstra,rota sem recarga possivel
8,14,3-7,longo,21,dfs,rota sem recarga possivel
8,14,3-7,longo,21,bfs,rota sem recarga possivel
8,14,3-7,longo,21,dijkstra,rota sem recarga possivel
8,14,1-6,curto,8,dfs,rota sem recarga possivel
8,14,1-6,curto,8,bfs,rota sem recarga possivel
8,14,1-6,curto,8,dijkstra,rota sem recarga possivel
8,14,1-6,medio,14,dfs,rota sem recarga possivel
8,14,1-6,medio,14,bfs,rota sem recarga possivel
8,14,1-6,medio,14,dijkstra,rota sem recarga possivel
8,14,1-6,longo,20,dfs,rota sem recarga possivel
8,14,1-6,longo,20,bfs,rota sem recarga possivel
8,14,1-6,longo,20,dijkstra,rota sem recarga possivel
8,14,5-1,curto,19,dfs,rota sem recarga possivel
8,14,5-1,curto,19,bfs,rota sem recarga possivel
8,14,5-1,curto,19,dijkstra,rota sem recarga possivel
8,14,6-3,curto,12,dfs,rota sem recarga possivel
8,14,6-3,curto,12,bfs,rota sem recarga possivel
8,14,6-3,curto,12,dijkstra,rota sem recarga possivel
8,14,6-3,medio,20,dfs,rota sem recarga possivel
8,14,6-3,medio,20,bfs,rota sem recarga possivel
8,14,6-3,medio,20,dijkstra,rota sem recarga possivel
8,14,5-4,curto,12,dfs,rota sem recarga possivel
8,14,5-4,curto,12,bfs,rota sem recarga possivel
8,14,5-4,curto,12,dijkstra,rota sem recarga possivel
8,14,5-4,medio,20,dfs,rota sem recarga possivel
8,14,5-4,medio,20,bfs,rota sem recarga possivel
8,14,5-4,medio,20,dijkstra,rota sem recarga possivel
8,14,5-4,longo,29,dfs,rota sem recarga possivel
8,14,5-4,longo,29,bfs,rota sem recarga possivel
8,14,5-4,longo,29,dijkstra,rota sem recarga possivel
8,14,2-5,curto,7,dfs,rota sem recarga possivel
8,14,2-5,curto,7,bfs,rota sem recarga possivel
8,14,2-5,curto,7,dijkstra,rota sem recarga possivel
8,14,2-5,medio,12,dfs,rota sem recarga possivel
8,14,2-5,medio,12,bfs,rota sem recarga possivel
8,14,2-5,medio,12,dijkstra,rota sem recarga possivel
8,14,2-5,longo,17,dfs,rota sem recarga possivel
8,14,2-5,longo,17,bfs,rota sem recarga possivel
8,14,2-5,longo,17,dijkstra,rota sem recarga possivel
8,14,5-3,curto,12,dfs,rota sem recarga possivel
8,14,5-3,curto,12,bfs,rota sem recarga possivel
8,14,5-3,curto,12,dijkstra,rota sem recarga possivel
8,14,5-3,medio,20,dfs,rota sem recarga possivel
8,14,5-3,medio,20,bfs,rota sem recarga possivel
8,14,5-3,medio,20,dijkstra,rota sem recarga possivel
8,14,5-3,longo,30,dfs,rota sem recarga possivel
8,14,5-3,longo,30,bfs,rota sem recarga possivel
8,14,5-3,longo,30,dijkstra,rota sem recarga possivel
8,14,3-2,curto,20,dfs,rota sem recarga possivel
8,14,3-2,curto,20,bfs,rota sem recarga possivel
8,14,3-2,curto,20,dijkstra,rota sem recarga possivel
8,14,7-6,curto,14,dfs,rota sem recarga possivel
8,14,7-6,curto,14,bfs,rota sem recarga possivel
8,14,7-6,curto,14,dijkstra,rota sem recarga possivel
8,14,7-6,medio,22,dfs,rota sem recarga possivel
8,14,7-6,medio,22,bfs,rota sem recarga possivel
8,14,7-6,medio,22,dijkstra,rota sem recarga possivel
8,14,6-7,curto,14,dfs,rota sem recarga possivel
8,14,6-7,curto,14,bfs,rota sem recarga possivel
8,14,6-7,curto,14,dijkstra,rota sem recarga possivel
8,14,6-7,medio,22,dfs,rota sem recarga possivel
8,14,6-7,medio,22,bfs,rota sem recarga possivel
8,14,6-7,medio,22,dijkstra,rota sem recarga possivel
8,15,0-4,curto,8,dfs,rota sem recarga possivel
8,15,0-4,curto,8,bfs,rota sem recarga possivel
8,15,0-4,curto,8,dijkstra,rota sem recarga possivel
8,15,0-4,medio,13,dfs,rota sem recarga possivel
8,15,0-4,medio,13,bfs,rota sem recarga possivel
8,15,0-4,medio,13,dijkstra,rota sem recarga possivel
8,15,0-4,longo,20,dfs,rota sem recarga possivel
8,15,0-4,longo,20,bfs,rota sem recarga possivel
8,15,0-4,longo,20,dijkstra,rota sem recarga possivel
8,15,2-6,curto,8,dfs,rota sem recarga possivel
8,15,2-6,curto,8,bfs,rota sem recarga possivel
8,15,2-6,curto,8,dijkstra,rota sem recarga possivel
8,15,2-6,medio,14,dfs,rota sem recarga possivel
8,15,2-6,medio,14,bfs,rota sem recarga possivel
8,15,2-6,medio,14,dijkstra,rota sem recarga possivel
8,15,2-6,longo,21,dfs,rota sem recarga possivel
8,15,2-6,longo,21,bfs,rota sem recarga possivel
8,15,2-6,longo,21,dijkstra,rota sem recarga possivel
8,15,0-3,curto,8,dfs,rota sem recarga possivel
8,15,0-3,curto,8,bfs,rota sem recarga possivel
8,15,0-3,curto,8,dijkstra,rota sem recarga possivel
8,15,0-3,medio,12,dfs,rota sem recarga possivel
8,15,0-3,medio,12,bfs,rota sem recarga possivel
8,15,0-3,medio,12,dijkstra,rota sem recarga possivel
8,15,0-3,longo,19,dfs,rota sem recarga possivel
8,15,0-3,longo,19,bfs,rota sem recarga possivel
8,15,0-3,longo,19,dijkstra,rota sem recarga possivel
8,15,0-5,curto,9,dfs,rota sem recarga possivel
8,15,0-5,curto,9,bfs,rota sem recarga possivel
8,15,0-5,curto,9,dijkstra,rota sem recarga possivel
8,15,0-5,medio,14,dfs,rota sem recarga possivel
8,15,0-5,medio,14,bfs,rota sem recarga possivel
8,15,0-5,medio,14,dijkstra,rota sem recarga possivel
8,15,0-5,longo,22,dfs,rota sem recarga possivel
8,15,0-5,longo,22,bfs,rota sem recarga possivel
8,15,0-5,longo,22,dijkstra,rota sem recarga possivel
8,15,3-3,curto,7,dfs,rota sem recarga possivel
8,15,3-3,curto,7,bfs,rota sem recarga possivel
8,15,3-3,curto,7,dijkstra,rota sem recarga possivel
8,15,3-3,medio,12,dfs,rota sem recarga possivel
8,15,3-3,medio,12,bfs,rota sem recarga possivel
8,15,3-3,medio,12,dijkstra,rota sem recarga possivel
8,15,3-3,longo,18,dfs,rota sem recarga possivel
8,15,3-3,longo,18,bfs,rota sem recarga possivel
8,15,3-3,longo,18,dijkstra,rota sem recarga possivel
8,15,4-4,curto,11,dfs,rota sem recarga possivel
8,15,4-4,curto,11,bfs,rota sem recarga possivel
8,15,4-4,curto,11,dijkstra,rota sem recarga possivel
8,15,4-4,medio,18,dfs,rota sem recarga possivel
8,15,4-4,medio,18,bfs,rota sem recarga possivel
8,15,4-4,medio,18,dijkstra,rota sem recarga possivel
8,15,2-2,curto,6,dfs,rota sem recarga possivel
8,15,2-2,curto,6,bfs,rota sem recarga possivel
8,15,2-2,curto,6,dijkstra,rota sem recarga possivel
8,15,2-2,medio,10,dfs,rota sem recarga possivel
8,15,2-2,medio,10,bfs,rota sem recarga possivel
8,15,2-2,medio,10,dijkstra,rota sem recarga possivel
8,15,2-2,longo,15,dfs,rota sem recarga possivel
8,15,2-2,longo,15,bfs,rota sem recarga possivel
8,15,2-2,longo,15,dijkstra,rota sem recarga possivel
8,15,3-5,curto,11,dfs,rota sem recarga possivel
8,15,3-5,curto,11,bfs,rota sem recarga possivel
8,15,3-5,curto,11,dijkstra,rota sem recarga possivel
8,15,3-5,medio,19,dfs,rota sem recarga possivel
8,15,3-5,medio,19,bfs,rota sem recarga possivel
8,15,3-5,medio,19,dijkstra,rota sem recarga possivel
8,15,2-4,curto,7,dfs,rota sem recarga possivel
8,15,2-4,curto,7,bfs,rota sem recarga possivel
8,15,2-4,curto,7,dijkstra,rota sem recarga possivel
8,15,2-4,medio,12,dfs,rota sem recarga possivel
8,15,2-4,medio,12,bfs,rota sem recarga possivel
8,15,2-4,medio,12,dijkstra,rota sem recarga possivel
8,15,2-4,longo,18,dfs,rota sem recarga possivel
8,15,2-4,longo,18,bfs,rota sem recarga possivel
8,15,2-4,longo,18,dijkstra,rota sem recarga possivel
8,15,2-1,curto,5,dfs,rota sem recarga possivel
8,15,2-1,curto,5,bfs,rota sem recarga possivel
8,15,2-1,curto,5,dijkstra,rota sem recarga possivel
8,15,2-1,medio,8,dfs,rota sem recarga possivel
8,15,2-1,medio,8,bfs,rota sem recarga possivel
8,15,2-1,medio,8,dijkstra,rota sem recarga possivel
8,15,2-1,longo,13,dfs,rota sem recarga possivel
8,15,2-1,longo,13,bfs,rota sem recarga possivel
8,15,2-1,longo,13,dijkstra,rota sem recarga possivel
8,16,3-7,curto,17,dfs,rota sem recarga possivel
8,16,3-7,curto,17,bfs,rota sem recarga possivel
8,16,3-7,curto,17,dijkstra,rota sem recarga possivel
8,16,3-7,medio,29,dfs,rota sem recarga possivel
8,16,3-7,medio,29,bfs,rota sem recarga possivel
8,16,3-7,medio,29,dijkstra,rota sem recarga possivel
8,16,5-3,curto,22,dfs,rota sem recarga possivel
8,16,5-3,curto,22,bfs,rota sem recarga possivel
8,16,5-3,curto,22,dijkstra,rota sem recarga possivel
8,16,5-3,medio,37,dfs,rota sem recarga possivel
8,16,5-3,medio,37,bfs,rota sem recarga possivel
8,16,5-3,longo,56,dfs,rota sem recarga possivel
8,16,5-3,longo,56,bfs,rota sem recarga possivel
8,16,7-7,curto,26,dfs,rota sem recarga possivel
8,16,7-7,curto,26,bfs,rota sem recarga possivel
8,16,7-7,curto,26,dijkstra,rota sem recarga possivel
8,16,4-0,curto,19,dfs,rota sem recarga possivel
8,16,4-0,curto,19,bfs,rota sem recarga possivel
8,16,4-0,curto,19,dijkstra,rota sem recarga possivel
8,16,4-0,medio,31,dfs,rota sem recarga possivel
8,16,4-0,medio,31,bfs,rota sem recarga possivel
8,16,4-0,medio,31,dijkstra,rota sem recarga possivel
8,16,4-0,longo,46,dfs,rota sem recarga possivel
8,16,4-0,longo,46,bfs,rota sem recarga possivel
8,16,4-0,longo,46,dijkstra,rota sem recarga possivel
8,16,1-6,curto,18,dfs,rota sem recarga possivel
8,16,1-6,curto,18,bfs,rota sem recarga possivel
8,16,1-6,curto,18,dijkstra,rota sem recarga possivel
8,16,1-6,medio,30,dfs,rota sem recarga possivel
8,16,1-6,medio,30,bfs,rota sem recarga possivel
8,16,1-6,medio,30,dijkstra,rota sem recarga possivel
8,16,4-1,curto,18,dfs,rota sem recarga possivel
8,16,4-1,curto,18,bfs,rota sem recarga possivel
8,16,4-1,curto,18,dijkstra,rota sem recarga possivel
8,16,4-1,medio,30,dfs,rota sem recarga possivel
8,16,4-1,medio,30,bfs,rota sem recarga possivel
8,16,4-1,medio,30,dijkstra,rota sem recarga possivel
8,16,4-1,longo,46,dfs,rota sem recarga possivel
8,16,4-1,longo,46,bfs,rota sem recarga possivel
8,16,4-1,longo,46,dijkstra,rota sem recarga possivel
8,16,6-4,curto,26,dfs,rota sem recarga possivel
8,16,6-4,curto,26,bfs,rota sem recarga possivel
8,16,6-4,curto,26,dijkstra,rota sem recarga possivel
8,16,6-4,medio,43,bfs,rota sem recarga possivel
8,16,6-4,longo,64,bfs,rota sem recarga possivel
8,16,6-7,curto,26,dfs,rota sem recarga possivel
8,16,6-7,curto,26,bfs,rota sem recarga possivel
8,16,6-7,curto,26,dijkstra,rota sem recarga possivel
8,16,1-0,curto,3,dfs,rota sem recarga possivel
8,16,1-0,curto,3,bfs,rota sem recarga possivel
8,16,1-0,curto,3,dijkstra,rota sem recarga possivel
8,16,1-0,medio,6,dfs,rota sem recarga possivel
8,16,1-0,medio,6,bfs,rota sem recarga possivel
8,16,1-0,medio,6,dijkstra,rota sem recarga possivel
8,16,1-0,longo,8,dfs,rota sem recarga possivel
8,16,1-0,longo,8,bfs,rota sem recarga possivel
8,16,1-0,longo,8,dijkstra,rota sem recarga possivel
8,16,4-5,curto,20,dfs,rota sem recarga possivel
8,16,4-5,curto,20,bfs,rota sem recarga possivel
8,16,4-5,curto,20,dijkstra,rota sem recarga possivel
8,16,4-5,medio,34,dfs,rota sem recarga possivel
8,16,4-5,medio,34,bfs,rota sem recarga possivel
8,17,1-7,curto,3,dfs,rota sem recarga possivel
8,17,1-7,curto,3,bfs,rota sem recarga possivel
8,17,1-7,curto,3,dijkstra,rota sem recarga possivel
8,17,1-7,medio,5,dfs,rota sem recarga possivel
8,17,1-7,medio,5,bfs,rota sem recarga possivel
8,17,1-7,medio,5,dijkstra,rota sem recarga possivel
8,17,1-7,longo,8,dfs,rota sem recarga possivel
8,17,6-0,curto,11,dfs,rota sem recarga possivel
8,17,6-0,curto,11,bfs,rota sem recarga possivel
8,17,6-0,curto,11,dijkstra,rota sem recarga possivel
8,17,6-0,medio,18,dfs,rota sem recarga possivel
8,17,6-0,medio,18,bfs,rota sem recarga possivel
8,17,6-0,medio,18,dijkstra,rota sem recarga possivel
8,17,6-0,longo,27,dfs,rota sem recarga possivel
8,17,6-0,longo,27,bfs,rota sem recarga possivel
8,17,6-0,longo,27,dijkstra,rota sem recarga possivel
8,17,1-2,curto,1,dfs,rota sem recarga possivel
8,17,1-2,curto,1,bfs,rota sem recarga possivel
8,17,1-2,curto,1,dijkstra,rota sem recarga possivel
8,17,1-2,medio,2,dfs,rota sem recarga possivel
8,17,1-2,medio,2,bfs,rota sem recarga possivel
8,17,1-2,medio,2,dijkstra,rota sem recarga possivel
8,17,1-2,longo,2,dfs,rota sem recarga possivel
8,17,1-2,longo,2,bfs,rota sem recarga possivel
8,17,1-2,longo,2,dijkstra,rota sem recarga possivel
8,17,6-4,curto,16,dfs,rota sem recarga possivel
8,17,6-4,curto,16,bfs,rota sem recarga possivel
8,17,6-4,curto,16,dijkstra,rota sem recarga possivel
8,17,6-4,medio,26,dfs,rota sem recarga possivel
8,17,6-4,medio,26,bfs,rota sem recarga possivel
8,17,6-4,medio,26,dijkstra,rota sem recarga possivel
8,17,6-4,longo,39,dfs,rota sem recarga possivel
8,17,6-4,longo,39,bfs,rota sem recarga possivel
8,17,4-4,curto,15,dfs,rota sem recarga possivel
8,17,4-4,curto,15,bfs,rota sem recarga possivel
8,17,4-4,curto,15,dijkstra,rota sem recarga possivel
8,17,4-4,medio,25,dfs,rota sem recarga possivel
8,17,4-4,medio,25,bfs,rota sem recarga possivel
8,17,4-4,medio,25,dijkstra,rota sem recarga possivel
8,17,4-4,longo,38,dfs,rota sem recarga possivel
8,17,4-4,longo,38,bfs,rota sem recarga possivel
8,17,4-4,longo,38,dijkstra,rota sem recarga possivel
8,17,2-3,curto,2,dfs,rota sem recarga possivel
8,17,2-3,curto,2,bfs,rota sem recarga possivel
8,17,2-3,curto,2,dijkstra,rota sem recarga possivel
8,17,2-3,medio,4,dfs,rota sem recarga possivel
8,17,2-3,medio,4,bfs,rota sem recarga possivel
8,17,2-3,medio,4,dijkstra,rota sem recarga possivel
8,17,2-3,longo,5,dfs,rota sem recarga possivel
8,17,2-3,longo,5,bfs,rota sem recarga possivel
8,17,2-3,longo,5,dijkstra,rota sem recarga possivel
8,17,3-4,curto,10,dfs,rota sem recarga possivel
8,17,3-4,curto,10,bfs,rota sem recarga possivel
8,17,3-4,curto,10,dijkstra,rota sem recarga possivel
8,17,3-4,medio,18,dfs,rota sem recarga possivel
8,17,3-4,medio,18,bfs,rota sem recarga possivel
8,17,3-4,medio,18,dijkstra,rota sem recarga possivel
8,17,3-4,longo,26,dfs,rota sem recarga possivel
8,17,3-4,longo,26,bfs,rota sem recarga possivel
8,17,3-4,longo,26,dijkstra,rota sem recarga possivel
8,17,4-0,curto,10,dfs,rota sem recarga possivel
8,17,4-0,curto,10,bfs,rota sem recarga possivel
8,17,4-0,curto,10,dijkstra,rota sem recarga possivel
8,17,4-0,medio,17,dfs,rota sem recarga possivel
8,17,4-0,medio,17,bfs,rota sem recarga possivel
8,17,4-0,medio,17,dijkstra,rota sem recarga possivel
8,17,4-0,longo,26,dfs,rota sem recarga possivel
8,17,4-0,longo,26,bfs,rota sem recarga possivel
8,17,4-0,longo,26,dijkstra,rota sem recarga possivel
8,17,1-1,curto,1,dfs,rota sem recarga possivel
8,17,1-1,curto,1,bfs,rota sem recarga possivel
8,17,1-1,curto,1,dijkstra,rota sem recarga possivel
8,17,1-1,medio,1,dfs,rota sem recarga possivel
8,17,1-1,medio,1,bfs,rota sem recarga possivel
8,17,1-1,medio,1,dijkstra,rota sem recarga possivel
8,17,0-6,curto,3,dfs,rota sem recarga possivel
8,17,0-6,curto,3,bfs,rota sem recarga possivel
8,17,0-6,curto,3,dijkstra,rota sem recarga possivel
8,17,0-6,medio,5,dfs,rota sem recarga possivel
8,17,0-6,medio,5,bfs,rota sem recarga possivel
8,17,0-6,medio,5,dijkstra,rota sem recarga possivel
8,17,0-6,longo,8,dfs,rota sem recarga possivel
8,17,0-6,longo,8,bfs,rota sem recarga possivel
8,18,4-0,curto,7,dfs,rota sem recarga possivel
8,18,4-0,curto,7,bfs,rota sem recarga possivel
8,18,4-0,curto,7,dijkstra,rota sem recarga possivel
8,18,4-0,medio,12,dfs,rota sem recarga possivel
8,18,4-0,medio,12,bfs,rota sem recarga possivel
8,18,4-0,medio,12,dijkstra,rota sem recarga possivel
8,18,4-0,longo,18,dfs,rota sem recarga possivel
8,18,4-0,longo,18,bfs,rota sem recarga possivel
8,18,4-0,longo,18,dijkstra,rota sem recarga possivel
8,18,3-7,curto,18,dfs,rota sem recarga possivel
8,18,3-7,curto,18,bfs,rota sem recarga possivel
8,18,3-7,curto,18,dijkstra,rota sem recarga possivel
8,18,3-7,medio,30,dfs,rota sem recarga possivel
8,18,3-7,medio,30,bfs,rota sem recarga possivel
8,18,3-7,medio,30,dijkstra,rota sem recarga possivel
8,18,3-1,curto,8,dfs,rota sem recarga possivel
8,18,3-1,curto,8,bfs,rota sem recarga possivel
8,18,3-1,curto,8,dijkstra,rota sem recarga possivel
8,18,3-1,medio,13,dfs,rota sem recarga possivel
8,18,3-1,medio,13,bfs,rota sem recarga possivel
8,18,3-1,medio,13,dijkstra,rota sem recarga possivel
8,18,3-1,longo,20,dfs,rota sem recarga possivel
8,18,3-1,longo,20,bfs,rota sem recarga possivel
8,18,3-1,longo,20,dijkstra,rota sem recarga possivel
8,18,7-1,curto,10,dfs,rota sem recarga possivel
8,18,7-1,curto,10,bfs,rota sem recarga possivel
8,18,7-1,curto,10,dijkstra,rota sem recarga possivel
8,18,7-1,medio,16,dfs,rota sem recarga possivel
8,18,7-1,medio,16,bfs,rota sem recarga possivel
8,18,7-1,medio,16,dijkstra,rota sem recarga possivel
8,18,7-1,longo,24,dfs,rota sem recarga possivel
8,18,7-1,longo,24,bfs,rota sem recarga possivel
8,18,7-1,longo,24,dijkstra,rota sem recarga possivel
8,18,2-4,curto,12,dfs,rota sem recarga possivel
8,18,2-4,curto,12,bfs,rota sem recarga possivel
8,18,2-4,curto,12,dijkstra,rota sem recarga possivel
8,18,2-4,medio,20,dfs,rota sem recarga possivel
8,18,2-4,medio,20,bfs,rota sem recarga possivel
8,18,2-4,medio,20,dijkstra,rota sem recarga possivel
8,18,2-4,longo,30,dfs,rota sem recarga possivel
8,18,2-4,longo,30,bfs,rota sem recarga possivel
8,18,2-4,longo,30,dijkstra,rota sem recarga possivel
8,18,6-3,curto,10,dfs,rota sem recarga possivel
8,18,6-3,curto,10,bfs,rota sem recarga possivel
8,18,6-3,curto,10,dijkstra,rota sem recarga possivel
8,18,6-3,medio,18,dfs,rota sem recarga possivel
8,18,6-3,medio,18,bfs,rota sem recarga possivel
8,18,6-3,medio,18,dijkstra,rota sem recarga possivel
8,18,6-3,longo,26,dfs,rota sem recarga possivel
8,18,6-3,longo,26,bfs,rota sem recarga possivel
8,18,6-3,longo,26,dijkstra,rota sem recarga possivel
8,18,3-4,curto,12,dfs,rota sem recarga possivel
8,18,3-4,curto,12,bfs,rota sem recarga possivel
8,18,3-4,curto,12,dijkstra,rota sem recarga possivel
8,18,3-4,medio,20,dfs,rota sem recarga possivel
8,18,3-4,medio,20,bfs,rota sem recarga possivel
8,18,3-4,medio,20,dijkstra,rota sem recarga possivel
8,18,3-4,longo,31,dfs,rota sem recarga possivel
8,18,3-4,longo,31,bfs,rota sem recarga possivel
8,18,3-4,longo,31,dijkstra,rota sem recarga possivel
8,18,6-6,curto,19,dfs,rota sem recarga possivel
8,18,6-6,curto,19,bfs,rota sem recarga possivel
8,18,6-6,curto,19,dijkstra,rota sem recarga possivel
8,18,6-6,medio,32,dfs,rota sem recarga possivel
8,18,6-6,medio,32,bfs,rota sem recarga possivel
8,18,7-7,curto,23,dfs,rota sem recarga possivel
8,18,7-7,curto,23,bfs,rota sem recarga possivel
8,18,7-7,curto,23,dijkstra,rota sem recarga possivel
8,18,7-7,medio,39,dfs,rota sem recarga possivel
8,18,7-7,medio,39,bfs,rota sem recarga possivel
8,18,7-7,medio,39,dijkstra,rota sem recarga possivel
8,18,1-1,curto,2,dfs,rota sem recarga possivel
8,18,1-1,curto,2,bfs,rota sem recarga possivel
8,18,1-1,curto,2,dijkstra,rota sem recarga possivel
8,18,1-1,medio,3,dfs,rota sem recarga possivel
8,18,1-1,medio,3,bfs,rota sem recarga possivel
8,18,1-1,medio,3,dijkstra,rota sem recarga possivel
8,18,1-1,longo,4,dfs,rota sem recarga possivel
8,18,1-1,longo,4,bfs,rota sem recarga possivel
8,18,1-1,longo,4,dijkstra,rota sem recarga possivel
8,19,1-7,curto,14,dfs,rota sem recarga possivel
8,19,1-7,curto,14,bfs,rota sem recarga possivel
8,19,1-7,curto,14,dijkstra,rota sem recarga possivel
8,19,1-7,medio,23,dfs,rota sem recarga possivel
8,19,1-7,medio,23,bfs,rota sem recarga possivel
8,19,1-7,medio,23,dijkstra,rota sem recarga possivel
8,19,6-3,curto,11,dfs,rota sem recarga possivel
8,19,6-3,curto,11,bfs,rota sem recarga possivel
8,19,6-3,curto,11,dijkstra,rota sem recarga possivel
8,19,6-3,medio,18,dfs,rota sem recarga possivel
8,19,6-3,medio,18,bfs,rota sem recarga possivel
8,19,6-3,medio,18,dijkstra,rota sem recarga possivel
8,19,6-3,longo,28,dfs,rota sem recarga possivel
8,19,2-3,curto,6,dfs,rota sem recarga possivel
8,19,2-3,curto,6,bfs,rota sem recarga possivel
8,19,2-3,curto,6,dijkstra,rota sem recarga possivel
8,19,2-3,medio,10,dfs,rota sem recarga possivel
8,19,2-3,medio,10,bfs,rota sem recarga possivel
8,19,2-3,medio,10,dijkstra,rota sem recarga possivel
8,19,2-3,longo,16,dfs,rota sem recarga possivel
8,19,2-3,longo,16,bfs,rota sem recarga possivel
8,19,2-3,longo,16,dijkstra,rota sem recarga possivel
8,19,4-3,curto,8,dfs,rota sem recarga possivel
8,19,4-3,curto,8,bfs,rota sem recarga possivel
8,19,4-3,curto,8,dijkstra,rota sem recarga possivel
8,19,4-3,medio,12,dfs,rota sem recarga possivel
8,19,4-3,medio,12,bfs,rota sem recarga possivel
8,19,4-3,medio,12,dijkstra,rota sem recarga possivel
8,19,4-3,longo,19,dfs,rota sem recarga possivel
8,19,4-3,longo,19,bfs,rota sem recarga possivel
8,19,4-3,longo,19,dijkstra,rota sem recarga possivel
8,19,5-7,curto,15,dfs,rota sem recarga possivel
8,19,5-7,curto,15,bfs,rota sem recarga possivel
8,19,5-7,curto,15,dijkstra,rota sem recarga possivel
8,19,5-7,medio,25,dfs,rota sem recarga possivel
8,19,5-7,medio,25,bfs,rota sem recarga possivel
8,19,5-7,medio,25,dijkstra,rota sem recarga possivel
8,19,5-7,longo,38,dijkstra,rota sem recarga possivel
8,19,2-7,curto,11,dfs,rota sem recarga possivel
8,19,2-7,curto,11,bfs,rota sem recarga possivel
8,19,2-7,curto,11,dijkstra,rota sem recarga possivel
8,19,2-7,medio,18,dfs,rota sem recarga possivel
8,19,2-7,medio,18,bfs,rota sem recarga possivel
8,19,2-7,medio,18,dijkstra,rota sem recarga possivel
8,19,2-5,curto,9,dfs,rota sem recarga possivel
8,19,2-5,curto,9,bfs,rota sem recarga possivel
8,19,2-5,curto,9,dijkstra,rota sem recarga possivel
8,19,2-5,medio,16,dfs,rota sem recarga possivel
8,19,2-5,medio,16,bfs,rota sem recarga possivel
8,19,2-5,medio,16,dijkstra,rota sem recarga possivel
8,19,0-5,curto,3,dfs,rota sem recarga possivel
8,19,0-5,curto,3,bfs,rota sem recarga possivel
8,19,0-5,curto,3,dijkstra,rota sem recarga possivel
8,19,0-5,medio,6,dfs,rota sem recarga possivel
8,19,0-5,medio,6,bfs,rota sem recarga possivel
8,19,0-5,medio,6,dijkstra,rota sem recarga possivel
8,19,0-5,longo,8,dfs,rota sem recarga possivel
8,19,0-5,longo,8,bfs,rota sem recarga possivel
8,19,0-5,longo,8,dijkstra,rota sem recarga possivel
8,19,4-5,curto,16,dfs,rota sem recarga possivel
8,19,4-5,curto,16,bfs,rota sem recarga possivel
8,19,4-5,curto,16,dijkstra,rota sem recarga possivel
8,19,4-5,medio,28,dijkstra,rota sem recarga possivel
8,19,4-5,longo,41,dijkstra,rota sem recarga possivel
8,19,5-6,curto,15,dfs,rota sem recarga possivel
8,19,5-6,curto,15,bfs,rota sem recarga possivel
8,19,5-6,curto,15,dijkstra,rota sem recarga possivel
8,19,5-6,medio,26,dijkstra,rota sem recarga possivel
8,19,5-6,longo,38,dijkstra,rota sem recarga possivel
8,20,0-2,curto,1,dfs,rota sem recarga possivel
8,20,0-2,curto,1,bfs,rota sem recarga possivel
8,20,0-2,curto,1,dijkstra,rota sem recarga possivel
8,20,0-2,medio,2,dfs,rota sem recarga possivel
8,20,0-2,medio,2,bfs,rota sem recarga possivel
8,20,0-2,medio,2,dijkstra,rota sem recarga possivel
8,20,0-2,longo,3,dfs,rota sem recarga possivel
8,20,0-2,longo,3,bfs,rota sem recarga possivel
8,20,0-2,longo,3,dijkstra,rota sem recarga possivel
8,20,3-2,curto,6,dfs,rota sem recarga possivel
8,20,3-2,curto,6,bfs,rota sem recarga possivel
8,20,3-2,curto,6,dijkstra,rota sem recarga possivel
8,20,3-2,medio,10,dfs,rota sem recarga possivel
8,20,3-2,medio,10,bfs,rota sem recarga possivel
8,20,3-2,medio,10,dijkstra,rota sem recarga possivel
8,20,3-2,longo,16,dfs,rota sem recarga possivel
8,20,3-2,longo,16,bfs,rota sem recarga possivel
8,20,3-2,longo,16,dijkstra,rota sem recarga possivel
8,20,5-1,curto,8,dfs,rota sem recarga possivel
8,20,5-1,curto,8,bfs,rota sem recarga possivel
8,20,5-1,curto,8,dijkstra,rota sem recarga possivel
8,20,5-1,medio,13,dfs,rota sem recarga possivel
8,20,5-1,medio,13,bfs,rota sem recarga possivel
8,20,5-1,medio,13,dijkstra,rota sem recarga possivel
8,20,5-1,longo,20,dfs,rota sem recarga possivel
8,20,5-1,longo,20,bfs,rota sem recarga possivel
8,20,5-1,longo,20,dijkstra,rota sem recarga possivel
8,20,4-5,curto,8,dfs,rota sem recarga possivel
8,20,4-5,curto,8,bfs,rota sem recarga possivel
8,20,4-5,curto,8,dijkstra,rota sem recarga possivel
8,20,4-5,medio,14,dfs,rota sem recarga possivel
8,20,4-5,medio,14,bfs,rota sem recarga possivel
8,20,4-5,medio,14,dijkstra,rota sem recarga possivel
8,20,4-5,longo,20,dfs,rota sem recarga possivel
8,20,4-5,longo,20,bfs,rota sem recarga possivel
8,20,4-5,longo,20,dijkstra,rota sem recarga possivel
8,20,2-5,curto,9,dfs,rota sem recarga possivel
8,20,2-5,curto,9,bfs,rota sem recarga possivel
8,20,2-5,curto,9,dijkstra,rota sem recarga possivel
8,20,2-5,medio,16,dfs,rota sem recarga possivel
8,20,2-5,medio,16,bfs,rota sem recarga possivel
8,20,2-5,medio,16,dijkstra,rota sem recarga possivel
8,20,2-5,longo,23,dfs,rota sem recarga possivel
8,20,2-5,longo,23,bfs,rota sem recarga possivel
8,20,4-1,curto,5,dfs,rota sem recarga possivel
8,20,4-1,curto,5,bfs,rota sem recarga possivel
8,20,4-1,curto,5,dijkstra,rota sem recarga possivel
8,20,4-1,medio,8,dfs,rota sem recarga possivel
8,20,4-1,medio,8,bfs,rota sem recarga possivel
8,20,4-1,medio,8,dijkstra,rota sem recarga possivel
8,20,4-1,longo,13,dfs,rota sem recarga possivel
8,20,4-1,longo,13,bfs,rota sem recarga possivel
8,20,4-1,longo,13,dijkstra,rota sem recarga possivel
8,20,2-6,curto,10,dfs,rota sem recarga possivel
8,20,2-6,curto,10,bfs,rota sem recarga possivel
8,20,2-6,curto,10,dijkstra,rota sem recarga possivel
8,20,2-6,medio,17,dfs,rota sem recarga possivel
8,20,2-6,medio,17,bfs,rota sem recarga possivel
8,20,2-6,medio,17,dijkstra,rota sem recarga possivel
8,20,2-6,longo,26,dfs,rota sem recarga possivel
8,20,2-6,longo,26,bfs,rota sem recarga possivel
8,20,7-1,curto,10,dfs,rota sem recarga possivel
8,20,7-1,curto,10,bfs,rota sem recarga possivel
8,20,7-1,curto,10,dijkstra,rota sem recarga possivel
8,20,7-1,medio,17,dfs,rota sem recarga possivel
8,20,7-1,medio,17,bfs,rota sem recarga possivel
8,20,7-1,medio,17,dijkstra,rota sem recarga possivel
8,20,7-1,longo,26,dfs,rota sem recarga possivel
8,20,7-1,longo,26,bfs,rota sem recarga possivel
8,20,6-7,curto,15,dfs,rota sem recarga possivel
8,20,6-7,curto,15,bfs,rota sem recarga possivel
8,20,6-7,curto,15,dijkstra,rota sem recarga possivel
8,20,6-7,medio,26,dfs,rota sem recarga possivel
8,20,6-7,medio,26,bfs,rota sem recarga possivel
8,20,6-7,longo,38,dfs,rota sem recarga possivel
8,20,6-7,longo,38,bfs,rota sem recarga possivel
8,21,6-4,curto,18,dfs,rota sem recarga possivel
8,21,6-4,curto,18,bfs,rota sem recarga possivel
8,21,6-4,curto,18,dijkstra,rota sem recarga possivel
8,21,6-4,medio,30,dfs,rota sem recarga possivel
8,21,6-4,medio,30,bfs,rota sem recarga possivel
8,21,6-4,medio,30,dijkstra,rota sem recarga possivel
8,21,6-4,longo,45,dfs,rota sem recarga possivel
8,21,6-4,longo,45,bfs,rota sem recarga possivel
8,21,6-4,longo,45,dijkstra,rota sem recarga possivel
8,21,1-2,curto,8,dfs,rota sem recarga possivel
8,21,1-2,curto,8,bfs,rota sem recarga possivel
8,21,1-2,curto,8,dijkstra,rota sem recarga possivel
8,21,1-2,medio,14,dfs,rota sem recarga possivel
8,21,1-2,medio,14,bfs,rota sem recarga possivel
8,21,1-2,medio,14,dijkstra,rota sem recarga possivel
8,21,1-2,longo,20,dfs,rota sem recarga possivel
8,21,1-2,longo,20,bfs,rota sem recarga possivel
8,21,1-2,longo,20,dijkstra,rota sem recarga possivel
8,21,3-0,curto,10,dfs,rota sem recarga possivel
8,21,3-0,curto,10,bfs,rota sem recarga possivel
8,21,3-0,curto,10,dijkstra,rota sem recarga possivel
8,21,3-0,medio,16,dfs,rota sem recarga possivel
8,21,3-0,medio,16,bfs,rota sem recarga possivel
8,21,3-0,medio,16,dijkstra,rota sem recarga possivel
8,21,3-0,longo,25,dfs,rota sem recarga possivel
8,21,3-0,longo,25,bfs,rota sem recarga possivel
8,21,3-0,longo,25,dijkstra,rota sem recarga possivel
8,21,2-1,curto,8,dfs,rota sem recarga possivel
8,21,2-1,curto,8,bfs,rota sem recarga possivel
8,21,2-1,curto,8,dijkstra,rota sem recarga possivel
8,21,2-1,medio,14,dfs,rota sem recarga possivel
8,21,2-1,medio,14,bfs,rota sem recarga possivel
8,21,2-1,medio,14,dijkstra,rota sem recarga possivel
8,21,2-1,longo,20,dfs,rota sem recarga possivel
8,21,2-1,longo,20,bfs,rota sem recarga possivel
8,21,2-1,longo,20,dijkstra,rota sem recarga possivel
8,21,4-4,curto,14,dfs,rota sem recarga possivel
8,21,4-4,curto,14,bfs,rota sem recarga possivel
8,21,4-4,curto,14,dijkstra,rota sem recarga possivel
8,21,4-4,medio,23,dfs,rota sem recarga possivel
8,21,4-4,medio,23,bfs,rota sem recarga possivel
8,21,4-4,medio,23,dijkstra,rota sem recarga possivel
8,21,4-4,longo,34,dfs,rota sem recarga possivel
8,21,4-4,longo,34,bfs,rota sem recarga possivel
8,21,4-4,longo,34,dijkstra,rota sem recarga possivel
8,21,5-0,curto,13,dfs,rota sem recarga possivel
8,21,5-0,curto,13,bfs,rota sem recarga possivel
8,21,5-0,curto,13,dijkstra,rota sem recarga possivel
8,21,5-0,medio,22,dfs,rota sem recarga possivel
8,21,5-0,medio,22,bfs,rota sem recarga possivel
8,21,5-0,medio,22,dijkstra,rota sem recarga possivel
8,21,5-0,longo,32,dfs,rota sem recarga possivel
8,21,5-0,longo,32,bfs,rota sem recarga possivel
8,21,5-0,longo,32,dijkstra,rota sem recarga possivel
8,21,1-1,curto,8,dfs,rota sem recarga possivel
8,21,1-1,curto,8,bfs,rota sem recarga possivel
8,21,1-1,curto,8,dijkstra,rota sem recarga possivel
8,21,1-1,medio,13,dfs,rota sem recarga possivel
8,21,1-1,medio,13,bfs,rota sem recarga possivel
8,21,1-1,medio,13,dijkstra,rota sem recarga possivel
8,21,1-1,longo,20,dfs,rota sem recarga possivel
8,21,1-1,longo,20,bfs,rota sem recarga possivel
8,21,1-1,longo,20,dijkstra,rota sem recarga possivel
8,21,3-2,curto,12,dfs,rota sem recarga possivel
8,21,3-2,curto,12,bfs,rota sem recarga possivel
8,21,3-2,curto,12,dijkstra,rota sem recarga possivel
8,21,3-2,medio,20,dfs,rota sem recarga possivel
8,21,3-2,medio,20,bfs,rota sem recarga possivel
8,21,3-2,medio,20,dijkstra,rota sem recarga possivel
8,21,3-2,longo,29,dfs,rota sem recarga possivel
8,21,3-2,longo,29,bfs,rota sem recarga possivel
8,21,3-2,longo,29,dijkstra,rota sem recarga possivel
8,21,6-3,curto,16,dfs,rota sem recarga possivel
8,21,6-3,curto,16,bfs,rota sem recarga possivel
8,21,6-3,curto,16,dijkstra,rota sem recarga possivel
8,21,6-3,medio,28,dfs,rota sem recarga possivel
8,21,6-3,medio,28,bfs,rota sem recarga possivel
8,21,6-3,medio,28,dijkstra,rota sem recarga possivel
8,21,6-3,longo,41,dfs,rota sem recarga possivel
8,21,6-3,longo,41,bfs,rota sem recarga possivel
8,21,6-3,longo,41,dijkstra,rota sem recarga possivel
8,21,7-3,curto,17,dfs,rota sem recarga possivel
8,21,7-3,curto,17,bfs,rota sem recarga possivel
8,21,7-3,curto,17,dijkstra,rota sem recarga possivel
8,21,7-3,medio,29,dfs,rota sem recarga possivel
8,21,7-3,medio,29,bfs,rota sem recarga possivel
8,21,7-3,medio,29,dijkstra,rota sem recarga possivel
8,21,7-3,longo,44,dfs,rota sem recarga possivel
8,21,7-3,longo,44,bfs,rota sem recarga possivel
8,21,7-3,longo,44,dijkstra,rota sem recarga possivel
8,22,5-4,curto,15,dfs,rota sem recarga possivel
8,22,5-4,curto,15,bfs,rota sem recarga possivel
8,22,5-4,curto,15,dijkstra,rota sem recarga possivel
8,22,6-3,curto,14,dfs,rota sem recarga possivel
8,22,6-3,curto,14,bfs,rota sem recarga possivel
8,22,6-3,curto,14,dijkstra,rota sem recarga possivel
8,22,6-0,curto,16,dfs,rota sem recarga possivel
8,22,6-0,curto,16,bfs,rota sem recarga possivel
8,22,6-0,curto,16,dijkstra,rota sem recarga possivel
8,22,6-0,medio,26,dfs,rota sem recarga possivel
8,22,6-0,medio,26,bfs,rota sem recarga possivel
8,22,6-0,medio,26,dijkstra,rota sem recarga possivel
8,22,1-0,curto,3,dfs,rota sem recarga possivel
8,22,1-0,curto,3,bfs,rota sem recarga possivel
8,22,1-0,curto,3,dijkstra,rota sem recarga possivel
8,22,1-0,medio,4,dfs,rota sem recarga possivel
8,22,1-0,medio,4,bfs,rota sem recarga possivel
8,22,1-0,medio,4,dijkstra,rota sem recarga possivel
8,22,1-0,longo,7,dfs,rota sem recarga possivel
8,22,1-0,longo,7,bfs,rota sem recarga possivel
8,22,1-0,longo,7,dijkstra,rota sem recarga possivel
8,22,7-5,curto,16,dfs,rota sem recarga possivel
8,22,7-5,curto,16,bfs,rota sem recarga possivel
8,22,7-5,curto,16,dijkstra,rota sem recarga possivel
8,22,7-5,medio,26,dfs,rota sem recarga possivel
8,22,6-7,curto,16,dfs,rota sem recarga possivel
8,22,6-7,curto,16,bfs,rota sem recarga possivel
8,22,6-7,curto,16,dijkstra,rota sem recarga possivel
8,22,6-7,medio,26,dfs,rota sem recarga possivel
8,22,4-0,curto,7,dfs,rota sem recarga possivel
8,22,4-0,curto,7,bfs,rota sem recarga possivel
8,22,4-0,curto,7,dijkstra,rota sem recarga possivel
8,22,4-0,medio,12,dfs,rota sem recarga possivel
8,22,4-0,medio,12,bfs,rota sem recarga possivel
8,22,4-0,medio,12,dijkstra,rota sem recarga possivel
8,22,4-0,longo,18,dfs,rota sem recarga possivel
8,22,4-0,longo,18,bfs,rota sem recarga possivel
8,22,4-0,longo,18,dijkstra,rota sem recarga possivel
8,22,5-1,curto,12,dfs,rota sem recarga possivel
8,22,5-1,curto,12,bfs,rota sem recarga possivel
8,22,5-1,curto,12,dijkstra,rota sem recarga possivel
8,22,5-1,medio,20,dfs,rota sem recarga possivel
8,22,5-1,medio,20,bfs,rota sem recarga possivel
8,22,5-1,medio,20,dijkstra,rota sem recarga possivel
8,22,2-0,curto,3,dfs,rota sem recarga possivel
8,22,2-0,curto,3,bfs,rota sem recarga possivel
8,22,2-0,curto,3,dijkstra,rota sem recarga possivel
8,22,2-0,medio,5,dfs,rota sem recarga possivel
8,22,2-0,medio,5,bfs,rota sem recarga possivel
8,22,2-0,medio,5,dijkstra,rota sem recarga possivel
8,22,2-0,longo,8,dfs,rota sem recarga possivel
8,22,2-0,longo,8,bfs,rota sem recarga possivel
8,22,2-0,longo,8,dijkstra,rota sem recarga possivel
8,22,0-6,curto,25,dfs,rota sem recarga possivel
8,22,0-6,curto,25,bfs,rota sem recarga possivel
8,22,0-6,curto,25,dijkstra,rota sem recarga possivel
8,23,1-5,curto,4,dfs,rota sem recarga possivel
8,23,1-5,curto,4,bfs,rota sem recarga possivel
8,23,1-5,curto,4,dijkstra,rota sem recarga possivel
8,23,1-5,medio,6,dfs,rota sem recarga possivel
8,23,1-5,medio,6,bfs,rota sem recarga possivel
8,23,1-5,medio,6,dijkstra,rota sem recarga possivel
8,23,1-5,longo,9,dfs,rota sem recarga possivel
8,23,1-5,longo,9,bfs,rota sem recarga possivel
8,23,1-5,longo,9,dijkstra,rota sem recarga possivel
8,23,0-3,curto,3,dfs,rota sem recarga possivel
8,23,0-3,curto,3,bfs,rota sem recarga possivel
8,23,0-3,curto,3,dijkstra,rota sem recarga possivel
8,23,0-3,medio,4,dfs,rota sem recarga possivel
8,23,0-3,medio,4,bfs,rota sem recarga possivel
8,23,0-3,medio,4,dijkstra,rota sem recarga possivel
8,23,0-3,longo,7,dfs,rota sem recarga possivel
8,23,0-3,longo,7,bfs,rota sem recarga possivel
8,23,0-3,longo,7,dijkstra,rota sem recarga possivel
8,23,0-4,curto,3,dfs,rota sem recarga possivel
8,23,0-4,curto,3,bfs,rota sem recarga possivel
8,23,0-4,curto,3,dijkstra,rota sem recarga possivel
8,23,0-4,medio,5,dfs,rota sem recarga possivel
8,23,0-4,medio,5,bfs,rota sem recarga possivel
8,23,0-4,medio,5,dijkstra,rota sem recarga possivel
8,23,0-4,longo,8,dfs,rota sem recarga possivel
8,23,0-4,longo,8,bfs,rota sem recarga possivel
8,23,0-4,longo,8,dijkstra,rota sem recarga possivel
8,23,0-7,curto,9,dfs,rota sem recarga possivel
8,23,0-7,curto,9,bfs,rota sem recarga possivel
8,23,0-7,curto,9,dijkstra,rota sem recarga possivel
8,23,0-7,medio,16,dfs,rota sem recarga possivel
8,23,0-7,medio,16,bfs,rota sem recarga possivel
8,23,0-7,medio,16,dijkstra,rota sem recarga possivel
8,23,1-2,curto,2,dfs,rota sem recarga possivel
8,23,1-2,curto,2,bfs,rota sem recarga possivel
8,23,1-2,curto,2,dijkstra,rota sem recarga possivel
8,23,1-2,medio,2,dfs,rota sem recarga possivel
8,23,1-2,medio,2,bfs,rota sem recarga possivel
8,23,1-2,medio,2,dijkstra,rota sem recarga possivel
8,23,1-2,longo,4,dfs,rota sem recarga possivel
8,23,1-2,longo,4,bfs,rota sem recarga possivel
8,23,1-2,longo,4,dijkstra,rota sem recarga possivel
8,23,0-6,curto,8,dfs,rota sem recarga possivel
8,23,0-6,curto,8,bfs,rota sem recarga possivel
8,23,0-6,curto,8,dijkstra,rota sem recarga possivel
8,23,0-6,medio,14,dfs,rota sem recarga possivel
8,23,0-6,medio,14,bfs,rota sem recarga possivel
8,23,0-6,medio,14,dijkstra,rota sem recarga possivel
8,23,2-7,curto,10,dfs,rota sem recarga possivel
8,23,2-7,curto,10,bfs,rota sem recarga possivel
8,23,2-7,curto,10,dijkstra,rota sem recarga possivel
8,23,2-7,medio,16,dfs,rota sem recarga possivel
8,23,2-7,medio,16,bfs,rota sem recarga possivel
8,23,2-7,medio,16,dijkstra,rota sem recarga possivel
8,23,1-4,curto,3,dfs,rota sem recarga possivel
8,23,1-4,curto,3,bfs,rota sem recarga possivel
8,23,1-4,curto,3,dijkstra,rota sem recarga possivel
8,23,1-4,medio,6,dfs,rota sem recarga possivel
8,23,1-4,medio,6,bfs,rota sem recarga possivel
8,23,1-4,medio,6,dijkstra,rota sem recarga possivel
8,23,1-4,longo,8,dfs,rota sem recarga possivel
8,23,1-4,longo,8,bfs,rota sem recarga possivel
8,23,1-4,longo,8,dijkstra,rota sem recarga possivel
8,23,1-3,curto,2,dfs,rota sem recarga possivel
8,23,1-3,curto,2,bfs,rota sem recarga possivel
8,23,1-3,curto,2,dijkstra,rota sem recarga possivel
8,23,1-3,medio,4,dfs,rota sem recarga possivel
8,23,1-3,medio,4,bfs,rota sem recarga possivel
8,23,1-3,medio,4,dijkstra,rota sem recarga possivel
8,23,1-3,longo,6,dfs,rota sem recarga possivel
8,23,1-3,longo,6,bfs,rota sem recarga possivel
8,23,1-3,longo,6,dijkstra,rota sem recarga possivel
8,24,0-4,curto,7,dfs,rota sem recarga possivel
8,24,0-4,curto,7,bfs,rota sem recarga possivel
8,24,0-4,curto,7,dijkstra,rota sem recarga possivel
8,24,0-4,medio,11,dfs,rota sem recarga possivel
8,24,0-4,medio,11,bfs,rota sem recarga possivel
8,24,0-4,medio,11,dijkstra,rota sem recarga possivel
8,24,0-4,longo,16,dfs,rota sem recarga possivel
8,24,0-4,longo,16,bfs,rota sem recarga possivel
8,24,0-4,longo,16,dijkstra,rota sem recarga possivel
8,24,0-2,curto,1,dfs,rota sem recarga possivel
8,24,0-2,curto,1,bfs,rota sem recarga possivel
8,24,0-2,curto,1,dijkstra,rota sem recarga possivel
8,24,0-2,medio,2,dfs,rota sem recarga possivel
8,24,0-2,medio,2,bfs,rota sem recarga possivel
8,24,0-2,medio,2,dijkstra,rota sem recarga possivel
8,24,0-2,longo,3,dfs,rota sem recarga possivel
8,24,0-2,longo,3,bfs,rota sem recarga possivel
8,24,0-2,longo,3,dijkstra,rota sem recarga possivel
8,24,1-5,curto,8,dfs,rota sem recarga possivel
8,24,1-5,curto,8,bfs,rota sem recarga possivel
8,24,1-5,curto,8,dijkstra,rota sem recarga possivel
8,24,1-5,medio,13,dfs,rota sem recarga possivel
8,24,1-5,medio,13,bfs,rota sem recarga possivel
8,24,1-5,medio,13,dijkstra,rota sem recarga possivel
8,24,1-5,longo,20,dfs,rota sem recarga possivel
8,24,1-5,longo,20,bfs,rota sem recarga possivel
8,24,3-3,curto,8,dfs,rota sem recarga possivel
8,24,3-3,curto,8,bfs,rota sem recarga possivel
8,24,3-3,curto,8,dijkstra,rota sem recarga possivel
8,24,3-3,medio,13,dfs,rota sem recarga possivel
8,24,3-3,medio,13,bfs,rota sem recarga possivel
8,24,3-3,medio,13,dijkstra,rota sem recarga possivel
8,24,3-3,longo,20,dfs,rota sem recarga possivel
8,24,3-3,longo,20,bfs,rota sem recarga possivel
8,24,3-3,longo,20,dijkstra,rota sem recarga possivel
8,24,2-2,curto,6,dfs,rota sem recarga possivel
8,24,2-2,curto,6,bfs,rota sem recarga possivel
8,24,2-2,curto,6,dijkstra,rota sem recarga possivel
8,24,2-2,medio,10,dfs,rota sem recarga possivel
8,24,2-2,medio,10,bfs,rota sem recarga possivel
8,24,2-2,medio,10,dijkstra,rota sem recarga possivel
8,24,2-2,longo,15,dfs,rota sem recarga possivel
8,24,2-2,longo,15,bfs,rota sem recarga possivel
8,24,5-2,curto,12,dfs,rota sem recarga possivel
8,24,5-2,curto,12,bfs,rota sem recarga possivel
8,24,5-2,curto,12,dijkstra,rota sem recarga possivel
8,24,5-2,medio,20,dfs,rota sem recarga possivel
8,24,5-2,medio,20,bfs,rota sem recarga possivel
8,24,5-2,medio,20,dijkstra,rota sem recarga possivel
8,24,5-2,longo,31,dfs,rota sem recarga possivel
8,24,5-2,longo,31,bfs,rota sem recarga possivel
8,24,5-2,longo,31,dijkstra,rota sem recarga possivel
8,24,1-1,curto,1,dfs,rota sem recarga possivel
8,24,1-1,curto,1,bfs,rota sem recarga possivel
8,24,1-1,curto,1,dijkstra,rota sem recarga possivel
8,24,1-1,medio,2,dfs,rota sem recarga possivel
8,24,1-1,medio,2,bfs,rota sem recarga possivel
8,24,1-1,medio,2,dijkstra,rota sem recarga possivel
8,24,1-1,longo,3,dfs,rota sem recarga possivel
8,24,1-1,longo,3,bfs,rota sem recarga possivel
8,24,1-1,longo,3,dijkstra,rota sem recarga possivel
8,24,2-4,curto,5,dfs,rota sem recarga possivel
8,24,2-4,curto,5,bfs,rota sem recarga possivel
8,24,2-4,curto,5,dijkstra,rota sem recarga possivel
8,24,2-4,medio,8,dfs,rota sem recarga possivel
8,24,2-4,medio,8,bfs,rota sem recarga possivel
8,24,2-4,medio,8,dijkstra,rota sem recarga possivel
8,24,2-4,longo,12,dfs,rota sem recarga possivel
8,24,2-4,longo,12,bfs,rota sem recarga possivel
8,24,2-4,longo,12,dijkstra,rota sem recarga possivel
8,24,4-1,curto,9,dfs,rota sem recarga possivel
8,24,4-1,curto,9,bfs,rota sem recarga possivel
8,24,4-1,curto,9,dijkstra,rota sem recarga possivel
8,24,4-1,medio,14,dfs,rota sem recarga possivel
8,24,4-1,medio,14,bfs,rota sem recarga possivel
8,24,4-1,medio,14,dijkstra,rota sem recarga possivel
8,24,4-1,longo,22,dfs,rota sem recarga possivel
8,24,4-1,longo,22,bfs,rota sem recarga possivel
8,24,4-1,longo,22,dijkstra,rota sem recarga possivel
8,24,3-5,curto,6,dfs,rota sem recarga possivel
8,24,3-5,curto,6,bfs,rota sem recarga possivel
8,24,3-5,curto,6,dijkstra,rota sem recarga possivel
8,24,3-5,medio,10,dfs,rota sem recarga possivel
8,24,3-5,medio,10,bfs,rota sem recarga possivel
8,24,3-5,medio,10,dijkstra,rota sem recarga possivel
8,24,3-5,longo,15,dfs,rota sem recarga possivel
8,24,3-5,longo,15,bfs,rota sem recarga possivel
8,25,1-2,curto,2,dfs,rota sem recarga possivel
8,25,1-2,curto,2,bfs,rota sem recarga possivel
8,25,1-2,curto,2,dijkstra,rota sem recarga possivel
8,25,1-2,medio,4,dfs,rota sem recarga possivel
8,25,1-2,medio,4,bfs,rota sem recarga possivel
8,25,1-2,medio,4,dijkstra,rota sem recarga possivel
8,25,1-2,longo,5,dfs,rota sem recarga possivel
8,25,1-2,longo,5,bfs,rota sem recarga possivel
8,25,1-2,longo,5,dijkstra,rota sem recarga possivel
8,25,1-1,curto,1,dfs,rota sem recarga possivel
8,25,1-1,curto,1,bfs,rota sem recarga possivel
8,25,1-1,curto,1,dijkstra,rota sem recarga possivel
8,25,1-1,medio,2,dfs,rota sem recarga possivel
8,25,1-1,medio,2,bfs,rota sem recarga possivel
8,25,1-1,medio,2,dijkstra,rota sem recarga possivel
8,25,1-1,longo,3,dfs,rota sem recarga possivel
8,25,1-1,longo,3,bfs,rota sem recarga possivel
8,25,1-1,longo,3,dijkstra,rota sem recarga possivel
8,25,7-7,curto,14,dfs,rota sem recarga possivel
8,25,7-7,curto,14,bfs,rota sem recarga possivel
8,25,7-7,curto,14,dijkstra,rota sem recarga possivel
8,25,7-7,medio,23,dfs,rota sem recarga possivel
8,25,7-7,medio,23,bfs,rota sem recarga possivel
8,25,7-7,medio,23,dijkstra,rota sem recarga possivel
8,25,7-7,longo,34,dfs,rota sem recarga possivel
8,25,7-7,longo,34,bfs,rota sem recarga possivel
8,25,1-0,curto,1,dfs,rota sem recarga possivel
8,25,1-0,curto,1,bfs,rota sem recarga possivel
8,25,1-0,curto,1,dijkstra,rota sem recarga possivel
8,25,1-0,medio,2,dfs,rota sem recarga possivel
8,25,1-0,medio,2,bfs,rota sem recarga possivel
8,25,1-0,medio,2,dijkstra,rota sem recarga possivel
8,25,1-0,longo,2,dfs,rota sem recarga possivel
8,25,1-0,longo,2,bfs,rota sem recarga possivel
8,25,1-0,longo,2,dijkstra,rota sem recarga possivel
8,25,2-4,curto,7,dfs,rota sem recarga possivel
8,25,2-4,curto,7,bfs,rota sem recarga possivel
8,25,2-4,curto,7,dijkstra,rota sem recarga possivel
8,25,2-4,medio,11,dfs,rota sem recarga possivel
8,25,2-4,medio,11,bfs,rota sem recarga possivel
8,25,2-4,medio,11,dijkstra,rota sem recarga possivel
8,25,2-4,longo,16,dfs,rota sem recarga possivel
8,25,2-4,longo,16,bfs,rota sem recarga possivel
8,25,6-3,curto,8,dfs,rota sem recarga possivel
8,25,6-3,curto,8,bfs,rota sem recarga possivel
8,25,6-3,curto,8,dijkstra,rota sem recarga possivel
8,25,6-3,medio,12,dfs,rota sem recarga possivel
8,25,6-3,medio,12,bfs,rota sem recarga possivel
8,25,6-3,medio,12,dijkstra,rota sem recarga possivel
8,25,6-3,longo,19,dfs,rota sem recarga possivel
8,25,6-3,longo,19,bfs,rota sem recarga possivel
8,25,6-3,longo,19,dijkstra,rota sem recarga possivel
8,25,1-6,curto,9,dfs,rota sem recarga possivel
8,25,1-6,curto,9,bfs,rota sem recarga possivel
8,25,1-6,curto,9,dijkstra,rota sem recarga possivel
8,25,1-6,medio,14,dfs,rota sem recarga possivel
8,25,1-6,medio,14,bfs,rota sem recarga possivel
8,25,1-6,medio,14,dijkstra,rota sem recarga possivel
8,25,1-6,longo,22,dfs,rota sem recarga possivel
8,25,1-6,longo,22,bfs,rota sem recarga possivel
8,25,7-6,curto,14,dfs,rota sem recarga possivel
8,25,7-6,curto,14,bfs,rota sem recarga possivel
8,25,7-6,curto,14,dijkstra,rota sem recarga possivel
8,25,7-6,medio,22,dfs,rota sem recarga possivel
8,25,7-6,medio,22,bfs,rota sem recarga possivel
8,25,7-6,medio,22,dijkstra,rota sem recarga possivel
8,25,7-6,longo,34,dfs,rota sem recarga possivel
8,25,7-6,longo,34,bfs,rota sem recarga possivel
8,25,1-3,curto,2,dfs,rota sem recarga possivel
8,25,1-3,curto,2,bfs,rota sem recarga possivel
8,25,1-3,curto,2,dijkstra,rota sem recarga possivel
8,25,1-3,medio,4,dfs,rota sem recarga possivel
8,25,1-3,medio,4,bfs,rota sem recarga possivel
8,25,1-3,medio,4,dijkstra,rota sem recarga possivel
8,25,1-3,longo,6,dfs,rota sem recarga possivel
8,25,1-3,longo,6,bfs,rota sem recarga possivel
8,25,1-3,longo,6,dijkstra,rota sem recarga possivel
8,25,7-4,curto,9,dfs,rota sem recarga possivel
8,25,7-4,curto,9,bfs,rota sem recarga possivel
8,25,7-4,curto,9,dijkstra,rota sem recarga possivel
8,25,7-4,medio,16,dfs,rota sem recarga possivel
8,25,7-4,medio,16,bfs,rota sem recarga possivel
8,25,7-4,medio,16,dijkstra,rota sem recarga possivel
8,25,7-4,longo,23,dfs,rota sem recarga possivel
8,25,7-4,longo,23,bfs,rota sem recarga possivel
8,25,7-4,longo,23,dijkstra,rota sem recarga possivel
8,26,3-7,curto,9,dfs,rota sem recarga possivel
8,26,3-7,curto,9,bfs,rota sem recarga possivel
8,26,3-7,curto,9,dijkstra,rota sem recarga possivel
8,26,3-7,medio,15,dfs,rota sem recarga possivel
8,26,3-7,medio,15,bfs,rota sem recarga possivel
8,26,3-7,medio,15,dijkstra,rota sem recarga possivel
8,26,3-7,longo,22,dfs,rota sem recarga possivel
8,26,3-7,longo,22,bfs,rota sem recarga possivel
8,26,3-7,longo,22,dijkstra,rota sem recarga possivel
8,26,1-4,curto,3,dfs,rota sem recarga possivel
8,26,1-4,curto,3,bfs,rota sem recarga possivel
8,26,1-4,curto,3,dijkstra,rota sem recarga possivel
8,26,1-4,medio,6,dfs,rota sem recarga possivel
8,26,1-4,medio,6,bfs,rota sem recarga possivel
8,26,1-4,medio,6,dijkstra,rota sem recarga possivel
8,26,1-4,longo,8,dfs,rota sem recarga possivel
8,26,1-4,longo,8,bfs,rota sem recarga possivel
8,26,1-4,longo,8,dijkstra,rota sem recarga possivel
8,26,4-5,curto,12,dfs,rota sem recarga possivel
8,26,4-5,curto,12,bfs,rota sem recarga possivel
8,26,4-5,curto,12,dijkstra,rota sem recarga possivel
8,26,4-5,medio,20,dfs,rota sem recarga possivel
8,26,4-5,medio,20,bfs,rota sem recarga possivel
8,26,4-5,medio,20,dijkstra,rota sem recarga possivel
8,26,4-5,longo,29,dfs,rota sem recarga possivel
8,26,4-5,longo,29,bfs,rota sem recarga possivel
8,26,4-5,longo,29,dijkstra,rota sem recarga possivel
8,26,0-6,curto,10,dfs,rota sem recarga possivel
8,26,0-6,curto,10,bfs,rota sem recarga possivel
8,26,0-6,curto,10,dijkstra,rota sem recarga possivel
8,26,0-6,medio,16,dfs,rota sem recarga possivel
8,26,0-6,medio,16,bfs,rota sem recarga possivel
8,26,0-6,medio,16,dijkstra,rota sem recarga possivel
8,26,0-6,longo,24,dfs,rota sem recarga possivel
8,26,0-6,longo,24,bfs,rota sem recarga possivel
8,26,0-6,longo,24,dijkstra,rota sem recarga possivel
8,26,3-4,curto,6,dfs,rota sem recarga possivel
8,26,3-4,curto,6,bfs,rota sem recarga possivel
8,26,3-4,curto,6,dijkstra,rota sem recarga possivel
8,26,3-4,medio,10,dfs,rota sem recarga possivel
8,26,3-4,medio,10,bfs,rota sem recarga possivel
8,26,3-4,medio,10,dijkstra,rota sem recarga possivel
8,26,3-4,longo,16,dfs,rota sem recarga possivel
8,26,3-4,longo,16,bfs,rota sem recarga possivel
8,26,3-4,longo,16,dijkstra,rota sem recarga possivel
8,26,4-2,curto,4,dfs,rota sem recarga possivel
8,26,4-2,curto,4,bfs,rota sem recarga possivel
8,26,4-2,curto,4,dijkstra,rota sem recarga possivel
8,26,4-2,medio,6,dfs,rota sem recarga possivel
8,26,4-2,medio,6,bfs,rota sem recarga possivel
8,26,4-2,medio,6,dijkstra,rota sem recarga possivel
8,26,4-2,longo,9,dfs,rota sem recarga possivel
8,26,4-2,longo,9,bfs,rota sem recarga possivel
8,26,4-2,longo,9,dijkstra,rota sem recarga possivel
8,26,7-5,curto,20,dfs,rota sem recarga possivel
8,26,7-5,curto,20,bfs,rota sem recarga possivel
8,26,7-5,curto,20,dijkstra,rota sem recarga possivel
8,26,7-5,medio,33,dfs,rota sem recarga possivel
8,26,7-5,medio,33,bfs,rota sem recarga possivel
8,26,7-5,medio,33,dijkstra,rota sem recarga possivel
8,26,7-5,longo,50,dfs,rota sem recarga possivel
8,26,7-5,longo,50,bfs,rota sem recarga possivel
8,26,7-5,longo,50,dijkstra,rota sem recarga possivel
8,26,2-6,curto,8,dfs,rota sem recarga possivel
8,26,2-6,curto,8,bfs,rota sem recarga possivel
8,26,2-6,curto,8,dijkstra,rota sem recarga possivel
8,26,2-6,medio,14,dfs,rota sem recarga possivel
8,26,2-6,medio,14,bfs,rota sem recarga possivel
8,26,2-6,medio,14,dijkstra,rota sem recarga possivel
8,26,2-6,longo,21,dfs,rota sem recarga possivel
8,26,2-6,longo,21,bfs,rota sem recarga possivel
8,26,2-6,longo,21,dijkstra,rota sem recarga possivel
8,26,4-3,curto,4,dfs,rota sem recarga possivel
8,26,4-3,curto,4,bfs,rota sem recarga possivel
8,26,4-3,curto,4,dijkstra,rota sem recarga possivel
8,26,4-3,medio,8,dfs,rota sem recarga possivel
8,26,4-3,medio,8,bfs,rota sem recarga possivel
8,26,4-3,medio,8,dijkstra,rota sem recarga possivel
8,26,4-3,longo,11,dfs,rota sem recarga possivel
8,26,4-3,longo,11,bfs,rota sem recarga possivel
8,26,4-3,longo,11,dijkstra,rota sem recarga possivel
8,26,0-5,curto,10,dfs,rota sem recarga possivel
8,26,0-5,curto,10,bfs,rota sem recarga possivel
8,26,0-5,curto,10,dijkstra,rota sem recarga possivel
8,26,0-5,medio,16,dfs,rota sem recarga possivel
8,26,0-5,medio,16,bfs,rota sem recarga possivel
8,26,0-5,medio,16,dijkstra,rota sem recarga possivel
8,26,0-5,longo,25,dfs,rota sem recarga possivel
8,26,0-5,longo,25,bfs,rota sem recarga possivel
8,26,0-5,longo,25,dijkstra,rota sem recarga possivel
8,27,2-2,curto,5,dfs,rota sem recarga possivel
8,27,2-2,curto,5,bfs,rota sem recarga possivel
8,27,2-2,curto,5,dijkstra,rota sem recarga possivel
8,27,2-2,medio,8,dfs,rota sem recarga possivel
8,27,2-2,medio,8,bfs,rota sem recarga possivel
8,27,2-2,medio,8,dijkstra,rota sem recarga possivel
8,27,3-1,curto,5,dfs,rota sem recarga possivel
8,27,3-1,curto,5,bfs,rota sem recarga possivel
8,27,3-1,curto,5,dijkstra,rota sem recarga possivel
8,27,3-1,medio,9,dfs,rota sem recarga possivel
8,27,3-1,medio,9,bfs,rota sem recarga possivel
8,27,3-1,medio,9,dijkstra,rota sem recarga possivel
8,27,1-1,curto,1,dfs,rota sem recarga possivel
8,27,1-1,curto,1,bfs,rota sem recarga possivel
8,27,1-1,curto,1,dijkstra,rota sem recarga possivel
8,27,1-1,medio,2,dfs,rota sem recarga possivel
8,27,1-1,medio,2,bfs,rota sem recarga possivel
8,27,1-1,medio,2,dijkstra,rota sem recarga possivel
8,27,1-1,longo,3,dfs,rota sem recarga possivel
8,27,1-1,longo,3,bfs,rota sem recarga possivel
8,27,1-1,longo,3,dijkstra,rota sem recarga possivel
8,27,2-1,curto,4,dfs,rota sem recarga possivel
8,27,2-1,curto,4,bfs,rota sem recarga possivel
8,27,2-1,curto,4,dijkstra,rota sem recarga possivel
8,27,2-1,medio,8,dfs,rota sem recarga possivel
8,27,2-1,medio,8,bfs,rota sem recarga possivel
8,27,2-1,medio,8,dijkstra,rota sem recarga possivel
8,28,4-5,curto,4,dfs,rota sem recarga possivel
8,28,4-5,curto,4,bfs,rota sem recarga possivel
8,28,4-5,curto,4,dijkstra,rota sem recarga possivel
8,28,4-5,medio,6,dfs,rota sem recarga possivel
8,28,4-5,medio,6,bfs,rota sem recarga possivel
8,28,4-5,medio,6,dijkstra,rota sem recarga possivel
8,28,4-5,longo,10,dfs,rota sem recarga possivel
8,28,4-5,longo,10,bfs,rota sem recarga possivel
8,28,4-5,longo,10,dijkstra,rota sem recarga possivel
8,28,2-5,curto,3,dfs,rota sem recarga possivel
8,28,2-5,curto,3,bfs,rota sem recarga possivel
8,28,2-5,curto,3,dijkstra,rota sem recarga possivel
8,28,2-5,medio,6,dfs,rota sem recarga possivel
8,28,2-5,medio,6,bfs,rota sem recarga possivel
8,28,2-5,medio,6,dijkstra,rota sem recarga possivel
8,28,2-5,longo,8,dfs,rota sem recarga possivel
8,28,2-5,longo,8,bfs,rota sem recarga possivel
8,28,2-5,longo,8,dijkstra,rota sem recarga possivel
8,28,3-4,curto,4,dfs,rota sem recarga possivel
8,28,3-4,curto,4,bfs,rota sem recarga possivel
8,28,3-4,curto,4,dijkstra,rota sem recarga possivel
8,28,3-4,medio,8,dfs,rota sem recarga possivel
8,28,3-4,medio,8,bfs,rota sem recarga possivel
8,28,3-4,medio,8,dijkstra,rota sem recarga possivel
8,28,3-4,longo,11,dfs,rota sem recarga possivel
8,28,3-4,longo,11,bfs,rota sem recarga possivel
8,28,3-4,longo,11,dijkstra,rota sem recarga possivel
8,28,4-7,curto,8,dfs,rota sem recarga possivel
8,28,4-7,curto,8,bfs,rota sem recarga possivel
8,28,4-7,curto,8,dijkstra,rota sem recarga possivel
8,28,4-7,medio,14,dfs,rota sem recarga possivel
8,28,4-7,medio,14,bfs,rota sem recarga possivel
8,28,4-7,longo,20,bfs,rota sem recarga possivel
8,28,7-4,curto,10,dfs,rota sem recarga possivel
8,28,7-4,curto,10,bfs,rota sem recarga possivel
8,28,7-4,curto,10,dijkstra,rota sem recarga possivel
8,28,7-4,medio,16,dfs,rota sem recarga possivel
8,28,7-4,medio,16,bfs,rota sem recarga possivel
8,28,7-4,medio,16,dijkstra,rota sem recarga possivel
8,28,7-4,longo,25,bfs,rota sem recarga possivel
8,28,6-7,curto,10,dfs,rota sem recarga possivel
8,28,6-7,curto,10,bfs,rota sem recarga possivel
8,28,6-7,curto,10,dijkstra,rota sem recarga possivel
8,28,6-7,medio,16,dfs,rota sem recarga possivel
8,28,6-7,medio,16,bfs,rota sem recarga possivel
8,28,6-7,medio,16,dijkstra,rota sem recarga possivel
8,28,6-7,longo,25,bfs,rota sem recarga possivel
8,28,3-3,curto,7,dfs,rota sem recarga possivel
8,28,3-3,curto,7,bfs,rota sem recarga possivel
8,28,3-3,curto,7,dijkstra,rota sem recarga possivel
8,28,3-3,medio,12,dfs,rota sem recarga possivel
8,28,3-3,medio,12,bfs,rota sem recarga possivel
8,28,3-3,medio,12,dijkstra,rota sem recarga possivel
8,28,3-3,longo,18,dfs,rota sem recarga possivel
8,28,3-3,longo,18,bfs,rota sem recarga possivel
8,28,3-3,longo,18,dijkstra,rota sem recarga possivel
8,28,0-6,curto,5,dfs,rota sem recarga possivel
8,28,0-6,curto,5,bfs,rota sem recarga possivel
8,28,0-6,curto,5,dijkstra,rota sem recarga possivel
8,28,0-6,medio,8,dfs,rota sem recarga possivel
8,28,0-6,medio,8,bfs,rota sem recarga possivel
8,28,0-6,medio,8,dijkstra,rota sem recarga possivel
8,28,0-6,longo,12,dfs,rota sem recarga possivel
8,28,0-6,longo,12,bfs,rota sem recarga possivel
8,28,0-6,longo,12,dijkstra,rota sem recarga possivel
8,28,5-4,curto,8,dfs,rota sem recarga possivel
8,28,5-4,curto,8,bfs,rota sem recarga possivel
8,28,5-4,curto,8,dijkstra,rota sem recarga possivel
8,28,5-4,medio,12,dfs,rota sem recarga possivel
8,28,5-4,medio,12,bfs,rota sem recarga possivel
8,28,5-4,medio,12,dijkstra,rota sem recarga possivel
8,28,5-4,longo,19,dfs,rota sem recarga possivel
8,28,5-4,longo,19,bfs,rota sem recarga possivel
8,29,1-2,curto,1,dfs,rota sem recarga possivel
8,29,1-2,curto,1,bfs,rota sem recarga possivel
8,29,1-2,curto,1,dijkstra,rota sem recarga possivel
8,29,1-1,curto,1,dfs,rota sem recarga possivel
8,29,1-1,curto,1,bfs,rota sem recarga possivel
8,29,1-1,curto,1,dijkstra,rota sem recarga possivel
8,29,1-1,medio,1,dfs,rota sem recarga possivel
8,29,1-1,medio,1,bfs,rota sem recarga possivel
8,29,1-1,medio,1,dijkstra,rota sem recarga possivel
8,29,1-3,curto,2,dfs,rota sem recarga possivel
8,29,1-3,curto,2,bfs,rota sem recarga possivel
8,29,1-3,curto,2,dijkstra,rota sem recarga possivel
8,29,1-3,medio,3,dfs,rota sem recarga possivel
8,29,1-3,medio,3,bfs,rota sem recarga possivel
8,29,1-3,medio,3,dijkstra,rota sem recarga possivel
15,0,,,,,origem sem componente alcancavel sem surf
15,1,0-1,curto,1,dfs,rota sem recarga possivel
15,1,0-1,curto,1,bfs,rota sem recarga possivel
15,1,0-1,curto,1,dijkstra,rota sem recarga possivel
15,1,0-1,medio,2,dfs,rota sem recarga possivel
15,1,0-1,medio,2,bfs,rota sem recarga possivel
15,1,0-1,medio,2,dijkstra,rota sem recarga possivel
15,1,0-1,longo,2,dfs,rota sem recarga possivel
15,1,0-1,longo,2,bfs,rota sem recarga possivel
15,1,0-1,longo,2,dijkstra,rota sem recarga possivel
15,2,11-3,curto,25,dfs,rota sem recarga possivel
15,2,11-3,curto,25,bfs,rota sem recarga possivel
15,2,11-3,curto,25,dijkstra,rota sem recarga possivel
15,2,11-3,medio,42,dfs,rota sem recarga possivel
15,2,11-3,medio,42,bfs,rota sem recarga possivel
15,2,11-3,medio,42,dijkstra,rota sem recarga possivel
15,2,11-3,longo,63,dfs,rota sem recarga possivel
15,2,11-3,longo,63,bfs,rota sem recarga possivel
15,2,12-12,curto,29,dfs,rota sem recarga possivel
15,2,12-12,curto,29,bfs,rota sem recarga possivel
15,2,12-12,curto,29,dijkstra,rota sem recarga possivel
15,2,12-12,medio,48,dfs,rota sem recarga possivel
15,2,12-12,medio,48,bfs,rota sem recarga possivel
15,2,12-12,medio,48,dijkstra,rota sem recarga possivel
15,2,12-12,longo,72,dfs,rota sem recarga possivel
15,2,12-12,longo,72,bfs,rota sem recarga possivel
15,2,12-12,longo,72,dijkstra,rota sem recarga possivel
15,2,10-14,curto,23,dfs,rota sem recarga possivel
15,2,10-14,curto,23,bfs,rota sem recarga possivel
15,2,10-14,curto,23,dijkstra,rota sem recarga possivel
15,2,10-14,medio,39,dfs,rota sem recarga possivel
15,2,10-14,medio,39,bfs,rota sem recarga possivel
15,2,10-14,medio,39,dijkstra,rota sem recarga possivel
15,2,10-14,longo,58,dfs,rota sem recarga possivel
15,2,10-14,longo,58,bfs,rota sem recarga possivel
15,2,2-5,curto,6,dfs,rota sem recarga possivel
15,2,2-5,curto,6,bfs,rota sem recarga possivel
15,2,2-5,curto,6,dijkstra,rota sem recarga possivel
15,2,2-5,medio,10,dfs,rota sem recarga possivel
15,2,2-5,medio,10,bfs,rota sem recarga possivel
15,2,2-5,medio,10,dijkstra,rota sem recarga possivel
15,2,2-5,longo,16,dfs,rota sem recarga possivel
15,2,2-5,longo,16,bfs,rota sem recarga possivel
15,2,2-5,longo,16,dijkstra,rota sem recarga possivel
15,2,8-9,curto,18,dfs,rota sem recarga possivel
15,2,8-9,curto,18,bfs,rota sem recarga possivel
15,2,8-9,curto,18,dijkstra,rota sem recarga possivel
15,2,8-9,medio,30,dfs,rota sem recarga possivel
15,2,8-9,medio,30,bfs,rota sem recarga possivel
15,2,8-9,medio,30,dijkstra,rota sem recarga possivel
15,2,8-9,longo,46,dfs,rota sem recarga possivel
15,2,8-9,longo,46,bfs,rota sem recarga possivel
15,2,13-1,curto,27,dfs,rota sem recarga possivel
15,2,13-1,curto,27,bfs,rota sem recarga possivel
15,2,13-1,curto,27,dijkstra,rota sem recarga possivel
15,2,13-1,medio,45,dfs,rota sem recarga possivel
15,2,13-1,medio,45,bfs,rota sem recarga possivel
15,2,13-1,longo,68,dfs,rota sem recarga possivel
15,2,1-2,curto,2,dfs,rota sem recarga possivel
15,2,1-2,curto,2,bfs,rota sem recarga possivel
15,2,1-2,curto,2,dijkstra,rota sem recarga possivel
15,2,1-2,medio,4,dfs,rota sem recarga possivel
15,2,1-2,medio,4,bfs,rota sem recarga possivel
15,2,1-2,medio,4,dijkstra,rota sem recarga possivel
15,2,1-2,longo,5,dfs,rota sem recarga possivel
15,2,1-2,longo,5,bfs,rota sem recarga possivel
15,2,1-2,longo,5,dijkstra,rota sem recarga possivel
15,2,0-11,curto,28,dfs,rota sem recarga possivel
15,2,0-11,curto,28,bfs,rota sem recarga possivel
15,2,0-11,curto,28,dijkstra,rota sem recarga possivel
15,2,0-11,medio,46,dfs,rota sem recarga possivel
15,2,0-11,medio,46,bfs,rota sem recarga possivel
15,2,0-11,medio,46,dijkstra,rota sem recarga possivel
15,2,0-11,longo,70,dfs,rota sem recarga possivel
15,2,0-11,longo,70,bfs,rota sem recarga possivel
15,2,0-11,longo,70,dijkstra,rota sem recarga possivel
15,2,8-11,curto,21,dfs,rota sem recarga possivel
15,2,8-11,curto,21,bfs,rota sem recarga possivel
15,2,8-11,curto,21,dijkstra,rota sem recarga possivel
15,2,8-11,medio,36,dfs,rota sem recarga possivel
15,2,8-11,medio,36,bfs,rota sem recarga possivel
15,2,8-11,medio,36,dijkstra,rota sem recarga possivel
15,2,8-11,longo,53,dfs,rota sem recarga possivel
15,2,8-11,longo,53,bfs,rota sem recarga possivel
15,2,2-6,curto,7,dfs,rota sem recarga possivel
15,2,2-6,curto,7,bfs,rota sem recarga possivel
15,2,2-6,curto,7,dijkstra,rota sem recarga possivel
15,2,2-6,medio,11,dfs,rota sem recarga possivel
15,2,2-6,medio,11,bfs,rota sem recarga possivel
15,2,2-6,medio,11,dijkstra,rota sem recarga possivel
15,2,2-6,longo,16,dfs,rota sem recarga possivel
15,2,2-6,longo,16,bfs,rota sem recarga possivel
15,2,2-6,longo,16,dijkstra,rota sem recarga possivel
15,3,11-11,curto,28,dfs,rota sem recarga possivel
15,3,11-11,curto,28,bfs,rota sem recarga possivel
15,3,11-11,curto,28,dijkstra,rota sem recarga possivel
15,3,11-11,medio,47,dfs,rota sem recarga possivel
15,3,4-1,curto,12,dfs,rota sem recarga possivel
15,3,4-1,curto,12,bfs,rota sem recarga possivel
15,3,4-1,curto,12,dijkstra,rota sem recarga possivel
15,3,4-1,medio,20,dfs,rota sem recarga possivel
15,3,4-1,medio,20,bfs,rota sem recarga possivel
15,3,4-1,medio,20,dijkstra,rota sem recarga possivel
15,3,4-1,longo,31,dfs,rota sem recarga possivel
15,3,4-1,longo,31,bfs,rota sem recarga possivel
15,3,4-1,longo,31,dijkstra,rota sem recarga possivel
15,3,9-10,curto,27,dfs,rota sem recarga possivel
15,3,9-10,curto,27,bfs,rota sem recarga possivel
15,3,9-10,curto,27,dijkstra,rota sem recarga possivel
15,3,9-10,medio,46,dfs,rota sem recarga possivel
15,3,7-8,curto,26,dfs,rota sem recarga possivel
15,3,7-8,curto,26,bfs,rota sem recarga possivel
15,3,7-8,curto,26,dijkstra,rota sem recarga possivel
15,3,7-8,medio,42,dfs,rota sem recarga possivel
15,3,12-5,curto,27,dfs,rota sem recarga possivel
15,3,12-5,curto,27,bfs,rota sem recarga possivel
15,3,12-5,curto,27,dijkstra,rota sem recarga possivel
15,3,12-5,medio,46,dfs,rota sem recarga possivel
15,3,12-5,medio,46,bfs,rota sem recarga possivel
15,3,12-5,medio,46,dijkstra,rota sem recarga possivel
15,3,12-5,longo,68,bfs,rota sem recarga possivel
15,3,12-5,longo,68,dijkstra,rota sem recarga possivel
15,3,5-10,curto,32,dfs,rota sem recarga possivel
15,3,5-10,curto,32,bfs,rota sem recarga possivel
15,3,5-10,curto,32,dijkstra,rota sem recarga possivel
15,3,5-10,medio,52,dfs,rota sem recarga possivel
15,3,2-12,curto,25,dfs,rota sem recarga possivel
15,3,2-12,curto,25,bfs,rota sem recarga possivel
15,3,2-12,curto,25,dijkstra,rota sem recarga possivel
15,3,10-8,curto,26,dfs,rota sem recarga possivel
15,3,10-8,curto,26,bfs,rota sem recarga possivel
15,3,10-8,curto,26,dijkstra,rota sem recarga possivel
15,3,10-8,medio,44,dfs,rota sem recarga possivel
15,3,0-1,curto,1,dfs,rota sem recarga possivel
15,3,0-1,curto,1,bfs,rota sem recarga possivel
15,3,0-1,curto,1,dijkstra,rota sem recarga possivel
15,3,0-1,medio,2,dfs,rota sem recarga possivel
15,3,0-1,medio,2,bfs,rota sem recarga possivel
15,3,0-1,medio,2,dijkstra,rota sem recarga possivel
15,3,0-1,longo,2,dfs,rota sem recarga possivel
15,3,0-1,longo,2,bfs,rota sem recarga possivel
15,3,0-1,longo,2,dijkstra,rota sem recarga possivel
15,3,12-4,curto,23,dfs,rota sem recarga possivel
15,3,12-4,curto,23,bfs,rota sem recarga possivel
15,3,12-4,curto,23,dijkstra,rota sem recarga possivel
15,3,12-4,medio,39,dfs,rota sem recarga possivel
15,3,12-4,medio,39,bfs,rota sem recarga possivel
15,3,12-4,medio,39,dijkstra,rota sem recarga possivel
15,3,12-4,longo,58,bfs,rota sem recarga possivel
15,3,12-4,longo,58,dijkstra,rota sem recarga possivel
15,4,4-8,curto,8,dfs,rota sem recarga possivel
15,4,4-8,curto,8,bfs,rota sem recarga possivel
15,4,4-8,curto,8,dijkstra,rota sem recarga possivel
15,4,4-8,medio,13,dfs,rota sem recarga possivel
15,4,4-8,medio,13,bfs,rota sem recarga possivel
15,4,4-8,medio,13,dijkstra,rota sem recarga possivel
15,4,4-8,longo,20,dfs,rota sem recarga possivel
15,4,4-8,longo,20,bfs,rota sem recarga possivel
15,4,4-8,longo,20,dijkstra,rota sem recarga possivel
15,4,0-5,curto,14,dfs,rota sem recarga possivel
15,4,0-5,curto,14,bfs,rota sem recarga possivel
15,4,0-5,curto,14,dijkstra,rota sem recarga possivel
15,4,0-5,medio,24,dfs,rota sem recarga possivel
15,4,0-5,medio,24,bfs,rota sem recarga possivel
15,4,0-5,medio,24,dijkstra,rota sem recarga possivel
15,4,0-5,longo,35,dfs,rota sem recarga possivel
15,4,0-5,longo,35,bfs,rota sem recarga possivel
15,4,0-5,longo,35,dijkstra,rota sem recarga possivel
15,4,13-7,curto,31,dfs,rota sem recarga possivel
15,4,13-7,curto,31,bfs,rota sem recarga possivel
15,4,13-7,curto,31,dijkstra,rota sem recarga possivel
15,4,13-7,medio,52,dfs,rota sem recarga possivel
15,4,13-7,medio,52,bfs,rota sem recarga possivel
15,4,13-7,medio,52,dijkstra,rota sem recarga possivel
15,4,13-7,longo,78,dfs,rota sem recarga possivel
15,4,13-7,longo,78,bfs,rota sem recarga possivel
15,4,13-7,longo,78,dijkstra,rota sem recarga possivel
15,4,11-6,curto,18,dfs,rota sem recarga possivel
15,4,11-6,curto,18,bfs,rota sem recarga possivel
15,4,11-6,curto,18,dijkstra,rota sem recarga possivel
15,4,11-6,medio,30,dfs,rota sem recarga possivel
15,4,11-6,medio,30,bfs,rota sem recarga possivel
15,4,11-6,medio,30,dijkstra,rota sem recarga possivel
15,4,11-6,longo,46,dfs,rota sem recarga possivel
15,4,11-6,longo,46,bfs,rota sem recarga possivel
15,4,11-6,longo,46,dijkstra,rota sem recarga possivel
15,4,11-11,curto,22,dfs,rota sem recarga possivel
15,4,11-11,curto,22,bfs,rota sem recarga possivel
15,4,11-11,curto,22,dijkstra,rota sem recarga possivel
15,4,11-11,medio,36,dfs,rota sem recarga possivel
15,4,11-11,medio,36,bfs,rota sem recarga possivel
15,4,11-11,medio,36,dijkstra,rota sem recarga possivel
15,4,11-11,longo,54,bfs,rota sem recarga possivel
15,4,11-11,longo,54,dijkstra,rota sem recarga possivel
15,4,0-11,curto,20,dfs,rota sem recarga possivel
15,4,0-11,curto,20,bfs,rota sem recarga possivel
15,4,0-11,curto,20,dijkstra,rota sem recarga possivel
15,4,0-11,medio,34,dfs,rota sem recarga possivel
15,4,0-11,medio,34,bfs,rota sem recarga possivel
15,4,0-11,medio,34,dijkstra,rota sem recarga possivel
15,4,0-11,longo,50,dfs,rota sem recarga possivel
15,4,0-11,longo,50,bfs,rota sem recarga possivel
15,4,0-11,longo,50,dijkstra,rota sem recarga possivel
15,4,2-2,curto,2,dfs,rota sem recarga possivel
15,4,2-2,curto,2,bfs,rota sem recarga possivel
15,4,2-2,curto,2,dijkstra,rota sem recarga possivel
15,4,2-2,medio,4,dfs,rota sem recarga possivel
15,4,2-2,medio,4,bfs,rota sem recarga possivel
15,4,2-2,medio,4,dijkstra,rota sem recarga possivel
15,4,2-2,longo,6,dfs,rota sem recarga possivel
15,4,2-2,longo,6,bfs,rota sem recarga possivel
15,4,2-2,longo,6,dijkstra,rota sem recarga possivel
15,4,1-8,curto,17,dfs,rota sem recarga possivel
15,4,1-8,curto,17,bfs,rota sem recarga possivel
15,4,1-8,curto,17,dijkstra,rota sem recarga possivel
15,4,1-8,medio,28,dfs,rota sem recarga possivel
15,4,1-8,medio,28,bfs,rota sem recarga possivel
15,4,1-8,medio,28,dijkstra,rota sem recarga possivel
15,4,1-8,longo,43,dfs,rota sem recarga possivel
15,4,1-8,longo,43,bfs,rota sem recarga possivel
15,4,1-8,longo,43,dijkstra,rota sem recarga possivel
15,4,3-14,curto,21,dfs,rota sem recarga possivel
15,4,3-14,curto,21,bfs,rota sem recarga possivel
15,4,3-14,curto,21,dijkstra,rota sem recarga possivel
15,4,3-14,medio,36,dfs,rota sem recarga possivel
15,4,3-14,medio,36,bfs,rota sem recarga possivel
15,4,3-14,medio,36,dijkstra,rota sem recarga possivel
15,4,3-14,longo,53,dfs,rota sem recarga possivel
15,4,3-14,longo,53,bfs,rota sem recarga possivel
15,4,3-14,longo,53,dijkstra,rota sem recarga possivel
15,4,3-4,curto,8,dfs,rota sem recarga possivel
15,4,3-4,curto,8,bfs,rota sem recarga possivel
15,4,3-4,curto,8,dijkstra,rota sem recarga possivel
15,4,3-4,medio,14,dfs,rota sem recarga possivel
15,4,3-4,medio,14,bfs,rota sem recarga possivel
15,4,3-4,medio,14,dijkstra,rota sem recarga possivel
15,4,3-4,longo,20,dfs,rota sem recarga possivel
15,4,3-4,longo,20,bfs,rota sem recarga possivel
15,4,3-4,longo,20,dijkstra,rota sem recarga possivel
15,5,,,,,origem sem componente alcancavel sem surf
15,6,,,,,origem sem componente alcancavel sem surf
15,7,13-3,curto,22,dfs,rota sem recarga possivel
15,7,13-3,curto,22,bfs,rota sem recarga possivel
15,7,13-3,curto,22,dijkstra,rota sem recarga possivel
15,7,13-3,medio,36,dfs,rota sem recarga possivel
15,7,13-3,medio,36,bfs,rota sem recarga possivel
15,7,13-3,longo,54,dfs,rota sem recarga possivel
15,7,12-9,curto,26,dfs,rota sem recarga possivel
15,7,12-9,curto,26,bfs,rota sem recarga possivel
15,7,12-9,curto,26,dijkstra,rota sem recarga possivel
15,7,12-9,medio,44,dfs,rota sem recarga possivel
15,7,11-11,curto,34,dfs,rota sem recarga possivel
15,7,11-11,curto,34,bfs,rota sem recarga possivel
15,7,11-11,curto,34,dijkstra,rota sem recarga possivel
15,7,11-11,medio,56,dfs,rota sem recarga possivel
15,7,13-7,curto,31,dfs,rota sem recarga possivel
15,7,13-7,curto,31,bfs,rota sem recarga possivel
15,7,13-7,curto,31,dijkstra,rota sem recarga possivel
15,7,13-7,medio,51,dfs,rota sem recarga possivel
15,7,11-13,curto,28,dfs,rota sem recarga possivel
15,7,11-13,curto,28,bfs,rota sem recarga possivel
15,7,11-13,curto,28,dijkstra,rota sem recarga possivel
15,7,11-13,medio,47,dfs,rota sem recarga possivel
15,7,11-13,medio,47,bfs,rota sem recarga possivel
15,7,8-1,curto,13,dfs,rota sem recarga possivel
15,7,8-1,curto,13,bfs,rota sem recarga possivel
15,7,8-1,curto,13,dijkstra,rota sem recarga possivel
15,7,8-1,medio,22,dfs,rota sem recarga possivel
15,7,8-1,medio,22,bfs,rota sem recarga possivel
15,7,8-1,medio,22,dijkstra,rota sem recarga possivel
15,7,8-1,longo,32,dfs,rota sem recarga possivel
15,7,0-7,curto,8,dfs,rota sem recarga possivel
15,7,0-7,curto,8,bfs,rota sem recarga possivel
15,7,0-7,curto,8,dijkstra,rota sem recarga possivel
15,7,0-7,medio,12,dfs,rota sem recarga possivel
15,7,0-7,medio,12,bfs,rota sem recarga possivel
15,7,0-7,medio,12,dijkstra,rota sem recarga possivel
15,7,0-7,longo,19,dfs,rota sem recarga possivel
15,7,0-7,longo,19,bfs,rota sem recarga possivel
15,7,0-7,longo,19,dijkstra,rota sem recarga possivel
15,7,9-3,curto,15,dfs,rota sem recarga possivel
15,7,9-3,curto,15,bfs,rota sem recarga possivel
15,7,9-3,curto,15,dijkstra,rota sem recarga possivel
15,7,9-3,medio,25,dfs,rota sem recarga possivel
15,7,9-3,medio,25,bfs,rota sem recarga possivel
15,7,9-3,medio,25,dijkstra,rota sem recarga possivel
15,7,9-3,longo,38,dfs,rota sem recarga possivel
15,7,11-1,curto,18,dfs,rota sem recarga possivel
15,7,11-1,curto,18,bfs,rota sem recarga possivel
15,7,11-1,curto,18,dijkstra,rota sem recarga possivel
15,7,11-1,medio,30,dfs,rota sem recarga possivel
15,7,11-1,medio,30,bfs,rota sem recarga possivel
15,7,11-1,medio,30,dijkstra,rota sem recarga possivel
15,7,11-1,longo,45,dfs,rota sem recarga possivel
15,7,11-1,longo,45,bfs,rota sem recarga possivel
15,7,11-1,longo,45,dijkstra,rota sem recarga possivel
15,7,1-6,curto,6,dfs,rota sem recarga possivel
15,7,1-6,curto,6,bfs,rota sem recarga possivel
15,7,1-6,curto,6,dijkstra,rota sem recarga possivel
15,7,1-6,medio,10,dfs,rota sem recarga possivel
15,7,1-6,medio,10,bfs,rota sem recarga possivel
15,7,1-6,medio,10,dijkstra,rota sem recarga possivel
15,7,1-6,longo,16,dfs,rota sem recarga possivel
15,7,1-6,longo,16,bfs,rota sem recarga possivel
15,7,1-6,longo,16,dijkstra,rota sem recarga possivel
15,8,,,,,origem sem componente alcancavel sem surf
15,9,,,,,origem sem componente alcancavel sem surf
15,10,2-4,curto,14,dfs,rota sem recarga possivel
15,10,2-4,curto,14,bfs,rota sem recarga possivel
15,10,2-4,curto,14,dijkstra,rota sem recarga possivel
15,10,2-4,medio,24,dfs,rota sem recarga possivel
15,10,2-4,medio,24,bfs,rota sem recarga possivel
15,10,2-4,medio,24,dijkstra,rota sem recarga possivel
15,10,11-4,curto,27,dfs,rota sem recarga possivel
15,10,11-4,curto,27,bfs,rota sem recarga possivel
15,10,11-4,curto,27,dijkstra,rota sem recarga possivel
15,10,11-4,medio,46,dfs,rota sem recarga possivel
15,10,11-4,medio,46,bfs,rota sem recarga possivel
15,10,11-4,medio,46,dijkstra,rota sem recarga possivel
15,10,7-3,curto,25,dfs,rota sem recarga possivel
15,10,7-3,curto,25,bfs,rota sem recarga possivel
15,10,7-3,curto,25,dijkstra,rota sem recarga possivel
15,10,7-3,medio,41,dfs,rota sem recarga possivel
15,10,7-3,medio,41,bfs,rota sem recarga possivel
15,10,7-3,medio,41,dijkstra,rota sem recarga possivel
15,10,7-3,longo,62,dijkstra,rota sem recarga possivel
15,10,5-5,curto,19,dfs,rota sem recarga possivel
15,10,5-5,curto,19,bfs,rota sem recarga possivel
15,10,5-5,curto,19,dijkstra,rota sem recarga possivel
15,10,5-5,medio,32,dfs,rota sem recarga possivel
15,10,5-5,medio,32,bfs,rota sem recarga possivel
15,10,5-5,medio,32,dijkstra,rota sem recarga possivel
15,10,4-3,curto,16,dfs,rota sem recarga possivel
15,10,4-3,curto,16,bfs,rota sem recarga possivel
15,10,4-3,curto,16,dijkstra,rota sem recarga possivel
15,10,4-3,medio,28,dfs,rota sem recarga possivel
15,10,4-3,medio,28,bfs,rota sem recarga possivel
15,10,4-3,medio,28,dijkstra,rota sem recarga possivel
15,10,9-2,curto,21,dfs,rota sem recarga possivel
15,10,9-2,curto,21,bfs,rota sem recarga possivel
15,10,9-2,curto,21,dijkstra,rota sem recarga possivel
15,10,9-2,medio,36,dfs,rota sem recarga possivel
15,10,9-2,medio,36,bfs,rota sem recarga possivel
15,10,9-2,medio,36,dijkstra,rota sem recarga possivel
15,10,9-2,longo,53,dfs,rota sem recarga possivel
15,10,9-2,longo,53,bfs,rota sem recarga possivel
15,10,9-2,longo,53,dijkstra,rota sem recarga possivel
15,10,4-2,curto,17,dfs,rota sem recarga possivel
15,10,4-2,curto,17,bfs,rota sem recarga possivel
15,10,4-2,curto,17,dijkstra,rota sem recarga possivel
15,10,4-2,medio,29,dfs,rota sem recarga possivel
15,10,4-2,medio,29,bfs,rota sem recarga possivel
15,10,4-2,medio,29,dijkstra,rota sem recarga possivel
15,10,8-3,curto,21,dfs,rota sem recarga possivel
15,10,8-3,curto,21,bfs,rota sem recarga possivel
15,10,8-3,curto,21,dijkstra,rota sem recarga possivel
15,10,8-3,medio,34,dfs,rota sem recarga possivel
15,10,8-3,medio,34,bfs,rota sem recarga possivel
15,10,8-3,medio,34,dijkstra,rota sem recarga possivel
15,10,8-3,longo,52,dfs,rota sem recarga possivel
15,10,8-3,longo,52,bfs,rota sem recarga possivel
15,10,8-3,longo,52,dijkstra,rota sem recarga possivel
15,10,9-7,curto,30,dfs,rota sem recarga possivel
15,10,9-7,curto,30,bfs,rota sem recarga possivel
15,10,9-7,curto,30,dijkstra,rota sem recarga possivel
15,10,9-7,medio,50,dfs,rota sem recarga possivel
15,10,9-7,medio,50,bfs,rota sem recarga possivel
15,10,9-7,medio,50,dijkstra,rota sem recarga possivel
15,10,6-0,curto,18,dfs,rota sem recarga possivel
15,10,6-0,curto,18,bfs,rota sem recarga possivel
15,10,6-0,curto,18,dijkstra,rota sem recarga possivel
15,10,6-0,medio,30,dfs,rota sem recarga possivel
15,10,6-0,medio,30,bfs,rota sem recarga possivel
15,10,6-0,medio,30,dijkstra,rota sem recarga possivel
15,10,6-0,longo,45,dfs,rota sem recarga possivel
15,10,6-0,longo,45,bfs,rota sem recarga possivel
15,10,6-0,longo,45,dijkstra,rota sem recarga possivel
15,11,,,,,origem sem componente alcancavel sem surf
15,12,1-1,curto,1,dfs,rota sem recarga possivel
15,12,1-1,curto,1,bfs,rota sem recarga possivel
15,12,1-1,curto,1,dijkstra,rota sem recarga possivel
15,12,1-1,medio,1,dfs,rota sem recarga possivel
15,12,1-1,medio,1,bfs,rota sem recarga possivel
15,12,1-1,medio,1,dijkstra,rota sem recarga possivel
15,12,2-0,curto,1,dfs,rota sem recarga possivel
15,12,2-0,curto,1,bfs,rota sem recarga possivel
15,12,2-0,curto,1,dijkstra,rota sem recarga possivel
15,12,2-0,medio,2,dfs,rota sem recarga possivel
15,12,2-0,medio,2,bfs,rota sem recarga possivel
15,12,2-0,medio,2,dijkstra,rota sem recarga possivel
15,12,2-0,longo,3,dfs,rota sem recarga possivel
15,12,2-0,longo,3,bfs,rota sem recarga possivel
15,12,2-0,longo,3,dijkstra,rota sem recarga possivel
15,12,1-0,curto,1,dfs,rota sem recarga possivel
15,12,1-0,curto,1,bfs,rota sem recarga possivel
15,12,1-0,curto,1,dijkstra,rota sem recarga possivel
15,12,1-0,medio,2,dfs,rota sem recarga possivel
15,12,1-0,medio,2,bfs,rota sem recarga possivel
15,12,1-0,medio,2,dijkstra,rota sem recarga possivel
15,12,1-0,longo,2,dfs,rota sem recarga possivel
15,12,1-0,longo,2,bfs,rota sem recarga possivel
15,12,1-0,longo,2,dijkstra,rota sem recarga possivel
15,12,1-2,curto,2,dfs,rota sem recarga possivel
15,12,1-2,curto,2,bfs,rota sem recarga possivel
15,12,1-2,curto,2,dijkstra,rota sem recarga possivel
15,12,1-2,medio,2,dfs,rota sem recarga possivel
15,12,1-2,medio,2,bfs,rota sem recarga possivel
15,12,1-2,medio,2,dijkstra,rota sem recarga possivel
15,12,1-2,longo,4,dfs,rota sem recarga possivel
15,12,1-2,longo,4,bfs,rota sem recarga possivel
15,12,1-2,longo,4,dijkstra,rota sem recarga possivel
15,12,0-2,curto,1,dfs,rota sem recarga possivel
15,12,0-2,curto,1,bfs,rota sem recarga possivel
15,12,0-2,curto,1,dijkstra,rota sem recarga possivel
15,12,0-2,medio,2,dfs,rota sem recarga possivel
15,12,0-2,medio,2,bfs,rota sem recarga possivel
15,12,0-2,medio,2,dijkstra,rota sem recarga possivel
15,12,0-2,longo,3,dfs,rota sem recarga possivel
15,12,0-2,longo,3,bfs,rota sem recarga possivel
15,12,0-2,longo,3,dijkstra,rota sem recarga possivel
15,13,6-5,curto,31,dfs,rota sem recarga possivel
15,13,6-5,curto,31,bfs,rota sem recarga possivel
15,13,6-5,curto,31,dijkstra,rota sem recarga possivel
15,13,6-5,medio,52,dfs,rota sem recarga possivel
15,13,6-5,medio,52,bfs,rota sem recarga possivel
15,13,6-5,medio,52,dijkstra,rota sem recarga possivel
15,13,6-5,longo,77,dfs,rota sem recarga possivel
15,13,6-5,longo,77,bfs,rota sem recarga possivel
15,13,6-5,longo,77,dijkstra,rota sem recarga possivel
15,13,14-0,curto,17,dfs,rota sem recarga possivel
15,13,14-0,curto,17,bfs,rota sem recarga possivel
15,13,14-0,curto,17,dijkstra,rota sem recarga possivel
15,13,14-0,medio,28,dfs,rota sem recarga possivel
15,13,14-0,medio,28,bfs,rota sem recarga possivel
15,13,14-0,medio,28,dijkstra,rota sem recarga possivel
15,13,14-0,longo,42,dfs,rota sem recarga possivel
15,13,14-0,longo,42,bfs,rota sem recarga possivel
15,13,14-0,longo,42,dijkstra,rota sem recarga possivel
15,13,6-9,curto,38,dfs,rota sem recarga possivel
15,13,6-9,curto,38,bfs,rota sem recarga possivel
15,13,6-9,curto,38,dijkstra,rota sem recarga possivel
15,13,6-9,medio,64,dfs,rota sem recarga possivel
15,13,6-9,medio,64,bfs,rota sem recarga possivel
15,13,6-9,medio,64,dijkstra,rota sem recarga possivel
15,13,3-0,curto,4,dfs,rota sem recarga possivel
15,13,3-0,curto,4,bfs,rota sem recarga possivel
15,13,3-0,curto,4,dijkstra,rota sem recarga possivel
15,13,3-0,medio,8,dfs,rota sem recarga possivel
15,13,3-0,medio,8,bfs,rota sem recarga possivel
15,13,3-0,medio,8,dijkstra,rota sem recarga possivel
15,13,3-0,longo,11,dfs,rota sem recarga possivel
15,13,3-0,longo,11,bfs,rota sem recarga possivel
15,13,3-0,longo,11,dijkstra,rota sem recarga possivel
15,13,0-1,curto,3,dfs,rota sem recarga possivel
15,13,0-1,curto,3,bfs,rota sem recarga possivel
15,13,0-1,curto,3,dijkstra,rota sem recarga possivel
15,13,0-1,medio,4,dfs,rota sem recarga possivel
15,13,0-1,medio,4,bfs,rota sem recarga possivel
15,13,0-1,medio,4,dijkstra,rota sem recarga possivel
15,13,0-1,longo,7,dfs,rota sem recarga possivel
15,13,0-1,longo,7,bfs,rota sem recarga possivel
15,13,0-1,longo,7,dijkstra,rota sem recarga possivel
15,13,4-3,curto,5,dfs,rota sem recarga possivel
15,13,4-3,curto,5,bfs,rota sem recarga possivel
15,13,4-3,curto,5,dijkstra,rota sem recarga possivel
15,13,4-3,medio,8,dfs,rota sem recarga possivel
15,13,4-3,medio,8,bfs,rota sem recarga possivel
15,13,4-3,medio,8,dijkstra,rota sem recarga possivel
15,13,4-3,longo,13,dfs,rota sem recarga possivel
15,13,4-3,longo,13,dijkstra,rota sem recarga possivel
15,13,0-10,curto,42,dfs,rota sem recarga possivel
15,13,0-10,curto,42,bfs,rota sem recarga possivel
15,13,0-10,curto,42,dijkstra,rota sem recarga possivel
15,13,0-10,medio,70,dfs,rota sem recarga possivel
15,13,0-10,medio,70,bfs,rota sem recarga possivel
15,13,0-10,medio,70,dijkstra,rota sem recarga possivel
15,13,13-4,curto,18,dfs,rota sem recarga possivel
15,13,13-4,curto,18,bfs,rota sem recarga possivel
15,13,13-4,curto,18,dijkstra,rota sem recarga possivel
15,13,13-4,medio,30,dfs,rota sem recarga possivel
15,13,13-4,medio,30,bfs,rota sem recarga possivel
15,13,13-4,medio,30,dijkstra,rota sem recarga possivel
15,13,13-4,longo,46,dfs,rota sem recarga possivel
15,13,13-4,longo,46,bfs,rota sem recarga possivel
15,13,13-4,longo,46,dijkstra,rota sem recarga possivel
15,13,7-5,curto,31,dfs,rota sem recarga possivel
15,13,7-5,curto,31,bfs,rota sem recarga possivel
15,13,7-5,curto,31,dijkstra,rota sem recarga possivel
15,13,7-5,medio,51,dfs,rota sem recarga possivel
15,13,7-5,medio,51,bfs,rota sem recarga possivel
15,13,7-5,medio,51,dijkstra,rota sem recarga possivel
15,13,7-5,longo,76,dfs,rota sem recarga possivel
15,13,7-5,longo,76,bfs,rota sem recarga possivel
15,13,7-5,longo,76,dijkstra,rota sem recarga possivel
15,13,7-14,curto,41,dfs,rota sem recarga possivel
15,13,7-14,curto,41,bfs,rota sem recarga possivel
15,13,7-14,curto,41,dijkstra,rota sem recarga possivel
15,13,7-14,medio,68,dfs,rota sem recarga possivel
15,13,7-14,medio,68,bfs,rota sem recarga possivel
15,13,7-14,medio,68,dijkstra,rota sem recarga possivel
15,14,0-2,curto,1,dfs,rota sem recarga possivel
15,14,0-2,curto,1,bfs,rota sem recarga possivel
15,14,0-2,curto,1,dijkstra,rota sem recarga possivel
15,14,0-2,medio,2,dfs,rota sem recarga possivel
15,14,0-2,medio,2,bfs,rota sem recarga possivel
15,14,0-2,medio,2,dijkstra,rota sem recarga possivel
15,16,,,,,origem sem componente alcancavel sem surf
15,18,,,,,origem sem componente alcancavel sem surf
15,19,7-1,curto,11,dfs,rota sem recarga possivel
15,19,7-1,curto,11,bfs,rota sem recarga possivel
15,19,7-1,curto,11,dijkstra,rota sem recarga possivel
15,19,7-1,medio,19,dfs,rota sem recarga possivel
15,19,7-1,medio,19,bfs,rota sem recarga possivel
15,19,7-1,medio,19,dijkstra,rota sem recarga possivel
15,19,7-1,longo,28,dfs,rota sem recarga possivel
15,19,7-1,longo,28,bfs,rota sem recarga possivel
15,19,7-1,longo,28,dijkstra,rota sem recarga possivel
15,19,1-6,curto,9,dfs,rota sem recarga possivel
15,19,1-6,curto,9,bfs,rota sem recarga possivel
15,19,1-6,curto,9,dijkstra,rota sem recarga possivel
15,19,1-6,medio,16,dfs,rota sem recarga possivel
15,19,1-6,medio,16,bfs,rota sem recarga possivel
15,19,1-6,medio,16,dijkstra,rota sem recarga possivel
15,19,3-0,curto,4,dfs,rota sem recarga possivel
15,19,3-0,curto,4,bfs,rota sem recarga possivel
15,19,3-0,curto,4,dijkstra,rota sem recarga possivel
15,19,3-0,medio,6,dfs,rota sem recarga possivel
15,19,3-0,medio,6,bfs,rota sem recarga possivel
15,19,3-0,medio,6,dijkstra,rota sem recarga possivel
15,19,3-0,longo,10,dfs,rota sem recarga possivel
15,19,3-0,longo,10,bfs,rota sem recarga possivel
15,19,3-0,longo,10,dijkstra,rota sem recarga possivel
15,19,14-4,curto,24,dfs,rota sem recarga possivel
15,19,14-4,curto,24,bfs,rota sem recarga possivel
15,19,14-4,medio,40,bfs,rota sem recarga possivel
15,19,14-4,longo,60,bfs,rota sem recarga possivel
15,19,11-6,curto,19,dfs,rota sem recarga possivel
15,19,11-6,curto,19,bfs,rota sem recarga possivel
15,19,11-6,curto,19,dijkstra,rota sem recarga possivel
15,19,11-6,medio,32,dfs,rota sem recarga possivel
15,19,11-6,medio,32,bfs,rota sem recarga possivel
15,19,11-6,longo,47,bfs,rota sem recarga possivel
15,19,6-6,curto,11,dfs,rota sem recarga possivel
15,19,6-6,curto,11,bfs,rota sem recarga possivel
15,19,6-6,curto,11,dijkstra,rota sem recarga possivel
15,19,6-6,medio,19,dfs,rota sem recarga possivel
15,19,6-6,medio,19,bfs,rota sem recarga possivel
15,19,6-6,medio,19,dijkstra,rota sem recarga possivel
15,19,11-2,curto,36,dfs,rota sem recarga possivel
15,19,11-2,curto,36,bfs,rota sem recarga possivel
15,19,11-2,curto,36,dijkstra,rota sem recarga possivel
15,19,11-2,medio,60,bfs,rota sem recarga possivel
15,19,11-2,longo,89,bfs,rota sem recarga possivel
15,19,6-3,curto,6,dfs,rota sem recarga possivel
15,19,6-3,curto,6,bfs,rota sem recarga possivel
15,19,6-3,curto,6,dijkstra,rota sem recarga possivel
15,19,6-3,medio,10,dfs,rota sem recarga possivel
15,19,6-3,medio,10,bfs,rota sem recarga possivel
15,19,6-3,medio,10,dijkstra,rota sem recarga possivel
15,19,6-3,longo,16,dfs,rota sem recarga possivel
15,19,6-3,longo,16,bfs,rota sem recarga possivel
15,19,6-3,longo,16,dijkstra,rota sem recarga possivel
15,19,11-9,curto,24,dfs,rota sem recarga possivel
15,19,11-9,curto,24,bfs,rota sem recarga possivel
15,19,11-9,curto,24,dijkstra,rota sem recarga possivel
15,19,12-10,curto,29,dfs,rota sem recarga possivel
15,19,12-10,curto,29,bfs,rota sem recarga possivel
15,19,12-10,curto,29,dijkstra,rota sem recarga possivel
15,19,12-10,medio,48,dfs,rota sem recarga possivel
15,19,12-10,medio,48,bfs,rota sem recarga possivel
15,19,12-10,medio,48,dijkstra,rota sem recarga possivel
15,20,1-7,curto,11,dfs,rota sem recarga possivel
15,20,1-7,curto,11,bfs,rota sem recarga possivel
15,20,1-7,curto,11,dijkstra,rota sem recarga possivel
15,20,1-7,medio,19,dfs,rota sem recarga possivel
15,20,1-7,medio,19,bfs,rota sem recarga possivel
15,20,1-7,medio,19,dijkstra,rota sem recarga possivel
15,20,1-7,longo,28,dfs,rota sem recarga possivel
15,20,1-7,longo,28,bfs,rota sem recarga possivel
15,20,5-2,curto,10,dfs,rota sem recarga possivel
15,20,5-2,curto,10,bfs,rota sem recarga possivel
15,20,5-2,curto,10,dijkstra,rota sem recarga possivel
15,20,5-2,medio,16,dfs,rota sem recarga possivel
15,20,5-2,medio,16,bfs,rota sem recarga possivel
15,20,5-2,medio,16,dijkstra,rota sem recarga possivel
15,20,5-2,longo,25,dfs,rota sem recarga possivel
15,20,5-2,longo,25,bfs,rota sem recarga possivel
15,20,5-2,longo,25,dijkstra,rota sem recarga possivel
15,20,9-6,curto,19,dfs,rota sem recarga possivel
15,20,9-6,curto,19,bfs,rota sem recarga possivel
15,20,9-6,curto,19,dijkstra,rota sem recarga possivel
15,20,9-6,medio,32,dfs,rota sem recarga possivel
15,20,9-6,medio,32,bfs,rota sem recarga possivel
15,20,9-6,medio,32,dijkstra,rota sem recarga possivel
15,20,9-6,longo,47,dfs,rota sem recarga possivel
15,20,9-6,longo,47,bfs,rota sem recarga possivel
15,20,2-3,curto,8,dfs,rota sem recarga possivel
15,20,2-3,curto,8,bfs,rota sem recarga possivel
15,20,2-3,curto,8,dijkstra,rota sem recarga possivel
15,20,2-3,medio,12,dfs,rota sem recarga possivel
15,20,2-3,medio,12,bfs,rota sem recarga possivel
15,20,2-3,medio,12,dijkstra,rota sem recarga possivel
15,20,2-3,longo,19,dfs,rota sem recarga possivel
15,20,2-3,longo,19,bfs,rota sem recarga possivel
15,20,2-3,longo,19,dijkstra,rota sem recarga possivel
15,20,9-2,curto,18,dfs,rota sem recarga possivel
15,20,9-2,curto,18,bfs,rota sem recarga possivel
15,20,9-2,curto,18,dijkstra,rota sem recarga possivel
15,20,9-2,medio,30,dfs,rota sem recarga possivel
15,20,9-2,medio,30,bfs,rota sem recarga possivel
15,20,9-2,medio,30,dijkstra,rota sem recarga possivel
15,20,9-2,longo,44,dfs,rota sem recarga possivel
15,20,9-2,longo,44,bfs,rota sem recarga possivel
15,20,12-1,curto,21,dfs,rota sem recarga possivel
15,20,12-1,curto,21,bfs,rota sem recarga possivel
15,20,12-1,curto,21,dijkstra,rota sem recarga possivel
15,20,12-1,medio,34,dfs,rota sem recarga possivel
15,20,12-1,medio,34,bfs,rota sem recarga possivel
15,20,12-1,medio,34,dijkstra,rota sem recarga possivel
15,20,12-1,longo,52,dfs,rota sem recarga possivel
15,20,8-7,curto,17,dfs,rota sem recarga possivel
15,20,8-7,curto,17,bfs,rota sem recarga possivel
15,20,8-7,curto,17,dijkstra,rota sem recarga possivel
15,20,8-7,medio,28,dfs,rota sem recarga possivel
15,20,8-7,medio,28,bfs,rota sem recarga possivel
15,20,8-7,medio,28,dijkstra,rota sem recarga possivel
15,20,8-7,longo,43,dfs,rota sem recarga possivel
15,20,9-14,curto,26,dfs,rota sem recarga possivel
15,20,9-14,curto,26,bfs,rota sem recarga possivel
15,20,9-14,curto,26,dijkstra,rota sem recarga possivel
15,20,9-14,medio,42,dfs,rota sem recarga possivel
15,20,9-14,medio,42,bfs,rota sem recarga possivel
15,20,9-14,longo,64,dfs,rota sem recarga possivel
15,20,11-1,curto,18,dfs,rota sem recarga possivel
15,20,11-1,curto,18,bfs,rota sem recarga possivel
15,20,11-1,curto,18,dijkstra,rota sem recarga possivel
15,20,11-1,medio,30,dfs,rota sem recarga possivel
15,20,11-1,medio,30,bfs,rota sem recarga possivel
15,20,11-1,medio,30,dijkstra,rota sem recarga possivel
15,20,11-1,longo,45,dfs,rota sem recarga possivel
15,20,7-2,curto,18,dfs,rota sem recarga possivel
15,20,7-2,curto,18,bfs,rota sem recarga possivel
15,20,7-2,curto,18,dijkstra,rota sem recarga possivel
15,20,7-2,medio,30,dfs,rota sem recarga possivel
15,20,7-2,medio,30,bfs,rota sem recarga possivel
15,20,7-2,medio,30,dijkstra,rota sem recarga possivel
15,20,7-2,longo,46,dfs,rota sem recarga possivel
15,20,7-2,longo,46,bfs,rota sem recarga possivel
15,21,1-0,curto,1,dfs,rota sem recarga possivel
15,21,1-0,curto,1,bfs,rota sem recarga possivel
15,21,1-0,curto,1,dijkstra,rota sem recarga possivel
15,21,1-0,medio,2,dfs,rota sem recarga possivel
15,21,1-0,medio,2,bfs,rota sem recarga possivel
15,21,1-0,medio,2,dijkstra,rota sem recarga possivel
15,21,1-0,longo,2,dfs,rota sem recarga possivel
15,21,1-0,longo,2,bfs,rota sem recarga possivel
15,21,1-0,longo,2,dijkstra,rota sem recarga possivel
15,22,9-14,curto,21,dfs,rota sem recarga possivel
15,22,9-14,curto,21,bfs,rota sem recarga possivel
15,22,9-14,curto,21,dijkstra,rota sem recarga possivel
15,22,9-14,medio,36,dfs,rota sem recarga possivel
15,22,9-14,medio,36,bfs,rota sem recarga possivel
15,22,9-14,medio,36,dijkstra,rota sem recarga possivel
15,22,9-14,longo,53,dfs,rota sem recarga possivel
15,22,6-14,curto,17,dfs,rota sem recarga possivel
15,22,6-14,curto,17,bfs,rota sem recarga possivel
15,22,6-14,curto,17,dijkstra,rota sem recarga possivel
15,22,6-14,medio,29,dfs,rota sem recarga possivel
15,22,6-14,medio,29,bfs,rota sem recarga possivel
15,22,5-4,curto,9,dfs,rota sem recarga possivel
15,22,5-4,curto,9,bfs,rota sem recarga possivel
15,22,5-4,curto,9,dijkstra,rota sem recarga possivel
15,22,5-4,medio,14,dfs,rota sem recarga possivel
15,22,5-4,medio,14,bfs,rota sem recarga possivel
15,22,5-4,medio,14,dijkstra,rota sem recarga possivel
15,22,5-4,longo,22,dfs,rota sem recarga possivel
15,22,5-4,longo,22,bfs,rota sem recarga possivel
15,22,7-1,curto,7,dfs,rota sem recarga possivel
15,22,7-1,curto,7,bfs,rota sem recarga possivel
15,22,7-1,curto,7,dijkstra,rota sem recarga possivel
15,22,7-1,medio,11,dfs,rota sem recarga possivel
15,22,7-1,medio,11,bfs,rota sem recarga possivel
15,22,7-1,medio,11,dijkstra,rota sem recarga possivel
15,22,7-1,longo,16,dfs,rota sem recarga possivel
15,22,8-10,curto,19,dfs,rota sem recarga possivel
15,22,8-10,curto,19,bfs,rota sem recarga possivel
15,22,8-10,curto,19,dijkstra,rota sem recarga possivel
15,22,8-10,medio,32,dfs,rota sem recarga possivel
15,22,8-10,medio,32,bfs,rota sem recarga possivel
15,22,8-10,medio,32,dijkstra,rota sem recarga possivel
15,22,8-10,longo,48,dfs,rota sem recarga possivel
15,22,8-10,longo,48,bfs,rota sem recarga possivel
15,22,0-6,curto,17,dfs,rota sem recarga possivel
15,22,0-6,curto,17,bfs,rota sem recarga possivel
15,22,0-6,curto,17,dijkstra,rota sem recarga possivel
15,22,0-6,medio,29,dfs,rota sem recarga possivel
15,22,0-6,medio,29,bfs,rota sem recarga possivel
15,22,0-6,medio,29,dijkstra,rota sem recarga possivel
15,22,0-6,longo,44,dfs,rota sem recarga possivel
15,22,0-6,longo,44,bfs,rota sem recarga possivel
15,22,13-12,curto,25,dfs,rota sem recarga possivel
15,22,13-12,curto,25,bfs,rota sem recarga possivel
15,22,13-12,curto,25,dijkstra,rota sem recarga possivel
15,22,13-12,medio,42,dfs,rota sem recarga possivel
15,22,13-12,medio,42,bfs,rota sem recarga possivel
15,22,13-12,medio,42,dijkstra,rota sem recarga possivel
15,22,13-12,longo,62,dfs,rota sem recarga possivel
15,22,7-12,curto,16,dfs,rota sem recarga possivel
15,22,7-12,curto,16,bfs,rota sem recarga possivel
15,22,7-12,curto,16,dijkstra,rota sem recarga possivel
15,22,7-12,medio,26,dfs,rota sem recarga possivel
15,22,7-12,medio,26,bfs,rota sem recarga possivel
15,22,12-3,curto,28,dfs,rota sem recarga possivel
15,22,12-3,curto,28,bfs,rota sem recarga possivel
15,22,12-3,curto,28,dijkstra,rota sem recarga possivel
15,22,12-3,medio,46,dfs,rota sem recarga possivel
15,22,12-3,medio,46,bfs,rota sem recarga possivel
15,22,12-3,medio,46,dijkstra,rota sem recarga possivel
15,22,12-3,longo,70,dfs,rota sem recarga possivel
15,22,12-3,longo,70,bfs,rota sem recarga possivel
15,22,8-7,curto,18,dfs,rota sem recarga possivel
15,22,8-7,curto,18,bfs,rota sem recarga possivel
15,22,8-7,curto,18,dijkstra,rota sem recarga possivel
15,22,8-7,medio,30,dfs,rota sem recarga possivel
15,22,8-7,medio,30,bfs,rota sem recarga possivel
15,22,8-7,medio,30,dijkstra,rota sem recarga possivel
15,22,8-7,longo,46,dfs,rota sem recarga possivel
15,22,8-7,longo,46,bfs,rota sem recarga possivel
15,23,,,,,origem sem componente alcancavel sem surf
15,24,11-4,curto,16,dfs,rota sem recarga possivel
15,24,11-4,curto,16,bfs,rota sem recarga possivel
15,24,11-4,curto,16,dijkstra,rota sem recarga possivel
15,24,11-4,medio,26,dfs,rota sem recarga possivel
15,24,11-4,medio,26,bfs,rota sem recarga possivel
15,24,11-4,longo,40,dfs,rota sem recarga possivel
15,24,2-12,curto,21,dfs,rota sem recarga possivel
15,24,2-12,curto,21,bfs,rota sem recarga possivel
15,24,2-12,curto,21,dijkstra,rota sem recarga possivel
15,24,6-1,curto,18,dfs,rota sem recarga possivel
15,24,6-1,curto,18,bfs,rota sem recarga possivel
15,24,6-1,curto,18,dijkstra,rota sem recarga possivel
15,24,6-1,medio,30,dfs,rota sem recarga possivel
15,24,6-1,medio,30,bfs,rota sem recarga possivel
15,24,6-1,longo,44,dfs,rota sem recarga possivel
15,24,10-7,curto,17,dfs,rota sem recarga possivel
15,24,10-7,curto,17,bfs,rota sem recarga possivel
15,24,10-7,medio,28,dfs,rota sem recarga possivel
15,24,10-7,medio,28,bfs,rota sem recarga possivel
15,24,10-7,longo,43,dfs,rota sem recarga possivel
15,24,10-4,curto,15,dfs,rota sem recarga possivel
15,24,10-4,curto,15,bfs,rota sem recarga possivel
15,24,10-4,curto,15,dijkstra,rota sem recarga possivel
15,24,10-4,medio,25,dfs,rota sem recarga possivel
15,24,10-4,medio,25,bfs,rota sem recarga possivel
15,24,10-4,longo,38,dfs,rota sem recarga possivel
15,24,12-9,curto,23,dfs,rota sem recarga possivel
15,24,12-9,curto,23,bfs,rota sem recarga possivel
15,24,12-9,medio,38,dfs,rota sem recarga possivel
15,24,12-9,longo,58,dfs,rota sem recarga possivel
15,24,8-7,curto,20,dfs,rota sem recarga possivel
15,24,8-7,curto,20,bfs,rota sem recarga possivel
15,24,8-7,medio,34,dfs,rota sem recarga possivel
15,24,8-7,longo,50,dfs,rota sem recarga possivel
15,24,1-2,curto,2,dfs,rota sem recarga possivel
15,24,1-2,curto,2,bfs,rota sem recarga possivel
15,24,1-2,curto,2,dijkstra,rota sem recarga possivel
15,24,1-2,medio,2,dfs,rota sem recarga possivel
15,24,1-2,medio,2,bfs,rota sem recarga possivel
15,24,1-2,medio,2,dijkstra,rota sem recarga possivel
15,24,1-2,longo,4,dfs,rota sem recarga possivel
15,24,1-2,longo,4,bfs,rota sem recarga possivel
15,24,1-2,longo,4,dijkstra,rota sem recarga possivel
15,24,10-8,curto,20,dfs,rota sem recarga possivel
15,24,10-8,curto,20,bfs,rota sem recarga possivel
15,24,10-8,medio,33,dfs,rota sem recarga possivel
15,24,10-8,medio,33,bfs,rota sem recarga possivel
15,24,10-8,longo,50,dfs,rota sem recarga possivel
15,24,10-13,curto,28,dfs,rota sem recarga possivel
15,24,10-13,curto,28,bfs,rota sem recarga possivel
15,24,10-13,curto,28,dijkstra,rota sem recarga possivel
15,24,10-13,medio,46,dfs,rota sem recarga possivel
15,24,10-13,longo,70,dfs,rota sem recarga possivel
15,25,1-1,curto,1,dfs,rota sem recarga possivel
15,25,1-1,curto,1,bfs,rota sem recarga possivel
15,25,1-1,curto,1,dijkstra,rota sem recarga possivel
15,25,1-1,medio,2,dfs,rota sem recarga possivel
15,25,1-1,medio,2,bfs,rota sem recarga possivel
15,25,1-1,medio,2,dijkstra,rota sem recarga possivel
15,25,1-1,longo,3,dfs,rota sem recarga possivel
15,25,1-1,longo,3,bfs,rota sem recarga possivel
15,25,1-1,longo,3,dijkstra,rota sem recarga possivel
15,25,0-1,curto,1,dfs,rota sem recarga possivel
15,25,0-1,curto,1,bfs,rota sem recarga possivel
15,25,0-1,curto,1,dijkstra,rota sem recarga possivel
15,25,0-1,medio,2,dfs,rota sem recarga possivel
15,25,0-1,medio,2,bfs,rota sem recarga possivel
15,25,0-1,medio,2,dijkstra,rota sem recarga possivel
15,25,0-1,longo,2,dfs,rota sem recarga possivel
15,25,0-1,longo,2,bfs,rota sem recarga possivel
15,25,0-1,longo,2,dijkstra,rota sem recarga possivel
15,26,14-8,curto,19,dfs,rota sem recarga possivel
15,26,14-8,curto,19,bfs,rota sem recarga possivel
15,26,14-8,curto,19,dijkstra,rota sem recarga possivel
15,26,14-8,medio,32,dfs,rota sem recarga possivel
15,26,14-8,longo,48,dfs,rota sem recarga possivel
15,26,14-2,curto,19,dfs,rota sem recarga possivel
15,26,14-2,curto,19,bfs,rota sem recarga possivel
15,26,14-2,curto,19,dijkstra,rota sem recarga possivel
15,26,14-2,medio,32,dfs,rota sem recarga possivel
15,26,14-2,medio,32,bfs,rota sem recarga possivel
15,26,14-2,medio,32,dijkstra,rota sem recarga possivel
15,26,14-2,longo,48,dfs,rota sem recarga possivel
15,26,14-2,longo,48,bfs,rota sem recarga possivel
15,26,14-2,longo,48,dijkstra,rota sem recarga possivel
15,26,3-11,curto,22,dfs,rota sem recarga possivel
15,26,3-11,curto,22,bfs,rota sem recarga possivel
15,26,3-11,curto,22,dijkstra,rota sem recarga possivel
15,26,3-11,medio,37,dfs,rota sem recarga possivel
15,26,3-11,medio,37,bfs,rota sem recarga possivel
15,26,10-10,curto,16,dfs,rota sem recarga possivel
15,26,10-10,curto,16,bfs,rota sem recarga possivel
15,26,10-10,curto,16,dijkstra,rota sem recarga possivel
15,26,10-10,medio,27,dfs,rota sem recarga possivel
15,26,10-10,medio,27,bfs,rota sem recarga possivel
15,26,10-10,medio,27,dijkstra,rota sem recarga possivel
15,26,10-10,longo,40,dfs,rota sem recarga possivel
15,26,4-1,curto,4,dfs,rota sem recarga possivel
15,26,4-1,curto,4,bfs,rota sem recarga possivel
15,26,4-1,curto,4,dijkstra,rota sem recarga possivel
15,26,4-1,medio,8,dfs,rota sem recarga possivel
15,26,4-1,medio,8,bfs,rota sem recarga possivel
15,26,4-1,medio,8,dijkstra,rota sem recarga possivel
15,26,4-1,longo,11,dfs,rota sem recarga possivel
15,26,4-1,longo,11,bfs,rota sem recarga possivel
15,26,4-1,longo,11,dijkstra,rota sem recarga possivel
15,26,1-14,curto,28,dfs,rota sem recarga possivel
15,26,1-14,curto,28,bfs,rota sem recarga possivel
15,26,1-14,curto,28,dijkstra,rota sem recarga possivel
15,26,5-9,curto,13,dfs,rota sem recarga possivel
15,26,5-9,curto,13,bfs,rota sem recarga possivel
15,26,5-9,curto,13,dijkstra,rota sem recarga possivel
15,26,3-7,curto,7,dfs,rota sem recarga possivel
15,26,3-7,curto,7,bfs,rota sem recarga possivel
15,26,3-7,curto,7,dijkstra,rota sem recarga possivel
15,26,3-7,medio,12,dfs,rota sem recarga possivel
15,26,3-7,medio,12,bfs,rota sem recarga possivel
15,26,3-7,medio,12,dijkstra,rota sem recarga possivel
15,26,3-7,longo,18,dfs,rota sem recarga possivel
15,26,3-7,longo,18,bfs,rota sem recarga possivel
15,26,3-7,longo,18,dijkstra,rota sem recarga possivel
15,26,13-14,curto,24,dfs,rota sem recarga possivel
15,26,13-14,curto,24,bfs,rota sem recarga possivel
15,26,13-14,curto,24,dijkstra,rota sem recarga possivel
15,26,13-14,medio,40,dfs,rota sem recarga possivel
15,26,13-14,longo,61,dfs,rota sem recarga possivel
15,26,13-4,curto,18,dfs,rota sem recarga possivel
15,26,13-4,curto,18,bfs,rota sem recarga possivel
15,26,13-4,curto,18,dijkstra,rota sem recarga possivel
15,26,13-4,medio,30,dfs,rota sem recarga possivel
15,26,13-4,longo,44,dfs,rota sem recarga possivel
15,27,1-0,curto,1,dfs,rota sem recarga possivel
15,27,1-0,curto,1,bfs,rota sem recarga possivel
15,27,1-0,curto,1,dijkstra,rota sem recarga possivel
15,27,1-0,medio,2,dfs,rota sem recarga possivel
15,27,1-0,medio,2,bfs,rota sem recarga possivel
15,27,1-0,medio,2,dijkstra,rota sem recarga possivel
15,27,1-0,longo,2,dfs,rota sem recarga possivel
15,27,1-0,longo,2,bfs,rota sem recarga possivel
15,27,1-0,longo,2,dijkstra,rota sem recarga possivel
15,28,0-3,curto,2,dfs,rota sem recarga possivel
15,28,0-3,curto,2,bfs,rota sem recarga possivel
15,28,0-3,curto,2,dijkstra,rota sem recarga possivel
15,28,0-3,medio,2,dfs,rota sem recarga possivel
15,28,0-3,medio,2,bfs,rota sem recarga possivel
15,28,0-3,medio,2,dijkstra,rota sem recarga possivel
15,28,0-3,longo,4,dfs,rota sem recarga possivel
15,28,0-3,longo,4,bfs,rota sem recarga possivel
15,28,0-3,longo,4,dijkstra,rota sem recarga possivel
15,28,12-10,curto,16,dfs,rota sem recarga possivel
15,28,12-10,curto,16,bfs,rota sem recarga possivel
15,28,12-10,curto,16,dijkstra,rota sem recarga possivel
15,28,12-10,medio,26,dfs,rota sem recarga possivel
15,28,12-10,medio,26,bfs,rota sem recarga possivel
15,28,12-10,medio,26,dijkstra,rota sem recarga possivel
15,28,0-13,curto,33,dfs,rota sem recarga possivel
15,28,0-13,curto,33,bfs,rota sem recarga possivel
15,28,0-13,curto,33,dijkstra,rota sem recarga possivel
15,28,0-13,medio,54,dfs,rota sem recarga possivel
15,28,0-13,medio,54,bfs,rota sem recarga possivel
15,28,5-1,curto,5,dfs,rota sem recarga possivel
15,28,5-1,curto,5,bfs,rota sem recarga possivel
15,28,5-1,curto,5,dijkstra,rota sem recarga possivel
15,28,5-1,medio,8,dfs,rota sem recarga possivel
15,28,5-1,medio,8,bfs,rota sem recarga possivel
15,28,5-1,medio,8,dijkstra,rota sem recarga possivel
15,28,5-1,longo,12,dfs,rota sem recarga possivel
15,28,5-1,longo,12,bfs,rota sem recarga possivel
15,28,5-1,longo,12,dijkstra,rota sem recarga possivel
15,28,6-13,curto,21,dfs,rota sem recarga possivel
15,28,6-13,curto,21,bfs,rota sem recarga possivel
15,28,6-13,curto,21,dijkstra,rota sem recarga possivel
15,28,12-6,curto,11,dfs,rota sem recarga possivel
15,28,12-6,curto,11,bfs,rota sem recarga possivel
15,28,12-6,curto,11,dijkstra,rota sem recarga possivel
15,28,12-6,medio,18,dfs,rota sem recarga possivel
15,28,12-6,medio,18,bfs,rota sem recarga possivel
15,28,1-12,curto,33,dfs,rota sem recarga possivel
15,28,1-12,curto,33,bfs,rota sem recarga possivel
15,28,1-12,curto,33,dijkstra,rota sem recarga possivel
15,28,8-1,curto,4,dfs,rota sem recarga possivel
15,28,8-1,curto,4,bfs,rota sem recarga possivel
15,28,8-1,curto,4,dijkstra,rota sem recarga possivel
15,28,8-1,medio,8,dfs,rota sem recarga possivel
15,28,8-1,medio,8,bfs,rota sem recarga possivel
15,28,8-1,medio,8,dijkstra,rota sem recarga possivel
15,28,8-1,longo,11,dfs,rota sem recarga possivel
15,28,8-1,longo,11,bfs,rota sem recarga possivel
15,28,8-1,longo,11,dijkstra,rota sem recarga possivel
15,28,10-5,curto,8,dfs,rota sem recarga possivel
15,28,10-5,curto,8,bfs,rota sem recarga possivel
15,28,10-5,curto,8,dijkstra,rota sem recarga possivel
15,28,10-5,medio,12,dfs,rota sem recarga possivel
15,28,10-5,medio,12,bfs,rota sem recarga possivel
15,28,10-5,longo,19,dfs,rota sem recarga possivel
15,28,10-5,longo,19,bfs,rota sem recarga possivel
15,28,7-10,curto,19,dfs,rota sem recarga possivel
15,28,7-10,curto,19,bfs,rota sem recarga possivel
15,28,7-10,curto,19,dijkstra,rota sem recarga possivel
15,28,7-10,medio,32,dfs,rota sem recarga possivel
15,28,7-10,medio,32,bfs,rota sem recarga possivel
15,29,1-1,curto,3,dfs,rota sem recarga possivel
15,29,1-1,curto,3,bfs,rota sem recarga possivel
15,29,1-1,curto,3,dijkstra,rota sem recarga possivel
15,29,1-1,medio,5,dfs,rota sem recarga possivel
15,29,1-1,medio,5,bfs,rota sem recarga possivel
15,29,1-1,medio,5,dijkstra,rota sem recarga possivel
15,29,1-1,longo,8,dfs,rota sem recarga possivel
15,29,1-1,longo,8,bfs,rota sem recarga possivel
15,29,1-1,longo,8,dijkstra,rota sem recarga possivel
30,0,,,,,origem sem componente alcancavel sem surf
30,1,7-6,curto,20,dfs,rota sem recarga possivel
30,1,7-6,curto,20,bfs,rota sem recarga possivel
30,1,7-6,curto,20,dijkstra,rota sem recarga possivel
30,1,7-6,medio,34,dfs,rota sem recarga possivel
30,1,7-6,medio,34,bfs,rota sem recarga possivel
30,1,7-6,medio,34,dijkstra,rota sem recarga possivel
30,1,7-6,longo,50,dfs,rota sem recarga possivel
30,1,5-4,curto,16,dfs,rota sem recarga possivel
30,1,5-4,curto,16,bfs,rota sem recarga possivel
30,1,5-4,curto,16,dijkstra,rota sem recarga possivel
30,1,5-4,medio,26,dfs,rota sem recarga possivel
30,1,5-4,medio,26,bfs,rota sem recarga possivel
30,1,5-4,medio,26,dijkstra,rota sem recarga possivel
30,1,5-4,longo,40,dfs,rota sem recarga possivel
30,1,5-4,longo,40,bfs,rota sem recarga possivel
30,1,5-4,longo,40,dijkstra,rota sem recarga possivel
30,1,5-3,curto,15,dfs,rota sem recarga possivel
30,1,5-3,curto,15,bfs,rota sem recarga possivel
30,1,5-3,curto,15,dijkstra,rota sem recarga possivel
30,1,5-3,medio,25,dfs,rota sem recarga possivel
30,1,5-3,medio,25,bfs,rota sem recarga possivel
30,1,5-3,medio,25,dijkstra,rota sem recarga possivel
30,1,5-3,longo,38,dfs,rota sem recarga possivel
30,1,5-3,longo,38,bfs,rota sem recarga possivel
30,1,5-3,longo,38,dijkstra,rota sem recarga possivel
30,1,1-12,curto,27,dfs,rota sem recarga possivel
30,1,1-12,curto,27,bfs,rota sem recarga possivel
30,1,1-12,curto,27,dijkstra,rota sem recarga possivel
30,1,1-12,medio,44,dfs,rota sem recarga possivel
30,1,1-12,medio,44,bfs,rota sem recarga possivel
30,1,1-12,medio,44,dijkstra,rota sem recarga possivel
30,1,2-9,curto,19,dfs,rota sem recarga possivel
30,1,2-9,curto,19,bfs,rota sem recarga possivel
30,1,2-9,curto,19,dijkstra,rota sem recarga possivel
30,1,2-9,medio,32,dfs,rota sem recarga possivel
30,1,2-9,medio,32,bfs,rota sem recarga possivel
30,1,2-9,medio,32,dijkstra,rota sem recarga possivel
30,1,9-4,curto,17,dfs,rota sem recarga possivel
30,1,9-4,curto,17,bfs,rota sem recarga possivel
30,1,9-4,curto,17,dijkstra,rota sem recarga possivel
30,1,9-4,medio,28,dfs,rota sem recarga possivel
30,1,9-4,medio,28,bfs,rota sem recarga possivel
30,1,9-4,medio,28,dijkstra,rota sem recarga possivel
30,1,9-4,longo,43,dfs,rota sem recarga possivel
30,1,9-4,longo,43,bfs,rota sem recarga possivel
30,1,9-4,longo,43,dijkstra,rota sem recarga possivel
30,1,6-3,curto,15,dfs,rota sem recarga possivel
30,1,6-3,curto,15,bfs,rota sem recarga possivel
30,1,6-3,curto,15,dijkstra,rota sem recarga possivel
30,1,6-3,medio,26,dfs,rota sem recarga possivel
30,1,6-3,medio,26,bfs,rota sem recarga possivel
30,1,6-3,medio,26,dijkstra,rota sem recarga possivel
30,1,6-3,longo,38,dfs,rota sem recarga possivel
30,1,6-3,longo,38,bfs,rota sem recarga possivel
30,1,6-3,longo,38,dijkstra,rota sem recarga possivel
30,1,8-1,curto,21,dfs,rota sem recarga possivel
30,1,8-1,curto,21,bfs,rota sem recarga possivel
30,1,8-1,curto,21,dijkstra,rota sem recarga possivel
30,1,8-1,medio,36,dfs,rota sem recarga possivel
30,1,8-1,medio,36,bfs,rota sem recarga possivel
30,1,8-1,medio,36,dijkstra,rota sem recarga possivel
30,1,8-1,longo,53,dfs,rota sem recarga possivel
30,1,6-6,curto,21,dfs,rota sem recarga possivel
30,1,6-6,curto,21,bfs,rota sem recarga possivel
30,1,6-6,curto,21,dijkstra,rota sem recarga possivel
30,1,6-6,medio,35,dfs,rota sem recarga possivel
30,1,6-6,medio,35,bfs,rota sem recarga possivel
30,1,6-6,medio,35,dijkstra,rota sem recarga possivel
30,1,6-6,longo,52,dfs,rota sem recarga possivel
30,1,1-1,curto,1,dfs,rota sem recarga possivel
30,1,1-1,curto,1,bfs,rota sem recarga possivel
30,1,1-1,curto,1,dijkstra,rota sem recarga possivel
30,1,1-1,medio,2,dfs,rota sem recarga possivel
30,1,1-1,medio,2,bfs,rota sem recarga possivel
30,1,1-1,medio,2,dijkstra,rota sem recarga possivel
30,1,1-1,longo,3,dfs,rota sem recarga possivel
30,1,1-1,longo,3,bfs,rota sem recarga possivel
30,1,1-1,longo,3,dijkstra,rota sem recarga possivel
30,2,,,,,origem sem componente alcancavel sem surf
30,3,11-3,curto,33,dfs,rota sem recarga possivel
30,3,11-3,curto,33,bfs,rota sem recarga possivel
30,3,11-3,curto,33,dijkstra,rota sem recarga possivel
30,3,11-3,medio,55,dfs,rota sem recarga possivel
30,3,11-3,medio,55,bfs,rota sem recarga possivel
30,3,11-0,curto,31,dfs,rota sem recarga possivel
30,3,11-0,curto,31,bfs,rota sem recarga possivel
30,3,11-0,curto,31,dijkstra,rota sem recarga possivel
30,3,11-0,medio,52,dfs,rota sem recarga possivel
30,3,11-0,medio,52,bfs,rota sem recarga possivel
30,3,14-15,curto,34,dfs,rota sem recarga possivel
30,3,14-15,curto,34,bfs,rota sem recarga possivel
30,3,14-15,curto,34,dijkstra,rota sem recarga possivel
30,3,14-15,medio,56,dfs,rota sem recarga possivel
30,3,14-15,medio,56,bfs,rota sem recarga possivel
30,3,28-20,curto,55,dfs,rota sem recarga possivel
30,3,28-20,curto,55,bfs,rota sem recarga possivel
30,3,19-26,curto,44,dfs,rota sem recarga possivel
30,3,19-26,curto,44,bfs,rota sem recarga possivel
30,3,19-21,curto,41,dfs,rota sem recarga possivel
30,3,19-21,curto,41,bfs,rota sem recarga possivel
30,3,11-6,curto,25,dfs,rota sem recarga possivel
30,3,11-6,curto,25,bfs,rota sem recarga possivel
30,3,11-6,curto,25,dijkstra,rota sem recarga possivel
30,3,11-6,medio,42,dfs,rota sem recarga possivel
30,3,11-6,medio,42,bfs,rota sem recarga possivel
30,3,11-6,medio,42,dijkstra,rota sem recarga possivel
30,3,11-6,longo,62,dfs,rota sem recarga possivel
30,3,11-6,longo,62,bfs,rota sem recarga possivel
30,3,4-0,curto,7,dfs,rota sem recarga possivel
30,3,4-0,curto,7,bfs,rota sem recarga possivel
30,3,4-0,curto,7,dijkstra,rota sem recarga possivel
30,3,4-0,medio,12,dfs,rota sem recarga possivel
30,3,4-0,medio,12,bfs,rota sem recarga possivel
30,3,4-0,medio,12,dijkstra,rota sem recarga possivel
30,3,4-0,longo,18,dfs,rota sem recarga possivel
30,3,4-0,longo,18,bfs,rota sem recarga possivel
30,3,4-0,longo,18,dijkstra,rota sem recarga possivel
30,3,13-25,curto,38,dfs,rota sem recarga possivel
30,3,13-25,curto,38,bfs,rota sem recarga possivel
30,3,13-25,curto,38,dijkstra,rota sem recarga possivel
30,3,13-25,medio,64,dfs,rota sem recarga possivel
30,4,25-25,curto,65,dfs,rota sem recarga possivel
30,4,25-25,curto,65,bfs,rota sem recarga possivel
30,4,25-25,medio,109,bfs,rota sem recarga possivel
30,4,3-23,curto,44,dfs,rota sem recarga possivel
30,4,3-23,curto,44,bfs,rota sem recarga possivel
30,4,3-23,curto,44,dijkstra,rota sem recarga possivel
30,4,17-2,curto,32,dfs,rota sem recarga possivel
30,4,17-2,curto,32,bfs,rota sem recarga possivel
30,4,17-2,curto,32,dijkstra,rota sem recarga possivel
30,4,17-2,medio,52,dfs,rota sem recarga possivel
30,4,17-2,longo,79,dfs,rota sem recarga possivel
30,4,12-20,curto,55,dfs,rota sem recarga possivel
30,4,12-20,curto,55,bfs,rota sem recarga possivel
30,4,12-20,curto,55,dijkstra,rota sem recarga possivel
30,4,12-20,medio,91,dfs,rota sem recarga possivel
30,4,12-20,medio,91,bfs,rota sem recarga possivel
30,4,12-20,medio,91,dijkstra,rota sem recarga possivel
30,4,24-7,curto,47,dfs,rota sem recarga possivel
30,4,24-7,curto,47,bfs,rota sem recarga possivel
30,4,24-7,curto,47,dijkstra,rota sem recarga possivel
30,4,24-7,medio,78,dfs,rota sem recarga possivel
30,4,24-7,medio,78,bfs,rota sem recarga possivel
30,4,23-21,curto,63,dfs,rota sem recarga possivel
30,4,23-21,curto,63,bfs,rota sem recarga possivel
30,4,23-21,medio,105,dfs,rota sem recarga possivel
30,4,23-21,medio,105,bfs,rota sem recarga possivel
30,4,4-5,curto,10,dfs,rota sem recarga possivel
30,4,4-5,curto,10,bfs,rota sem recarga possivel
30,4,4-5,curto,10,dijkstra,rota sem recarga possivel
30,4,4-5,medio,16,dfs,rota sem recarga possivel
30,4,4-5,medio,16,bfs,rota sem recarga possivel
30,4,4-5,medio,16,dijkstra,rota sem recarga possivel
30,4,4-5,longo,25,dfs,rota sem recarga possivel
30,4,20-28,curto,67,dfs,rota sem recarga possivel
30,4,20-28,curto,67,bfs,rota sem recarga possivel
30,4,20-28,medio,112,bfs,rota sem recarga possivel
30,4,2-5,curto,5,dfs,rota sem recarga possivel
30,4,2-5,curto,5,bfs,rota sem recarga possivel
30,4,2-5,curto,5,dijkstra,rota sem recarga possivel
30,4,2-5,medio,8,dijkstra,rota sem recarga possivel
30,4,16-12,curto,37,dfs,rota sem recarga possivel
30,4,16-12,curto,37,bfs,rota sem recarga possivel
30,4,16-12,curto,37,dijkstra,rota sem recarga possivel
30,4,16-12,medio,62,dfs,rota sem recarga possivel
30,4,16-12,medio,62,bfs,rota sem recarga possivel
30,4,16-12,longo,93,dfs,rota sem recarga possivel
30,5,,,,,origem sem componente alcancavel sem surf
30,6,16-14,curto,24,dfs,rota sem recarga possivel
30,6,16-14,curto,24,bfs,rota sem recarga possivel
30,6,16-14,curto,24,dijkstra,rota sem recarga possivel
30,6,16-14,medio,40,dfs,rota sem recarga possivel
30,6,16-14,medio,40,bfs,rota sem recarga possivel
30,6,16-14,medio,40,dijkstra,rota sem recarga possivel
30,6,16-14,longo,60,dfs,rota sem recarga possivel
30,6,16-14,longo,60,bfs,rota sem recarga possivel
30,6,20-19,curto,50,dfs,rota sem recarga possivel
30,6,20-19,curto,50,bfs,rota sem recarga possivel
30,6,20-19,curto,50,dijkstra,rota sem recarga possivel
30,6,20-19,medio,84,bfs,rota sem recarga possivel
30,6,1-26,curto,45,dfs,rota sem recarga possivel
30,6,5-12,curto,18,dfs,rota sem recarga possivel
30,6,5-12,curto,18,bfs,rota sem recarga possivel
30,6,5-12,curto,18,dijkstra,rota sem recarga possivel
30,6,5-12,medio,30,dfs,rota sem recarga possivel
30,6,5-12,medio,30,bfs,rota sem recarga possivel
30,6,5-12,longo,44,dfs,rota sem recarga possivel
30,6,25-20,curto,43,dfs,rota sem recarga possivel
30,6,25-20,curto,43,bfs,rota sem recarga possivel
30,6,5-26,curto,40,dfs,rota sem recarga possivel
30,6,5-26,curto,40,bfs,rota sem recarga possivel
30,6,27-19,curto,46,dfs,rota sem recarga possivel
30,6,27-19,curto,46,bfs,rota sem recarga possivel
30,6,27-19,curto,46,dijkstra,rota sem recarga possivel
30,6,5-2,curto,6,dfs,rota sem recarga possivel
30,6,5-2,curto,6,bfs,rota sem recarga possivel
30,6,5-2,curto,6,dijkstra,rota sem recarga possivel
30,6,5-2,medio,10,dfs,rota sem recarga possivel
30,6,5-2,medio,10,bfs,rota sem recarga possivel
30,6,5-2,medio,10,dijkstra,rota sem recarga possivel
30,6,5-2,longo,16,dfs,rota sem recarga possivel
30,6,5-2,longo,16,bfs,rota sem recarga possivel
30,6,3-3,curto,5,dfs,rota sem recarga possivel
30,6,3-3,curto,5,bfs,rota sem recarga possivel
30,6,3-3,curto,5,dijkstra,rota sem recarga possivel
30,6,3-3,medio,8,dfs,rota sem recarga possivel
30,6,3-3,medio,8,bfs,rota sem recarga possivel
30,6,3-3,medio,8,dijkstra,rota sem recarga possivel
30,6,11-4,curto,12,dfs,rota sem recarga possivel
30,6,11-4,curto,12,bfs,rota sem recarga possivel
30,6,11-4,curto,12,dijkstra,rota sem recarga possivel
30,6,11-4,medio,20,dfs,rota sem recarga possivel
30,6,11-4,medio,20,bfs,rota sem recarga possivel
30,6,11-4,medio,20,dijkstra,rota sem recarga possivel
30,6,11-4,longo,29,dfs,rota sem recarga possivel
30,6,11-4,longo,29,bfs,rota sem recarga possivel
30,6,11-4,longo,29,dijkstra,rota sem recarga possivel
30,8,,,,,origem sem componente alcancavel sem surf
30,9,3-0,curto,4,dfs,rota sem recarga possivel
30,9,3-0,curto,4,bfs,rota sem recarga possivel
30,9,3-0,curto,4,dijkstra,rota sem recarga possivel
30,9,4-26,curto,55,dfs,rota sem recarga possivel
30,9,4-26,curto,55,bfs,rota sem recarga possivel
30,9,4-26,curto,55,dijkstra,rota sem recarga possivel
30,9,4-26,medio,91,dfs,rota sem recarga possivel
30,9,13-3,curto,41,dfs,rota sem recarga possivel
30,9,13-3,curto,41,bfs,rota sem recarga possivel
30,9,13-3,curto,41,dijkstra,rota sem recarga possivel
30,9,13-3,medio,69,dfs,rota sem recarga possivel
30,9,27-15,curto,77,dfs,rota sem recarga possivel
30,9,27-15,curto,77,bfs,rota sem recarga possivel
30,9,9-13,curto,23,dfs,rota sem recarga possivel
30,9,9-13,curto,23,bfs,rota sem recarga possivel
30,9,9-13,curto,23,dijkstra,rota sem recarga possivel
30,9,9-13,medio,38,dfs,rota sem recarga possivel
30,9,9-13,medio,38,bfs,rota sem recarga possivel
30,9,9-13,longo,57,dfs,rota sem recarga possivel
30,9,11-26,curto,110,dfs,rota sem recarga possivel
30,9,11-26,curto,110,bfs,rota sem recarga possivel
30,9,22-2,curto,52,dfs,rota sem recarga possivel
30,9,22-2,curto,52,bfs,rota sem recarga possivel
30,9,22-2,medio,87,dfs,rota sem recarga possivel
30,9,28-2,curto,59,dfs,rota sem recarga possivel
30,9,28-2,curto,59,bfs,rota sem recarga possivel
30,9,28-2,medio,98,dfs,rota sem recarga possivel
30,9,11-21,curto,112,dfs,rota sem recarga possivel
30,9,11-21,curto,112,bfs,rota sem recarga possivel
30,9,9-7,curto,32,dfs,rota sem recarga possivel
30,9,9-7,curto,32,bfs,rota sem recarga possivel
30,9,9-7,curto,32,dijkstra,rota sem recarga possivel
30,9,9-7,medio,53,dfs,rota sem recarga possivel
30,9,9-7,medio,53,bfs,rota sem recarga possivel
30,9,9-7,longo,80,dfs,rota sem recarga possivel
30,10,22-0,curto,32,dfs,rota sem recarga possivel
30,10,22-0,curto,32,bfs,rota sem recarga possivel
30,10,22-0,curto,32,dijkstra,rota sem recarga possivel
30,10,22-0,medio,54,dfs,rota sem recarga possivel
30,10,22-0,medio,54,bfs,rota sem recarga possivel
30,10,22-0,longo,81,dfs,rota sem recarga possivel
30,10,17-6,curto,21,dfs,rota sem recarga possivel
30,10,17-6,curto,21,bfs,rota sem recarga possivel
30,10,17-6,curto,21,dijkstra,rota sem recarga possivel
30,10,17-6,medio,34,dfs,rota sem recarga possivel
30,10,17-6,medio,34,bfs,rota sem recarga possivel
30,10,17-6,medio,34,dijkstra,rota sem recarga possivel
30,10,17-6,longo,52,dfs,rota sem recarga possivel
30,10,17-6,longo,52,bfs,rota sem recarga possivel
30,10,22-12,curto,38,dfs,rota sem recarga possivel
30,10,22-12,curto,38,bfs,rota sem recarga possivel
30,10,22-12,medio,63,dfs,rota sem recarga possivel
30,10,22-12,longo,94,dfs,rota sem recarga possivel
30,10,7-26,curto,36,dfs,rota sem recarga possivel
30,10,7-26,curto,36,bfs,rota sem recarga possivel
30,10,7-26,curto,36,dijkstra,rota sem recarga possivel
30,10,7-26,medio,60,dfs,rota sem recarga possivel
30,10,7-26,medio,60,bfs,rota sem recarga possivel
30,10,20-20,curto,43,dfs,rota sem recarga possivel
30,10,20-20,curto,43,bfs,rota sem recarga possivel
30,10,20-20,curto,43,dijkstra,rota sem recarga possivel
30,10,20-20,medio,72,dfs,rota sem recarga possivel
30,10,20-20,medio,72,bfs,rota sem recarga possivel
30,10,20-20,longo,108,dfs,rota sem recarga possivel
30,10,20-20,longo,108,bfs,rota sem recarga possivel
30,10,17-12,curto,28,dfs,rota sem recarga possivel
30,10,17-12,curto,28,bfs,rota sem recarga possivel
30,10,17-12,curto,28,dijkstra,rota sem recarga possivel
30,10,17-12,medio,48,dfs,rota sem recarga possivel
30,10,17-12,longo,71,dfs,rota sem recarga possivel
30,10,18-7,curto,20,dfs,rota sem recarga possivel
30,10,18-7,curto,20,bfs,rota sem recarga possivel
30,10,18-7,curto,20,dijkstra,rota sem recarga possivel
30,10,18-7,medio,34,dfs,rota sem recarga possivel
30,10,18-7,medio,34,bfs,rota sem recarga possivel
30,10,18-7,medio,34,dijkstra,rota sem recarga possivel
30,10,18-7,longo,50,dfs,rota sem recarga possivel
30,10,18-7,longo,50,bfs,rota sem recarga possivel
30,10,25-6,curto,27,dfs,rota sem recarga possivel
30,10,25-6,curto,27,bfs,rota sem recarga possivel
30,10,25-6,curto,27,dijkstra,rota sem recarga possivel
30,10,25-6,medio,44,dfs,rota sem recarga possivel
30,10,25-6,medio,44,bfs,rota sem recarga possivel
30,10,25-6,longo,67,dfs,rota sem recarga possivel
30,10,25-3,curto,31,dfs,rota sem recarga possivel
30,10,25-3,curto,31,bfs,rota sem recarga possivel
30,10,25-3,curto,31,dijkstra,rota sem recarga possivel
30,10,25-3,medio,52,dfs,rota sem recarga possivel
30,10,25-3,medio,52,bfs,rota sem recarga possivel
30,10,25-3,longo,78,dfs,rota sem recarga possivel
30,10,25-29,curto,53,dfs,rota sem recarga possivel
30,10,25-29,curto,53,bfs,rota sem recarga possivel
30,10,25-29,medio,89,dfs,rota sem recarga possivel
30,10,25-29,medio,89,bfs,rota sem recarga possivel
30,10,25-29,longo,134,dfs,rota sem recarga possivel
30,10,25-29,longo,134,bfs,rota sem recarga possivel
30,11,15-10,curto,36,dfs,rota sem recarga possivel
30,11,15-10,curto,36,bfs,rota sem recarga possivel
30,11,15-10,curto,36,dijkstra,rota sem recarga possivel
30,11,15-10,medio,60,dfs,rota sem recarga possivel
30,11,15-10,medio,60,bfs,rota sem recarga possivel
30,11,15-10,longo,91,dfs,rota sem recarga possivel
30,11,15-10,longo,91,bfs,rota sem recarga possivel
30,11,22-20,curto,56,dfs,rota sem recarga possivel
30,11,22-20,curto,56,bfs,rota sem recarga possivel
30,11,22-20,curto,56,dijkstra,rota sem recarga possivel
30,11,22-20,medio,93,dfs,rota sem recarga possivel
30,11,19-23,curto,53,dfs,rota sem recarga possivel
30,11,19-23,curto,53,bfs,rota sem recarga possivel
30,11,19-23,curto,53,dijkstra,rota sem recarga possivel
30,11,19-23,medio,88,dfs,rota sem recarga possivel
30,11,27-17,curto,61,dfs,rota sem recarga possivel
30,11,27-17,curto,61,bfs,rota sem recarga possivel
30,11,27-17,medio,102,dfs,rota sem recarga possivel
30,11,15-0,curto,49,dfs,rota sem recarga possivel
30,11,15-0,curto,49,bfs,rota sem recarga possivel
30,11,15-0,curto,49,dijkstra,rota sem recarga possivel
30,11,15-0,medio,82,dfs,rota sem recarga possivel
30,11,20-10,curto,38,dfs,rota sem recarga possivel
30,11,20-10,curto,38,bfs,rota sem recarga possivel
30,11,20-10,curto,38,dijkstra,rota sem recarga possivel
30,11,20-10,medio,64,dfs,rota sem recarga possivel
30,11,20-10,medio,64,bfs,rota sem recarga possivel
30,11,20-10,longo,96,dfs,rota sem recarga possivel
30,11,20-10,longo,96,bfs,rota sem recarga possivel
30,11,12-8,curto,34,dfs,rota sem recarga possivel
30,11,12-8,curto,34,bfs,rota sem recarga possivel
30,11,12-8,curto,34,dijkstra,rota sem recarga possivel
30,11,12-8,medio,57,dfs,rota sem recarga possivel
30,11,12-8,medio,57,bfs,rota sem recarga possivel
30,11,12-8,longo,86,dfs,rota sem recarga possivel
30,11,26-29,curto,68,dfs,rota sem recarga possivel
30,11,26-29,medio,112,dfs,rota sem recarga possivel
30,11,17-6,curto,39,dfs,rota sem recarga possivel
30,11,17-6,curto,39,bfs,rota sem recarga possivel
30,11,17-6,curto,39,dijkstra,rota sem recarga possivel
30,11,17-6,medio,66,dfs,rota sem recarga possivel
30,11,17-6,longo,98,dfs,rota sem recarga possivel
30,11,25-22,curto,59,dfs,rota sem recarga possivel
30,11,25-22,curto,59,bfs,rota sem recarga possivel
30,11,25-22,medio,98,dfs,rota sem recarga possivel
30,12,18-2,curto,23,dfs,rota sem recarga possivel
30,12,18-2,curto,23,bfs,rota sem recarga possivel
30,12,18-2,curto,23,dijkstra,rota sem recarga possivel
30,12,18-2,medio,38,dfs,rota sem recarga possivel
30,12,18-2,medio,38,bfs,rota sem recarga possivel
30,12,18-2,medio,38,dijkstra,rota sem recarga possivel
30,12,18-2,longo,57,dfs,rota sem recarga possivel
30,12,18-2,longo,57,bfs,rota sem recarga possivel
30,12,1-29,curto,80,dfs,rota sem recarga possivel
30,12,1-29,curto,80,bfs,rota sem recarga possivel
30,12,1-29,curto,80,dijkstra,rota sem recarga possivel
30,12,11-28,curto,54,dfs,rota sem recarga possivel
30,12,11-28,curto,54,bfs,rota sem recarga possivel
30,12,11-28,curto,54,dijkstra,rota sem recarga possivel
30,12,11-28,medio,90,dfs,rota sem recarga possivel
30,12,11-28,medio,90,bfs,rota sem recarga possivel
30,12,11-28,longo,136,dfs,rota sem recarga possivel
30,12,6-11,curto,20,dfs,rota sem recarga possivel
30,12,6-11,curto,20,bfs,rota sem recarga possivel
30,12,6-11,curto,20,dijkstra,rota sem recarga possivel
30,12,6-11,medio,32,dfs,rota sem recarga possivel
30,12,6-11,medio,32,bfs,rota sem recarga possivel
30,12,6-11,medio,32,dijkstra,rota sem recarga possivel
30,12,6-11,longo,49,bfs,rota sem recarga possivel
30,12,6-11,longo,49,dijkstra,rota sem recarga possivel
30,12,14-23,curto,52,dfs,rota sem recarga possivel
30,12,14-23,curto,52,bfs,rota sem recarga possivel
30,12,14-23,curto,52,dijkstra,rota sem recarga possivel
30,12,14-23,medio,86,dfs,rota sem recarga possivel
30,12,14-23,medio,86,bfs,rota sem recarga possivel
30,12,14-23,longo,130,dfs,rota sem recarga possivel
30,12,9-5,curto,10,dfs,rota sem recarga possivel
30,12,9-5,curto,10,bfs,rota sem recarga possivel
30,12,9-5,curto,10,dijkstra,rota sem recarga possivel
30,12,9-5,medio,16,dfs,rota sem recarga possivel
30,12,9-5,medio,16,bfs,rota sem recarga possivel
30,12,9-5,medio,16,dijkstra,rota sem recarga possivel
30,12,9-5,longo,24,dfs,rota sem recarga possivel
30,12,9-5,longo,24,bfs,rota sem recarga possivel
30,12,9-5,longo,24,dijkstra,rota sem recarga possivel
30,12,16-5,curto,23,dfs,rota sem recarga possivel
30,12,16-5,curto,23,bfs,rota sem recarga possivel
30,12,16-5,curto,23,dijkstra,rota sem recarga possivel
30,12,16-5,medio,38,dfs,rota sem recarga possivel
30,12,16-5,medio,38,bfs,rota sem recarga possivel
30,12,16-5,medio,38,dijkstra,rota sem recarga possivel
30,12,16-5,longo,58,dfs,rota sem recarga possivel
30,12,16-5,longo,58,bfs,rota sem recarga possivel
30,12,16-5,longo,58,dijkstra,rota sem recarga possivel
30,12,6-26,curto,55,dfs,rota sem recarga possivel
30,12,6-26,curto,55,bfs,rota sem recarga possivel
30,12,6-26,curto,55,dijkstra,rota sem recarga possivel
30,12,6-26,medio,92,dfs,rota sem recarga possivel
30,12,6-26,medio,92,bfs,rota sem recarga possivel
30,12,6-26,longo,138,dfs,rota sem recarga possivel
30,12,16-7,curto,30,dfs,rota sem recarga possivel
30,12,16-7,curto,30,bfs,rota sem recarga possivel
30,12,16-7,curto,30,dijkstra,rota sem recarga possivel
30,12,16-7,medio,50,dfs,rota sem recarga possivel
30,12,16-7,medio,50,bfs,rota sem recarga possivel
30,12,16-7,medio,50,dijkstra,rota sem recarga possivel
30,12,16-7,longo,76,dfs,rota sem recarga possivel
30,12,16-7,longo,76,bfs,rota sem recarga possivel
30,12,16-7,longo,76,dijkstra,rota sem recarga possivel
30,12,26-8,curto,36,dfs,rota sem recarga possivel
30,12,26-8,curto,36,bfs,rota sem recarga possivel
30,12,26-8,curto,36,dijkstra,rota sem recarga possivel
30,12,26-8,medio,60,dfs,rota sem recarga possivel
30,12,26-8,medio,60,bfs,rota sem recarga possivel
30,12,26-8,medio,60,dijkstra,rota sem recarga possivel
30,12,26-8,longo,90,bfs,rota sem recarga possivel
30,13,4-9,curto,14,dfs,rota sem recarga possivel
30,13,4-9,curto,14,bfs,rota sem recarga possivel
30,13,4-9,curto,14,dijkstra,rota sem recarga possivel
30,13,4-9,medio,24,dfs,rota sem recarga possivel
30,13,4-9,medio,24,bfs,rota sem recarga possivel
30,13,4-9,longo,35,dfs,rota sem recarga possivel
30,13,1-3,curto,7,dfs,rota sem recarga possivel
30,13,1-3,curto,7,bfs,rota sem recarga possivel
30,13,1-3,curto,7,dijkstra,rota sem recarga possivel
30,13,1-3,medio,12,dfs,rota sem recarga possivel
30,13,1-3,medio,12,bfs,rota sem recarga possivel
30,13,1-3,medio,12,dijkstra,rota sem recarga possivel
30,13,1-3,longo,18,dfs,rota sem recarga possivel
30,13,1-3,longo,18,bfs,rota sem recarga possivel
30,13,1-3,longo,18,dijkstra,rota sem recarga possivel
30,13,5-11,curto,19,dfs,rota sem recarga possivel
30,13,5-11,curto,19,bfs,rota sem recarga possivel
30,13,5-11,curto,19,dijkstra,rota sem recarga possivel
30,13,5-11,medio,32,dfs,rota sem recarga possivel
30,13,5-11,medio,32,bfs,rota sem recarga possivel
30,13,5-11,longo,48,dfs,rota sem recarga possivel
30,13,5-11,longo,48,bfs,rota sem recarga possivel
30,13,0-3,curto,4,dfs,rota sem recarga possivel
30,13,0-3,curto,4,bfs,rota sem recarga possivel
30,13,0-3,curto,4,dijkstra,rota sem recarga possivel
30,13,0-3,medio,6,dfs,rota sem recarga possivel
30,13,0-3,medio,6,bfs,rota sem recarga possivel
30,13,0-3,medio,6,dijkstra,rota sem recarga possivel
30,13,0-3,longo,10,dfs,rota sem recarga possivel
30,13,0-3,longo,10,bfs,rota sem recarga possivel
30,13,0-3,longo,10,dijkstra,rota sem recarga possivel
30,13,2-9,curto,12,dfs,rota sem recarga possivel
30,13,2-9,curto,12,bfs,rota sem recarga possivel
30,13,2-9,curto,12,dijkstra,rota sem recarga possivel
30,13,2-9,medio,20,dfs,rota sem recarga possivel
30,13,2-9,medio,20,bfs,rota sem recarga possivel
30,13,2-9,medio,20,dijkstra,rota sem recarga possivel
30,13,1-7,curto,7,dfs,rota sem recarga possivel
30,13,1-7,curto,7,bfs,rota sem recarga possivel
30,13,1-7,curto,7,dijkstra,rota sem recarga possivel
30,13,1-7,medio,11,dfs,rota sem recarga possivel
30,13,1-7,medio,11,bfs,rota sem recarga possivel
30,13,1-7,medio,11,dijkstra,rota sem recarga possivel
30,13,1-7,longo,16,dfs,rota sem recarga possivel
30,13,1-7,longo,16,bfs,rota sem recarga possivel
30,13,1-7,longo,16,dijkstra,rota sem recarga possivel
30,13,2-8,curto,11,dfs,rota sem recarga possivel
30,13,2-8,curto,11,bfs,rota sem recarga possivel
30,13,2-8,curto,11,dijkstra,rota sem recarga possivel
30,13,2-8,medio,19,dfs,rota sem recarga possivel
30,13,2-8,medio,19,bfs,rota sem recarga possivel
30,13,2-8,medio,19,dijkstra,rota sem recarga possivel
30,13,3-5,curto,7,dfs,rota sem recarga possivel
30,13,3-5,curto,7,bfs,rota sem recarga possivel
30,13,3-5,curto,7,dijkstra,rota sem recarga possivel
30,13,3-5,medio,11,dfs,rota sem recarga possivel
30,13,3-5,medio,11,bfs,rota sem recarga possivel
30,13,3-5,medio,11,dijkstra,rota sem recarga possivel
30,13,3-5,longo,16,dfs,rota sem recarga possivel
30,13,3-5,longo,16,bfs,rota sem recarga possivel
30,13,3-5,longo,16,dijkstra,rota sem recarga possivel
30,13,3-3,curto,8,dfs,rota sem recarga possivel
30,13,3-3,curto,8,bfs,rota sem recarga possivel
30,13,3-3,curto,8,dijkstra,rota sem recarga possivel
30,13,3-3,medio,14,dfs,rota sem recarga possivel
30,13,3-3,medio,14,bfs,rota sem recarga possivel
30,13,3-3,medio,14,dijkstra,rota sem recarga possivel
30,13,3-3,longo,21,bfs,rota sem recarga possivel
30,13,3-3,longo,21,dijkstra,rota sem recarga possivel
30,13,4-8,curto,13,dfs,rota sem recarga possivel
30,13,4-8,curto,13,bfs,rota sem recarga possivel
30,13,4-8,curto,13,dijkstra,rota sem recarga possivel
30,13,4-8,medio,22,dfs,rota sem recarga possivel
30,13,4-8,longo,33,dfs,rota sem recarga possivel
30,14,3-0,curto,4,dfs,rota sem recarga possivel
30,14,3-0,curto,4,bfs,rota sem recarga possivel
30,14,3-0,curto,4,dijkstra,rota sem recarga possivel
30,14,3-0,medio,6,dfs,rota sem recarga possivel
30,14,3-0,medio,6,bfs,rota sem recarga possivel
30,14,3-0,medio,6,dijkstra,rota sem recarga possivel
30,14,3-0,longo,10,dfs,rota sem recarga possivel
30,14,3-0,longo,10,bfs,rota sem recarga possivel
30,14,3-0,longo,10,dijkstra,rota sem recarga possivel
30,14,2-0,curto,1,dfs,rota sem recarga possivel
30,14,2-0,curto,1,bfs,rota sem recarga possivel
30,14,2-0,curto,1,dijkstra,rota sem recarga possivel
30,14,2-0,medio,2,dfs,rota sem recarga possivel
30,14,2-0,medio,2,bfs,rota sem recarga possivel
30,14,2-0,medio,2,dijkstra,rota sem recarga possivel
30,14,2-0,longo,3,dfs,rota sem recarga possivel
30,14,2-0,longo,3,bfs,rota sem recarga possivel
30,14,2-0,longo,3,dijkstra,rota sem recarga possivel
30,14,4-0,curto,5,dfs,rota sem recarga possivel
30,14,4-0,curto,5,bfs,rota sem recarga possivel
30,14,4-0,curto,5,dijkstra,rota sem recarga possivel
30,14,4-0,medio,8,dfs,rota sem recarga possivel
30,14,4-0,medio,8,bfs,rota sem recarga possivel
30,14,4-0,medio,8,dijkstra,rota sem recarga possivel
30,14,4-0,longo,12,dfs,rota sem recarga possivel
30,14,4-0,longo,12,bfs,rota sem recarga possivel
30,14,4-0,longo,12,dijkstra,rota sem recarga possivel
30,14,1-4,curto,2,dfs,rota sem recarga possivel
30,14,1-4,curto,2,bfs,rota sem recarga possivel
30,14,1-4,curto,2,dijkstra,rota sem recarga possivel
30,14,1-4,medio,4,dfs,rota sem recarga possivel
30,14,1-4,medio,4,bfs,rota sem recarga possivel
30,14,1-4,medio,4,dijkstra,rota sem recarga possivel
30,14,1-4,longo,5,dfs,rota sem recarga possivel
30,14,1-4,longo,5,bfs,rota sem recarga possivel
30,14,1-4,longo,5,dijkstra,rota sem recarga possivel
30,14,3-1,curto,2,dfs,rota sem recarga possivel
30,14,3-1,curto,2,bfs,rota sem recarga possivel
30,14,3-1,curto,2,dijkstra,rota sem recarga possivel
30,14,3-1,medio,3,dfs,rota sem recarga possivel
30,14,3-1,medio,3,bfs,rota sem recarga possivel
30,14,3-1,medio,3,dijkstra,rota sem recarga possivel
30,14,3-1,longo,4,dfs,rota sem recarga possivel
30,14,3-1,longo,4,bfs,rota sem recarga possivel
30,14,3-1,longo,4,dijkstra,rota sem recarga possivel
30,14,1-3,curto,2,dfs,rota sem recarga possivel
30,14,1-3,curto,2,bfs,rota sem recarga possivel
30,14,1-3,curto,2,dijkstra,rota sem recarga possivel
30,14,1-3,medio,3,dfs,rota sem recarga possivel
30,14,1-3,medio,3,bfs,rota sem recarga possivel
30,14,1-3,medio,3,dijkstra,rota sem recarga possivel
30,14,1-3,longo,4,dfs,rota sem recarga possivel
30,14,1-3,longo,4,bfs,rota sem recarga possivel
30,14,1-3,longo,4,dijkstra,rota sem recarga possivel
30,14,2-1,curto,2,dfs,rota sem recarga possivel
30,14,2-1,curto,2,bfs,rota sem recarga possivel
30,14,2-1,curto,2,dijkstra,rota sem recarga possivel
30,14,2-1,medio,2,dfs,rota sem recarga possivel
30,14,2-1,medio,2,bfs,rota sem recarga possivel
30,14,2-1,medio,2,dijkstra,rota sem recarga possivel
30,14,2-1,longo,4,dfs,rota sem recarga possivel
30,14,2-1,longo,4,bfs,rota sem recarga possivel
30,14,2-1,longo,4,dijkstra,rota sem recarga possivel
30,14,1-0,curto,1,dfs,rota sem recarga possivel
30,14,1-0,curto,1,bfs,rota sem recarga possivel
30,14,1-0,curto,1,dijkstra,rota sem recarga possivel
30,14,1-0,medio,2,dfs,rota sem recarga possivel
30,14,1-0,medio,2,bfs,rota sem recarga possivel
30,14,1-0,medio,2,dijkstra,rota sem recarga possivel
30,14,1-0,longo,2,dfs,rota sem recarga possivel
30,14,1-0,longo,2,bfs,rota sem recarga possivel
30,14,1-0,longo,2,dijkstra,rota sem recarga possivel
30,14,0-2,curto,1,dfs,rota sem recarga possivel
30,14,0-2,curto,1,bfs,rota sem recarga possivel
30,14,0-2,curto,1,dijkstra,rota sem recarga possivel
30,14,0-2,medio,2,dfs,rota sem recarga possivel
30,14,0-2,medio,2,bfs,rota sem recarga possivel
30,14,0-2,medio,2,dijkstra,rota sem recarga possivel
30,14,0-2,longo,3,dfs,rota sem recarga possivel
30,14,0-2,longo,3,bfs,rota sem recarga possivel
30,14,0-2,longo,3,dijkstra,rota sem recarga possivel
30,16,29-20,curto,62,dfs,rota sem recarga possivel
30,16,29-20,curto,62,dijkstra,rota sem recarga possivel
30,16,29-20,medio,102,dfs,rota sem recarga possivel
30,16,0-9,curto,12,dfs,rota sem recarga possivel
30,16,0-9,curto,12,bfs,rota sem recarga possivel
30,16,0-9,curto,12,dijkstra,rota sem recarga possivel
30,16,0-9,medio,20,dfs,rota sem recarga possivel
30,16,0-9,medio,20,bfs,rota sem recarga possivel
30,16,0-9,medio,20,dijkstra,rota sem recarga possivel
30,16,4-14,curto,31,dfs,rota sem recarga possivel
30,16,4-14,curto,31,bfs,rota sem recarga possivel
30,16,4-14,curto,31,dijkstra,rota sem recarga possivel
30,16,4-14,medio,52,dfs,rota sem recarga possivel
30,16,4-14,medio,52,bfs,rota sem recarga possivel
30,16,15-23,curto,40,dfs,rota sem recarga possivel
30,16,15-23,curto,40,bfs,rota sem recarga possivel
30,16,15-23,medio,66,dfs,rota sem recarga possivel
30,16,15-23,medio,66,bfs,rota sem recarga possivel
30,16,26-1,curto,38,dfs,rota sem recarga possivel
30,16,26-1,curto,38,bfs,rota sem recarga possivel
30,16,26-1,curto,38,dijkstra,rota sem recarga possivel
30,16,26-1,medio,64,dfs,rota sem recarga possivel
30,16,26-1,longo,95,dfs,rota sem recarga possivel
30,16,7-9,curto,16,dfs,rota sem recarga possivel
30,16,7-9,curto,16,bfs,rota sem recarga possivel
30,16,7-9,curto,16,dijkstra,rota sem recarga possivel
30,16,7-9,medio,26,dfs,rota sem recarga possivel
30,16,7-9,medio,26,bfs,rota sem recarga possivel
30,16,7-9,longo,39,dfs,rota sem recarga possivel
30,16,7-9,longo,39,bfs,rota sem recarga possivel
30,16,11-4,curto,20,dfs,rota sem recarga possivel
30,16,11-4,curto,20,bfs,rota sem recarga possivel
30,16,11-4,curto,20,dijkstra,rota sem recarga possivel
30,16,11-4,medio,32,dfs,rota sem recarga possivel
30,16,11-4,medio,32,bfs,rota sem recarga possivel
30,16,11-4,medio,32,dijkstra,rota sem recarga possivel
30,16,11-4,longo,49,dfs,rota sem recarga possivel
30,16,11-4,longo,49,bfs,rota sem recarga possivel
30,16,11-4,longo,49,dijkstra,rota sem recarga possivel
30,16,28-6,curto,43,dfs,rota sem recarga possivel
30,16,28-6,curto,43,bfs,rota sem recarga possivel
30,16,28-6,curto,43,dijkstra,rota sem recarga possivel
30,16,28-6,medio,71,dfs,rota sem recarga possivel
30,16,28-6,longo,106,dfs,rota sem recarga possivel
30,16,2-19,curto,51,dfs,rota sem recarga possivel
30,16,2-19,curto,51,bfs,rota sem recarga possivel
30,16,2-19,medio,86,dfs,rota sem recarga possivel
30,16,2-19,medio,86,bfs,rota sem recarga possivel
30,16,2-19,longo,128,dfs,rota sem recarga possivel
30,16,26-14,curto,52,dfs,rota sem recarga possivel
30,16,26-14,curto,52,bfs,rota sem recarga possivel
30,16,26-14,curto,52,dijkstra,rota sem recarga possivel
30,16,26-14,medio,86,dfs,rota sem recarga possivel
30,17,,,,,origem sem componente alcancavel sem surf
30,18,21-18,curto,42,dfs,rota sem recarga possivel
30,18,21-18,curto,42,bfs,rota sem recarga possivel
30,18,21-18,curto,42,dijkstra,rota sem recarga possivel
30,18,21-18,medio,70,bfs,rota sem recarga possivel
30,18,21-18,longo,106,bfs,rota sem recarga possivel
30,18,24-0,curto,35,dfs,rota sem recarga possivel
30,18,24-0,curto,35,bfs,rota sem recarga possivel
30,18,24-0,curto,35,dijkstra,rota sem recarga possivel
30,18,24-0,medio,59,dfs,rota sem recarga possivel
30,18,24-0,medio,59,bfs,rota sem recarga possivel
30,18,24-0,medio,59,dijkstra,rota sem recarga possivel
30,18,24-0,longo,88,dfs,rota sem recarga possivel
30,18,24-0,longo,88,bfs,rota sem recarga possivel
30,18,19-6,curto,29,dfs,rota sem recarga possivel
30,18,19-6,curto,29,bfs,rota sem recarga possivel
30,18,19-6,curto,29,dijkstra,rota sem recarga possivel
30,18,19-6,medio,48,dfs,rota sem recarga possivel
30,18,19-6,medio,48,bfs,rota sem recarga possivel
30,18,19-6,medio,48,dijkstra,rota sem recarga possivel
30,18,19-6,longo,73,dfs,rota sem recarga possivel
30,18,22-11,curto,42,dfs,rota sem recarga possivel
30,18,22-11,curto,42,bfs,rota sem recarga possivel
30,18,22-11,curto,42,dijkstra,rota sem recarga possivel
30,18,22-11,medio,70,dfs,rota sem recarga possivel
30,18,22-11,medio,70,bfs,rota sem recarga possivel
30,18,22-11,longo,106,dfs,rota sem recarga possivel
30,18,16-6,curto,26,dfs,rota sem recarga possivel
30,18,16-6,curto,26,bfs,rota sem recarga possivel
30,18,16-6,curto,26,dijkstra,rota sem recarga possivel
30,18,16-6,medio,44,dfs,rota sem recarga possivel
30,18,16-6,medio,44,bfs,rota sem recarga possivel
30,18,16-6,longo,66,dfs,rota sem recarga possivel
30,18,22-9,curto,42,dfs,rota sem recarga possivel
30,18,22-9,curto,42,bfs,rota sem recarga possivel
30,18,22-9,curto,42,dijkstra,rota sem recarga possivel
30,18,22-9,medio,70,dfs,rota sem recarga possivel
30,18,22-9,medio,70,bfs,rota sem recarga possivel
30,18,22-9,medio,70,dijkstra,rota sem recarga possivel
30,18,22-9,longo,106,dfs,rota sem recarga possivel
30,18,20-13,curto,38,dfs,rota sem recarga possivel
30,18,20-13,curto,38,bfs,rota sem recarga possivel
30,18,20-13,curto,38,dijkstra,rota sem recarga possivel
30,18,20-13,medio,62,dfs,rota sem recarga possivel
30,18,20-13,medio,62,bfs,rota sem recarga possivel
30,18,20-13,longo,94,dfs,rota sem recarga possivel
30,18,21-10,curto,39,dfs,rota sem recarga possivel
30,18,21-10,curto,39,bfs,rota sem recarga possivel
30,18,21-10,curto,39,dijkstra,rota sem recarga possivel
30,18,21-10,medio,64,dfs,rota sem recarga possivel
30,18,21-10,medio,64,bfs,rota sem recarga possivel
30,18,21-10,medio,64,dijkstra,rota sem recarga possivel
30,18,21-10,longo,97,dfs,rota sem recarga possivel
30,18,9-4,curto,10,dfs,rota sem recarga possivel
30,18,9-4,curto,10,bfs,rota sem recarga possivel
30,18,9-4,curto,10,dijkstra,rota sem recarga possivel
30,18,9-4,medio,18,dfs,rota sem recarga possivel
30,18,9-4,medio,18,bfs,rota sem recarga possivel
30,18,9-4,medio,18,dijkstra,rota sem recarga possivel
30,18,9-4,longo,26,dfs,rota sem recarga possivel
30,18,9-4,longo,26,bfs,rota sem recarga possivel
30,18,9-4,longo,26,dijkstra,rota sem recarga possivel
30,18,2-11,curto,16,dfs,rota sem recarga possivel
30,18,2-11,curto,16,bfs,rota sem recarga possivel
30,18,2-11,curto,16,dijkstra,rota sem recarga possivel
30,18,2-11,medio,28,dfs,rota sem recarga possivel
30,18,2-11,medio,28,bfs,rota sem recarga possivel
30,18,2-11,medio,28,dijkstra,rota sem recarga possivel
30,18,2-11,longo,41,dfs,rota sem recarga possivel
30,18,2-11,longo,41,bfs,rota sem recarga possivel
30,19,29-15,curto,49,dfs,rota sem recarga possivel
30,19,29-15,curto,49,bfs,rota sem recarga possivel
30,19,29-15,curto,49,dijkstra,rota sem recarga possivel
30,19,29-15,medio,82,dfs,rota sem recarga possivel
30,19,29-15,medio,82,bfs,rota sem recarga possivel
30,19,29-15,medio,82,dijkstra,rota sem recarga possivel
30,19,29-15,longo,123,dfs,rota sem recarga possivel
30,19,1-20,curto,90,dfs,rota sem recarga possivel
30,19,1-20,curto,90,bfs,rota sem recarga possivel
30,19,1-20,medio,150,dfs,rota sem recarga possivel
30,19,1-20,medio,150,bfs,rota sem recarga possivel
30,19,5-3,curto,9,dfs,rota sem recarga possivel
30,19,5-3,curto,9,bfs,rota sem recarga possivel
30,19,5-3,curto,9,dijkstra,rota sem recarga possivel
30,19,5-3,medio,15,dfs,rota sem recarga possivel
30,19,5-3,medio,15,bfs,rota sem recarga possivel
30,19,5-3,medio,15,dijkstra,rota sem recarga possivel
30,19,5-3,longo,22,dfs,rota sem recarga possivel
30,19,23-3,curto,40,dfs,rota sem recarga possivel
30,19,23-3,curto,40,bfs,rota sem recarga possivel
30,19,23-3,curto,40,dijkstra,rota sem recarga possivel
30,19,23-3,medio,66,dfs,rota sem recarga possivel
30,19,23-3,medio,66,bfs,rota sem recarga possivel
30,19,23-3,medio,66,dijkstra,rota sem recarga possivel
30,19,23-3,longo,99,dfs,rota sem recarga possivel
30,19,26-22,curto,79,dfs,rota sem recarga possivel
30,19,26-22,curto,79,bfs,rota sem recarga possivel
30,19,26-22,curto,79,dijkstra,rota sem recarga possivel
30,19,26-22,medio,132,dfs,rota sem recarga possivel
30,19,26-22,medio,132,bfs,rota sem recarga possivel
30,19,25-29,curto,71,dfs,rota sem recarga possivel
30,19,25-29,curto,71,bfs,rota sem recarga possivel
30,19,25-29,curto,71,dijkstra,rota sem recarga possivel
30,19,25-29,medio,118,dfs,rota sem recarga possivel
30,19,25-29,medio,118,bfs,rota sem recarga possivel
30,19,25-29,longo,177,bfs,rota sem recarga possivel
30,19,10-29,curto,76,dfs,rota sem recarga possivel
30,19,10-29,curto,76,bfs,rota sem recarga possivel
30,19,10-29,curto,76,dijkstra,rota sem recarga possivel
30,19,10-29,medio,128,dfs,rota sem recarga possivel
30,19,10-29,medio,128,bfs,rota sem recarga possivel
30,19,12-21,curto,78,dfs,rota sem recarga possivel
30,19,12-21,curto,78,bfs,rota sem recarga possivel
30,19,12-21,curto,78,dijkstra,rota sem recarga possivel
30,19,12-21,medio,130,dfs,rota sem recarga possivel
30,19,12-21,medio,130,bfs,rota sem recarga possivel
30,19,11-8,curto,26,dfs,rota sem recarga possivel
30,19,11-8,curto,26,bfs,rota sem recarga possivel
30,19,11-8,curto,26,dijkstra,rota sem recarga possivel
30,19,11-8,medio,42,dfs,rota sem recarga possivel
30,19,9-23,curto,83,dfs,rota sem recarga possivel
30,19,9-23,curto,83,bfs,rota sem recarga possivel
30,19,9-23,medio,139,dfs,rota sem recarga possivel
30,19,9-23,medio,139,bfs,rota sem recarga possivel
30,20,1-14,curto,24,dfs,rota sem recarga possivel
30,20,1-14,curto,24,bfs,rota sem recarga possivel
30,20,1-14,curto,24,dijkstra,rota sem recarga possivel
30,20,1-14,medio,40,dfs,rota sem recarga possivel
30,20,1-14,medio,40,bfs,rota sem recarga possivel
30,20,1-14,medio,40,dijkstra,rota sem recarga possivel
30,20,1-14,longo,61,dfs,rota sem recarga possivel
30,20,1-14,longo,61,bfs,rota sem recarga possivel
30,20,27-24,curto,51,dfs,rota sem recarga possivel
30,20,27-24,curto,51,bfs,rota sem recarga possivel
30,20,27-24,medio,86,dfs,rota sem recarga possivel
30,20,27-24,medio,86,bfs,rota sem recarga possivel
30,20,27-24,longo,128,dfs,rota sem recarga possivel
30,20,11-2,curto,21,dfs,rota sem recarga possivel
30,20,11-2,curto,21,bfs,rota sem recarga possivel
30,20,11-2,curto,21,dijkstra,rota sem recarga possivel
30,20,11-2,medio,34,dfs,rota sem recarga possivel
30,20,11-2,medio,34,bfs,rota sem recarga possivel
30,20,11-2,longo,52,dfs,rota sem recarga possivel
30,20,3-7,curto,13,dfs,rota sem recarga possivel
30,20,3-7,curto,13,bfs,rota sem recarga possivel
30,20,3-7,curto,13,dijkstra,rota sem recarga possivel
30,20,3-7,medio,21,dfs,rota sem recarga possivel
30,20,3-7,medio,21,bfs,rota sem recarga possivel
30,20,3-7,medio,21,dijkstra,rota sem recarga possivel
30,20,3-7,longo,32,dfs,rota sem recarga possivel
30,20,3-7,longo,32,bfs,rota sem recarga possivel
30,20,11-8,curto,21,dfs,rota sem recarga possivel
30,20,11-8,curto,21,bfs,rota sem recarga possivel
30,20,11-8,curto,21,dijkstra,rota sem recarga possivel
30,20,11-8,medio,36,dfs,rota sem recarga possivel
30,20,11-8,longo,53,dfs,rota sem recarga possivel
30,20,3-14,curto,23,dfs,rota sem recarga possivel
30,20,3-14,curto,23,bfs,rota sem recarga possivel
30,20,3-14,curto,23,dijkstra,rota sem recarga possivel
30,20,3-14,medio,38,dfs,rota sem recarga possivel
30,20,3-14,medio,38,bfs,rota sem recarga possivel
30,20,3-14,medio,38,dijkstra,rota sem recarga possivel
30,20,3-14,longo,58,dfs,rota sem recarga possivel
30,20,3-14,longo,58,bfs,rota sem recarga possivel
30,20,19-28,curto,59,dfs,rota sem recarga possivel
30,20,19-28,curto,59,bfs,rota sem recarga possivel
30,20,19-28,curto,59,dijkstra,rota sem recarga possivel
30,20,19-28,medio,98,dfs,rota sem recarga possivel
30,20,19-28,medio,98,bfs,rota sem recarga possivel
30,20,5-25,curto,38,dfs,rota sem recarga possivel
30,20,5-25,curto,38,bfs,rota sem recarga possivel
30,20,5-25,curto,38,dijkstra,rota sem recarga possivel
30,20,5-25,medio,63,dfs,rota sem recarga possivel
30,20,5-25,medio,63,bfs,rota sem recarga possivel
30,20,5-25,medio,63,dijkstra,rota sem recarga possivel
30,20,5-25,longo,94,dfs,rota sem recarga possivel
30,20,5-25,longo,94,bfs,rota sem recarga possivel
30,20,17-12,curto,48,dfs,rota sem recarga possivel
30,20,17-12,curto,48,bfs,rota sem recarga possivel
30,20,17-12,curto,48,dijkstra,rota sem recarga possivel
30,20,17-12,medio,80,dfs,rota sem recarga possivel
30,20,17-12,medio,80,bfs,rota sem recarga possivel
30,20,17-12,longo,119,dfs,rota sem recarga possivel
30,20,17-18,curto,36,dfs,rota sem recarga possivel
30,20,17-18,curto,36,bfs,rota sem recarga possivel
30,20,17-18,curto,36,dijkstra,rota sem recarga possivel
30,20,17-18,medio,60,dfs,rota sem recarga possivel
30,20,17-18,medio,60,bfs,rota sem recarga possivel
30,20,17-18,longo,89,dfs,rota sem recarga possivel
30,20,17-18,longo,89,bfs,rota sem recarga possivel
30,21,,,,,origem sem componente alcancavel sem surf
30,22,1-1,curto,1,dfs,rota sem recarga possivel
30,22,1-1,curto,1,bfs,rota sem recarga possivel
30,22,1-1,curto,1,dijkstra,rota sem recarga possivel
30,22,1-1,medio,1,dfs,rota sem recarga possivel
30,22,1-1,medio,1,bfs,rota sem recarga possivel
30,22,1-1,medio,1,dijkstra,rota sem recarga possivel
30,22,2-4,curto,3,dfs,rota sem recarga possivel
30,22,2-4,curto,3,bfs,rota sem recarga possivel
30,22,2-4,curto,3,dijkstra,rota sem recarga possivel
30,22,2-4,medio,5,dfs,rota sem recarga possivel
30,22,2-4,medio,5,bfs,rota sem recarga possivel
30,22,2-4,medio,5,dijkstra,rota sem recarga possivel
30,22,2-4,longo,8,dfs,rota sem recarga possivel
30,22,2-4,longo,8,bfs,rota sem recarga possivel
30,22,1-3,curto,5,dfs,rota sem recarga possivel
30,22,1-3,curto,5,bfs,rota sem recarga possivel
30,22,1-3,curto,5,dijkstra,rota sem recarga possivel
30,22,1-3,medio,8,dfs,rota sem recarga possivel
30,22,1-3,medio,8,bfs,rota sem recarga possivel
30,22,1-3,medio,8,dijkstra,rota sem recarga possivel
30,22,1-3,longo,12,dfs,rota sem recarga possivel
30,22,1-3,longo,12,bfs,rota sem recarga possivel
30,22,1-3,longo,12,dijkstra,rota sem recarga possivel
30,22,2-2,curto,2,dfs,rota sem recarga possivel
30,22,2-2,curto,2,bfs,rota sem recarga possivel
30,22,2-2,curto,2,dijkstra,rota sem recarga possivel
30,22,2-2,medio,3,dfs,rota sem recarga possivel
30,22,2-2,medio,3,bfs,rota sem recarga possivel
30,22,2-2,medio,3,dijkstra,rota sem recarga possivel
30,22,2-2,longo,4,dfs,rota sem recarga possivel
30,22,2-2,longo,4,bfs,rota sem recarga possivel
30,22,3-1,curto,2,dfs,rota sem recarga possivel
30,22,3-1,curto,2,bfs,rota sem recarga possivel
30,22,3-1,curto,2,dijkstra,rota sem recarga possivel
30,22,3-1,medio,3,dfs,rota sem recarga possivel
30,22,3-1,medio,3,bfs,rota sem recarga possivel
30,22,3-1,medio,3,dijkstra,rota sem recarga possivel
30,22,3-1,longo,4,dfs,rota sem recarga possivel
30,22,2-1,curto,1,dfs,rota sem recarga possivel
30,22,2-1,curto,1,bfs,rota sem recarga possivel
30,22,2-1,curto,1,dijkstra,rota sem recarga possivel
30,22,2-1,medio,2,dfs,rota sem recarga possivel
30,22,2-1,longo,2,dfs,rota sem recarga possivel
30,22,0-2,curto,4,dfs,rota sem recarga possivel
30,22,0-2,curto,4,bfs,rota sem recarga possivel
30,22,0-2,curto,4,dijkstra,rota sem recarga possivel
30,22,0-2,medio,6,dfs,rota sem recarga possivel
30,22,0-2,medio,6,bfs,rota sem recarga possivel
30,22,0-2,medio,6,dijkstra,rota sem recarga possivel
30,22,0-2,longo,9,dfs,rota sem recarga possivel
30,22,0-2,longo,9,bfs,rota sem recarga possivel
30,22,0-2,longo,9,dijkstra,rota sem recarga possivel
30,22,2-3,curto,3,dfs,rota sem recarga possivel
30,22,2-3,curto,3,bfs,rota sem recarga possivel
30,22,2-3,curto,3,dijkstra,rota sem recarga possivel
30,22,2-3,medio,4,dfs,rota sem recarga possivel
30,22,2-3,medio,4,bfs,rota sem recarga possivel
30,22,2-3,medio,4,dijkstra,rota sem recarga possivel
30,22,2-3,longo,7,dfs,rota sem recarga possivel
30,22,2-3,longo,7,bfs,rota sem recarga possivel
30,22,1-2,curto,1,dfs,rota sem recarga possivel
30,22,1-2,curto,1,bfs,rota sem recarga possivel
30,22,1-2,curto,1,dijkstra,rota sem recarga possivel
30,22,1-2,medio,2,dfs,rota sem recarga possivel
30,22,1-2,medio,2,bfs,rota sem recarga possivel
30,22,1-2,longo,2,dfs,rota sem recarga possivel
30,22,1-2,longo,2,bfs,rota sem recarga possivel
30,22,0-3,curto,4,dfs,rota sem recarga possivel
30,22,0-3,curto,4,bfs,rota sem recarga possivel
30,22,0-3,curto,4,dijkstra,rota sem recarga possivel
30,22,0-3,medio,6,dfs,rota sem recarga possivel
30,22,0-3,medio,6,bfs,rota sem recarga possivel
30,22,0-3,medio,6,dijkstra,rota sem recarga possivel
30,22,0-3,longo,10,dfs,rota sem recarga possivel
30,22,0-3,longo,10,bfs,rota sem recarga possivel
30,22,0-3,longo,10,dijkstra,rota sem recarga possivel
30,23,,,,,origem sem componente alcancavel sem surf
30,24,8-5,curto,18,dfs,rota sem recarga possivel
30,24,8-5,curto,18,bfs,rota sem recarga possivel
30,24,8-5,curto,18,dijkstra,rota sem recarga possivel
30,24,8-5,medio,30,dfs,rota sem recarga possivel
30,24,8-5,longo,44,dfs,rota sem recarga possivel
30,24,10-1,curto,12,dfs,rota sem recarga possivel
30,24,10-1,curto,12,bfs,rota sem recarga possivel
30,24,10-1,curto,12,dijkstra,rota sem recarga possivel
30,24,10-1,medio,20,dfs,rota sem recarga possivel
30,24,10-1,medio,20,bfs,rota sem recarga possivel
30,24,10-1,longo,29,dfs,rota sem recarga possivel
30,24,6-9,curto,17,dfs,rota sem recarga possivel
30,24,6-9,curto,17,bfs,rota sem recarga possivel
30,24,6-9,curto,17,dijkstra,rota sem recarga possivel
30,24,6-9,medio,28,dfs,rota sem recarga possivel
30,24,6-9,medio,28,bfs,rota sem recarga possivel
30,24,6-9,longo,43,dfs,rota sem recarga possivel
30,24,6-9,longo,43,bfs,rota sem recarga possivel
30,24,3-0,curto,10,dfs,rota sem recarga possivel
30,24,3-0,curto,10,bfs,rota sem recarga possivel
30,24,3-0,curto,10,dijkstra,rota sem recarga possivel
30,24,3-0,medio,16,dfs,rota sem recarga possivel
30,24,3-0,medio,16,bfs,rota sem recarga possivel
30,24,3-0,longo,25,dfs,rota sem recarga possivel
30,24,3-0,longo,25,bfs,rota sem recarga possivel
30,24,15-4,curto,23,dfs,rota sem recarga possivel
30,24,15-4,curto,23,bfs,rota sem recarga possivel
30,24,15-4,curto,23,dijkstra,rota sem recarga possivel
30,24,15-4,medio,38,dfs,rota sem recarga possivel
30,24,15-4,medio,38,bfs,rota sem recarga possivel
30,24,15-4,medio,38,dijkstra,rota sem recarga possivel
30,24,15-4,longo,58,dfs,rota sem recarga possivel
30,24,15-4,longo,58,bfs,rota sem recarga possivel
30,24,3-2,curto,14,dfs,rota sem recarga possivel
30,24,3-2,curto,14,bfs,rota sem recarga possivel
30,24,3-2,curto,14,dijkstra,rota sem recarga possivel
30,24,3-2,medio,22,dfs,rota sem recarga possivel
30,24,3-2,medio,22,bfs,rota sem recarga possivel
30,24,3-2,medio,22,dijkstra,rota sem recarga possivel
30,24,3-2,longo,34,dfs,rota sem recarga possivel
30,24,3-2,longo,34,bfs,rota sem recarga possivel
30,24,9-12,curto,25,dfs,rota sem recarga possivel
30,24,9-12,curto,25,bfs,rota sem recarga possivel
30,24,9-12,curto,25,dijkstra,rota sem recarga possivel
30,24,9-12,medio,42,dfs,rota sem recarga possivel
30,24,9-12,medio,42,bfs,rota sem recarga possivel
30,24,9-12,longo,62,dfs,rota sem recarga possivel
30,24,9-12,longo,62,bfs,rota sem recarga possivel
30,24,0-7,curto,28,dfs,rota sem recarga possivel
30,24,0-7,curto,28,bfs,rota sem recarga possivel
30,24,0-7,curto,28,dijkstra,rota sem recarga possivel
30,24,12-4,curto,18,dfs,rota sem recarga possivel
30,24,12-4,curto,18,bfs,rota sem recarga possivel
30,24,12-4,curto,18,dijkstra,rota sem recarga possivel
30,24,12-4,medio,30,dfs,rota sem recarga possivel
30,24,12-4,medio,30,bfs,rota sem recarga possivel
30,24,12-4,medio,30,dijkstra,rota sem recarga possivel
30,24,12-4,longo,45,dfs,rota sem recarga possivel
30,24,12-4,longo,45,bfs,rota sem recarga possivel
30,24,5-4,curto,6,dfs,rota sem recarga possivel
30,24,5-4,curto,6,bfs,rota sem recarga possivel
30,24,5-4,curto,6,dijkstra,rota sem recarga possivel
30,24,5-4,medio,10,dfs,rota sem recarga possivel
30,24,5-4,medio,10,bfs,rota sem recarga possivel
30,24,5-4,longo,14,dfs,rota sem recarga possivel
30,24,5-4,longo,14,bfs,rota sem recarga possivel
30,25,0-1,curto,1,dfs,rota sem recarga possivel
30,25,0-1,curto,1,bfs,rota sem recarga possivel
30,25,0-1,curto,1,dijkstra,rota sem recarga possivel
30,25,0-1,medio,2,dfs,rota sem recarga possivel
30,25,0-1,medio,2,bfs,rota sem recarga possivel
30,25,0-1,medio,2,dijkstra,rota sem recarga possivel
30,25,0-1,longo,2,dfs,rota sem recarga possivel
30,25,0-1,longo,2,bfs,rota sem recarga possivel
30,25,0-1,longo,2,dijkstra,rota sem recarga possivel
30,26,8-22,curto,37,dfs,rota sem recarga possivel
30,26,8-22,curto,37,bfs,rota sem recarga possivel
30,26,8-22,curto,37,dijkstra,rota sem recarga possivel
30,26,8-22,medio,61,dfs,rota sem recarga possivel
30,26,8-22,medio,61,bfs,rota sem recarga possivel
30,26,8-22,medio,61,dijkstra,rota sem recarga possivel
30,26,8-22,longo,92,dfs,rota sem recarga possivel
30,26,8-22,longo,92,bfs,rota sem recarga possivel
30,26,17-7,curto,27,dfs,rota sem recarga possivel
30,26,17-7,curto,27,bfs,rota sem recarga possivel
30,26,17-7,curto,27,dijkstra,rota sem recarga possivel
30,26,17-7,medio,45,dfs,rota sem recarga possivel
30,26,17-7,medio,45,bfs,rota sem recarga possivel
30,26,17-7,medio,45,dijkstra,rota sem recarga possivel
30,26,17-7,longo,68,dfs,rota sem recarga possivel
30,26,17-7,longo,68,bfs,rota sem recarga possivel
30,26,11-2,curto,16,dfs,rota sem recarga possivel
30,26,11-2,curto,16,bfs,rota sem recarga possivel
30,26,11-2,curto,16,dijkstra,rota sem recarga possivel
30,26,11-2,medio,28,dfs,rota sem recarga possivel
30,26,11-2,medio,28,bfs,rota sem recarga possivel
30,26,11-2,longo,41,dfs,rota sem recarga possivel
30,26,16-5,curto,30,dfs,rota sem recarga possivel
30,26,16-5,curto,30,bfs,rota sem recarga possivel
30,26,16-5,curto,30,dijkstra,rota sem recarga possivel
30,26,16-5,medio,50,dfs,rota sem recarga possivel
30,26,16-5,medio,50,bfs,rota sem recarga possivel
30,26,16-5,medio,50,dijkstra,rota sem recarga possivel
30,26,16-5,longo,76,dfs,rota sem recarga possivel
30,26,16-5,longo,76,bfs,rota sem recarga possivel
30,26,7-8,curto,20,dfs,rota sem recarga possivel
30,26,7-8,curto,20,bfs,rota sem recarga possivel
30,26,7-8,curto,20,dijkstra,rota sem recarga possivel
30,26,7-8,medio,32,dfs,rota sem recarga possivel
30,26,7-8,medio,32,bfs,rota sem recarga possivel
30,26,7-8,medio,32,dijkstra,rota sem recarga possivel
30,26,7-8,longo,49,dfs,rota sem recarga possivel
30,26,7-8,longo,49,bfs,rota sem recarga possivel
30,26,7-8,longo,49,dijkstra,rota sem recarga possivel
30,26,26-0,curto,46,dfs,rota sem recarga possivel
30,26,26-0,curto,46,bfs,rota sem recarga possivel
30,26,26-0,curto,46,dijkstra,rota sem recarga possivel
30,26,26-0,medio,76,dfs,rota sem recarga possivel
30,26,26-0,medio,76,bfs,rota sem recarga possivel
30,26,26-0,longo,114,dfs,rota sem recarga possivel
30,26,9-27,curto,39,dfs,rota sem recarga possivel
30,26,9-27,curto,39,bfs,rota sem recarga possivel
30,26,9-27,curto,39,dijkstra,rota sem recarga possivel
30,26,9-27,medio,65,dfs,rota sem recarga possivel
30,26,9-27,medio,65,bfs,rota sem recarga possivel
30,26,9-27,medio,65,dijkstra,rota sem recarga possivel
30,26,9-27,longo,98,dfs,rota sem recarga possivel
30,26,9-27,longo,98,bfs,rota sem recarga possivel
30,26,15-28,curto,48,dfs,rota sem recarga possivel
30,26,15-28,curto,48,bfs,rota sem recarga possivel
30,26,15-28,curto,48,dijkstra,rota sem recarga possivel
30,26,15-28,medio,80,dfs,rota sem recarga possivel
30,26,15-28,medio,80,bfs,rota sem recarga possivel
30,26,15-28,longo,119,dfs,rota sem recarga possivel
30,26,27-13,curto,52,dfs,rota sem recarga possivel
30,26,27-13,curto,52,bfs,rota sem recarga possivel
30,26,27-13,curto,52,dijkstra,rota sem recarga possivel
30,26,27-13,medio,86,dfs,rota sem recarga possivel
30,26,27-13,medio,86,bfs,rota sem recarga possivel
30,26,27-13,longo,129,dfs,rota sem recarga possivel
30,26,16-4,curto,31,dfs,rota sem recarga possivel
30,26,16-4,curto,31,bfs,rota sem recarga possivel
30,26,16-4,curto,31,dijkstra,rota sem recarga possivel
30,26,16-4,medio,52,dfs,rota sem recarga possivel
30,26,16-4,medio,52,bfs,rota sem recarga possivel
30,26,16-4,medio,52,dijkstra,rota sem recarga possivel
30,26,16-4,longo,78,dfs,rota sem recarga possivel
30,26,16-4,longo,78,bfs,rota sem recarga possivel
30,27,,,,,origem sem componente alcancavel sem surf
30,28,9-27,curto,38,dfs,rota sem recarga possivel
30,28,9-27,curto,38,bfs,rota sem recarga possivel
30,28,9-27,curto,38,dijkstra,rota sem recarga possivel
30,28,9-27,medio,64,dfs,rota sem recarga possivel
30,28,9-27,medio,64,bfs,rota sem recarga possivel
30,28,11-27,curto,38,dfs,rota sem recarga possivel
30,28,11-27,curto,38,bfs,rota sem recarga possivel
30,28,11-27,curto,38,dijkstra,rota sem recarga possivel
30,28,11-27,medio,63,dfs,rota sem recarga possivel
30,28,11-27,medio,63,bfs,rota sem recarga possivel
30,28,11-27,medio,63,dijkstra,rota sem recarga possivel
30,28,9-10,curto,18,dfs,rota sem recarga possivel
30,28,9-10,curto,18,bfs,rota sem recarga possivel
30,28,9-10,curto,18,dijkstra,rota sem recarga possivel
30,28,9-10,medio,30,dfs,rota sem recarga possivel
30,28,9-10,medio,30,bfs,rota sem recarga possivel
30,28,9-10,medio,30,dijkstra,rota sem recarga possivel
30,28,9-10,longo,46,dfs,rota sem recarga possivel
30,28,9-10,longo,46,bfs,rota sem recarga possivel
30,28,3-28,curto,45,dfs,rota sem recarga possivel
30,28,3-28,curto,45,bfs,rota sem recarga possivel
30,28,3-28,curto,45,dijkstra,rota sem recarga possivel
30,28,6-21,curto,33,dfs,rota sem recarga possivel
30,28,6-21,curto,33,bfs,rota sem recarga possivel
30,28,6-21,curto,33,dijkstra,rota sem recarga possivel
30,28,6-21,medio,54,dfs,rota sem recarga possivel
30,28,6-21,medio,54,bfs,rota sem recarga possivel
30,28,6-21,medio,54,dijkstra,rota sem recarga possivel
30,28,24-9,curto,51,dfs,rota sem recarga possivel
30,28,24-9,curto,51,bfs,rota sem recarga possivel
30,28,24-9,curto,51,dijkstra,rota sem recarga possivel
30,28,24-9,medio,86,dfs,rota sem recarga possivel
30,28,24-9,medio,86,bfs,rota sem recarga possivel
30,28,24-9,medio,86,dijkstra,rota sem recarga possivel
30,28,12-10,curto,20,dfs,rota sem recarga possivel
30,28,12-10,curto,20,bfs,rota sem recarga possivel
30,28,12-10,curto,20,dijkstra,rota sem recarga possivel
30,28,12-10,medio,33,dfs,rota sem recarga possivel
30,28,12-10,medio,33,bfs,rota sem recarga possivel
30,28,12-10,medio,33,dijkstra,rota sem recarga possivel
30,28,12-10,longo,50,dfs,rota sem recarga possivel
30,28,12-10,longo,50,bfs,rota sem recarga possivel
30,28,12-10,longo,50,dijkstra,rota sem recarga possivel
30,28,9-16,curto,33,dfs,rota sem recarga possivel
30,28,9-16,curto,33,bfs,rota sem recarga possivel
30,28,9-16,curto,33,dijkstra,rota sem recarga possivel
30,28,9-16,medio,56,dfs,rota sem recarga possivel
30,28,9-16,medio,56,bfs,rota sem recarga possivel
30,28,9-16,longo,83,dfs,rota sem recarga possivel
30,28,1-4,curto,6,dfs,rota sem recarga possivel
30,28,1-4,curto,6,bfs,rota sem recarga possivel
30,28,1-4,curto,6,dijkstra,rota sem recarga possivel
30,28,1-4,medio,10,dfs,rota sem recarga possivel
30,28,1-4,medio,10,bfs,rota sem recarga possivel
30,28,1-4,medio,10,dijkstra,rota sem recarga possivel
30,28,1-4,longo,14,dfs,rota sem recarga possivel
30,28,1-4,longo,14,bfs,rota sem recarga possivel
30,28,1-4,longo,14,dijkstra,rota sem recarga possivel
30,28,24-28,curto,64,dfs,rota sem recarga possivel
30,28,24-28,curto,64,bfs,rota sem recarga possivel
30,28,24-28,medio,107,bfs,rota sem recarga possivel
